date_start,date_stop,amount_spent,impressions,reach,frequency,cpm,clicks,ctr,website_ctr,actions:link_click,cost_per_link_click,outbound_clicks,landing_page_view,actions:omni_purchase,omni_purchase_values,purchase_roas,omni_add_to_cart,omni_initiated_checkout,omni_view_content,post_engagement,video_thruplay_watched_actions,3_second_video_plays,id,name
2023-07-01,2023-07-01,"R$0,00 BRL",0,0,0,,0,,,123,"R$0,00 BRL",118,39,,,,,,,,1608,4842,708536560751820,Gê Burger -> Digital Livre
2023-07-02,2023-07-02,"R$0,00 BRL",0,0,0,,0,,,201,"R$0,00 BRL",86,54,,,,,,,,1839,5492,708536560751820,Gê Burger -> Digital Livre
2023-07-03,2023-07-03,"R$28,02 BRL",17460,15983,1.092411,"R$1,60 BRL",102,"0,58%",0.063001,11,"R$2,55 BRL",4,2,,,,,,,,1809,5210,708536560751820,Gê Burger -> Digital Livre
2023-07-04,2023-07-04,"R$156,80 BRL",44365,37556,1.181303,"R$3,53 BRL",465,"1,05%",0.329088,146,"R$1,07 BRL",68,35,,,,,,,,1709,4817,708536560751820,Gê Burger -> Digital Livre
2023-07-05,2023-07-05,"R$117,79 BRL",36963,30116,1.227354,"R$3,19 BRL",289,"0,78%",0.192084,71,"R$1,66 BRL",53,37,,,,,,,,1622,4509,708536560751820,Gê Burger -> Digital Livre
2023-07-06,2023-07-06,"R$119,93 BRL",34418,28879,1.1918,"R$3,48 BRL",246,"0,71%",0.212098,73,"R$1,64 BRL",57,41,,,,,,,,1425,4320,708536560751820,Gê Burger -> Digital Livre
2023-07-07,2023-07-07,"R$115,87 BRL",33280,27259,1.220881,"R$3,48 BRL",250,"0,75%",0.243389,81,"R$1,43 BRL",55,45,,,,,,,,1386,4339,708536560751820,Gê Burger -> Digital Livre
2023-07-08,2023-07-08,"R$36,94 BRL",16342,15158,1.078111,"R$2,26 BRL",129,"0,79%",0.23253,38,"R$0,97 BRL",9,4,,,,,,,,1486,4583,708536560751820,Gê Burger -> Digital Livre
2023-07-09,2023-07-09,"R$39,69 BRL",19375,17781,1.089646,"R$2,05 BRL",148,"0,76%",0.154839,30,"R$1,32 BRL",4,6,,,,,,,,1726,5267,708536560751820,Gê Burger -> Digital Livre
2023-07-10,2023-07-10,"R$21,37 BRL",14307,13979,1.023464,"R$1,49 BRL",82,"0,57%",0.076885,11,"R$1,94 BRL",5,1,,,,,,,,1624,4931,708536560751820,Gê Burger -> Digital Livre
2023-07-11,2023-07-11,"R$36,49 BRL",16987,15874,1.070115,"R$2,15 BRL",153,"0,90%",0.188379,32,"R$1,14 BRL",3,3,,,,,,,,1597,4589,708536560751820,Gê Burger -> Digital Livre
2023-07-12,2023-07-12,"R$38,97 BRL",16572,15843,1.046014,"R$2,35 BRL",144,"0,87%",0.259474,43,"R$0,91 BRL",8,9,,,,,,,,1414,4324,708536560751820,Gê Burger -> Digital Livre
2023-07-13,2023-07-13,"R$20,54 BRL",12577,12114,1.03822,"R$1,63 BRL",62,"0,49%",0.063608,8,"R$2,57 BRL",1,2,,,,,,,,1441,4317,708536560751820,Gê Burger -> Digital Livre
2023-07-14,2023-07-14,"R$19,45 BRL",11628,11561,1.005795,"R$1,67 BRL",54,"0,46%",0.0344,4,"R$4,86 BRL",2,,,,,,,,,1415,4137,708536560751820,Gê Burger -> Digital Livre
2023-07-15,2023-07-15,"R$26,67 BRL",12115,11556,1.048373,"R$2,20 BRL",68,"0,56%",0.049525,6,"R$4,45 BRL",2,1,,,,,,,,1393,4295,708536560751820,Gê Burger -> Digital Livre
2023-07-16,2023-07-16,"R$21,22 BRL",14024,13370,1.048915,"R$1,51 BRL",78,"0,56%",0.042784,6,"R$3,54 BRL",2,,,,,,,,,1593,4810,708536560751820,Gê Burger -> Digital Livre
2023-07-17,2023-07-17,"R$20,22 BRL",13873,12883,1.076845,"R$1,46 BRL",58,"0,42%",0.021625,3,"R$6,74 BRL",2,,,,,,,,,1625,4777,708536560751820,Gê Burger -> Digital Livre
2023-07-18,2023-07-18,"R$22,53 BRL",10374,10374,1,"R$2,17 BRL",65,"0,63%",0.048197,5,"R$4,51 BRL",1,,,,,,,,,1212,3460,708536560751820,Gê Burger -> Digital Livre
2023-07-19,2023-07-19,"R$18,90 BRL",8245,8161,1.010293,"R$2,29 BRL",43,"0,52%",0.024257,2,"R$9,45 BRL",2,,,,,,,,,1026,2667,708536560751820,Gê Burger -> Digital Livre
2023-07-20,2023-07-20,"R$18,73 BRL",10968,10751,1.020184,"R$1,71 BRL",37,"0,34%",0.03647,4,"R$4,68 BRL",2,1,,,,,,,,1322,3839,708536560751820,Gê Burger -> Digital Livre
2023-07-21,2023-07-21,"R$18,96 BRL",10813,10530,1.026876,"R$1,75 BRL",49,"0,45%",0.027744,3,"R$6,32 BRL",1,,,,,,,,,1284,3846,708536560751820,Gê Burger -> Digital Livre
2023-07-22,2023-07-22,"R$19,62 BRL",11117,10772,1.032027,"R$1,76 BRL",59,"0,53%",0.053971,6,"R$3,27 BRL",1,,,,,,,,,1387,4093,708536560751820,Gê Burger -> Digital Livre
2023-07-23,2023-07-23,"R$20,99 BRL",13090,12680,1.032334,"R$1,60 BRL",67,"0,51%",0.030558,4,"R$5,25 BRL",2,,,,,,,,,1536,4750,708536560751820,Gê Burger -> Digital Livre
2023-07-24,2023-07-24,"R$20,30 BRL",12752,12451,1.024175,"R$1,59 BRL",76,"0,60%",0.047051,6,"R$3,38 BRL",3,,,,,,,,,1487,4381,708536560751820,Gê Burger -> Digital Livre
2023-07-25,2023-07-25,"R$19,84 BRL",11590,11238,1.031322,"R$1,71 BRL",75,"0,65%",0.025884,3,"R$6,61 BRL",,,,,,,,,,1438,4129,708536560751820,Gê Burger -> Digital Livre
2023-07-26,2023-07-26,"R$19,42 BRL",10006,9808,1.020188,"R$1,94 BRL",53,"0,53%",0.029982,3,"R$6,47 BRL",1,,,,,,,,,1313,3796,708536560751820,Gê Burger -> Digital Livre
2023-07-27,2023-07-27,"R$28,66 BRL",10125,9828,1.03022,"R$2,83 BRL",68,"0,67%",0.079012,8,"R$3,58 BRL",2,2,,,,,,,,1061,3265,708536560751820,Gê Burger -> Digital Livre
2023-07-28,2023-07-28,"R$53,39 BRL",11101,9456,1.173964,"R$4,81 BRL",84,"0,76%",0.162148,18,"R$2,97 BRL",6,,,,,,,,,718,2847,708536560751820,Gê Burger -> Digital Livre
2023-07-29,2023-07-29,"R$53,53 BRL",10778,9396,1.147084,"R$4,97 BRL",89,"0,83%",0.139172,15,"R$3,57 BRL",5,3,,,,,,,,721,2903,708536560751820,Gê Burger -> Digital Livre
2023-07-30,2023-07-30,"R$43,26 BRL",11622,10800,1.076111,"R$3,72 BRL",88,"0,76%",0.13767,16,"R$2,70 BRL",3,1,,,,,,,,779,3182,708536560751820,Gê Burger -> Digital Livre
2023-07-31,2023-07-31,"R$22,04 BRL",8861,8040,1.102114,"R$2,49 BRL",47,"0,53%",0.056427,5,"R$4,41 BRL",1,,,,,,,,,818,3088,708536560751820,Gê Burger -> Digital Livre
2023-08-01,2023-08-01,"R$41,07 BRL",13737,12996,1.057018,"R$2,99 BRL",90,"0,66%",0.131033,18,"R$2,28 BRL",2,,,,,,,,,827,3280,708536560751820,Gê Burger -> Digital Livre
2023-08-02,2023-08-02,"R$39,74 BRL",13389,12400,1.079758,"R$2,97 BRL",90,"0,67%",0.18672,25,"R$1,59 BRL",4,1,,,,,,,,842,3293,708536560751820,Gê Burger -> Digital Livre
2023-08-03,2023-08-03,"R$40,70 BRL",13244,11784,1.123897,"R$3,07 BRL",94,"0,71%",0.113259,15,"R$2,71 BRL",3,1,,,,,,,,835,3194,708536560751820,Gê Burger -> Digital Livre
2023-08-04,2023-08-04,"R$41,32 BRL",13448,12209,1.101483,"R$3,07 BRL",88,"0,65%",0.118977,16,"R$2,58 BRL",4,2,,,,,,,,764,2974,708536560751820,Gê Burger -> Digital Livre
2023-08-05,2023-08-05,"R$39,70 BRL",12835,12014,1.068337,"R$3,09 BRL",76,"0,59%",0.140242,18,"R$2,21 BRL",3,4,,,,,,,,776,2988,708536560751820,Gê Burger -> Digital Livre
2023-08-06,2023-08-06,"R$41,34 BRL",14510,13457,1.078249,"R$2,85 BRL",95,"0,65%",0.089593,13,"R$3,18 BRL",1,,,,,,,,,834,3370,708536560751820,Gê Burger -> Digital Livre
2023-08-07,2023-08-07,"R$21,50 BRL",11711,10677,1.096844,"R$1,84 BRL",63,"0,54%",0.008539,1,"R$21,50 BRL",,,,,,,,,,803,3299,708536560751820,Gê Burger -> Digital Livre
2023-08-08,2023-08-08,"R$39,94 BRL",14093,12695,1.110122,"R$2,83 BRL",95,"0,67%",0.14901,21,"R$1,90 BRL",,,,,,,,,,789,3064,708536560751820,Gê Burger -> Digital Livre
2023-08-09,2023-08-09,"R$41,57 BRL",13895,12186,1.140243,"R$2,99 BRL",102,"0,73%",0.129543,18,"R$2,31 BRL",,,,,,,,,,748,2844,708536560751820,Gê Burger -> Digital Livre
2023-08-10,2023-08-10,"R$42,99 BRL",13212,12096,1.092262,"R$3,25 BRL",94,"0,71%",0.113533,15,"R$2,87 BRL",2,,,,,,,,,715,2900,708536560751820,Gê Burger -> Digital Livre
2023-08-11,2023-08-11,"R$39,01 BRL",11267,10265,1.097613,"R$3,46 BRL",77,"0,68%",0.142008,16,"R$2,44 BRL",2,1,,,,,,,,669,2616,708536560751820,Gê Burger -> Digital Livre
2023-08-12,2023-08-12,"R$40,05 BRL",9356,8893,1.052063,"R$4,28 BRL",32,"0,34%",0.074818,7,"R$5,72 BRL",1,,,,,,,,,698,2600,708536560751820,Gê Burger -> Digital Livre
2023-08-13,2023-08-13,"R$41,58 BRL",12084,11256,1.073561,"R$3,44 BRL",80,"0,66%",0.132406,16,"R$2,60 BRL",2,,,,,,,,,791,3027,708536560751820,Gê Burger -> Digital Livre
2023-08-14,2023-08-14,"R$22,17 BRL",8809,8380,1.051193,"R$2,52 BRL",55,"0,62%",0.045408,4,"R$5,54 BRL",1,,,,,,,,,870,3025,708536560751820,Gê Burger -> Digital Livre
2023-08-15,2023-08-15,"R$25,95 BRL",9112,8617,1.057445,"R$2,85 BRL",58,"0,64%",0.032924,3,"R$8,65 BRL",,1,,,,,,,,722,2843,708536560751820,Gê Burger -> Digital Livre
2023-08-16,2023-08-16,"R$19,62 BRL",7481,7200,1.039028,"R$2,62 BRL",42,"0,56%",0.026734,2,"R$9,81 BRL",,,,,,,,,,762,2736,708536560751820,Gê Burger -> Digital Livre
2023-08-17,2023-08-17,"R$19,55 BRL",7365,7018,1.049444,"R$2,65 BRL",39,"0,53%",0.027155,2,"R$9,78 BRL",2,,,,,,,,,761,2733,708536560751820,Gê Burger -> Digital Livre
2023-08-18,2023-08-18,"R$19,49 BRL",7235,6839,1.057903,"R$2,69 BRL",42,"0,58%",0.013822,1,"R$19,49 BRL",1,,,,,,,,,649,2542,708536560751820,Gê Burger -> Digital Livre
2023-08-19,2023-08-19,"R$19,96 BRL",7548,7253,1.040673,"R$2,64 BRL",36,"0,48%",0.013249,1,"R$19,96 BRL",1,,,,,,,,,749,2759,708536560751820,Gê Burger -> Digital Livre
2023-08-20,2023-08-20,"R$21,20 BRL",8576,8517,1.006927,"R$2,47 BRL",62,"0,72%",0.034981,3,"R$7,07 BRL",2,,,,,,,,,847,3139,708536560751820,Gê Burger -> Digital Livre
2023-08-21,2023-08-21,"R$20,43 BRL",8208,7948,1.032713,"R$2,49 BRL",51,"0,62%",0.03655,3,"R$6,81 BRL",2,,,,,,,,,758,2939,708536560751820,Gê Burger -> Digital Livre
2023-08-22,2023-08-22,"R$19,97 BRL",7343,6977,1.052458,"R$2,72 BRL",59,"0,80%",0.027237,2,"R$9,99 BRL",1,,,,,,,,,714,2707,708536560751820,Gê Burger -> Digital Livre
2023-08-23,2023-08-23,"R$19,58 BRL",7114,6784,1.048644,"R$2,75 BRL",37,"0,52%",0.04217,3,"R$6,53 BRL",1,,,,,,,,,692,2611,708536560751820,Gê Burger -> Digital Livre
2023-08-24,2023-08-24,"R$19,49 BRL",7264,6902,1.052449,"R$2,68 BRL",39,"0,54%",0.0413,3,"R$6,50 BRL",,,,,,,,,,643,2621,708536560751820,Gê Burger -> Digital Livre
2023-08-25,2023-08-25,"R$19,22 BRL",7011,6873,1.020079,"R$2,74 BRL",38,"0,54%",0.04279,3,"R$6,41 BRL",2,,,,,,,,,675,2481,708536560751820,Gê Burger -> Digital Livre
2023-08-26,2023-08-26,"R$20,11 BRL",7765,7364,1.054454,"R$2,59 BRL",43,"0,55%",0.051513,4,"R$5,03 BRL",1,,,,,,,,,682,2717,708536560751820,Gê Burger -> Digital Livre
2023-08-27,2023-08-27,"R$21,10 BRL",8868,8172,1.085169,"R$2,38 BRL",43,"0,48%",0.03383,3,"R$7,03 BRL",2,,,,,,,,,706,3008,708536560751820,Gê Burger -> Digital Livre
2023-08-28,2023-08-28,"R$20,30 BRL",7759,7667,1.011999,"R$2,62 BRL",50,"0,64%",0.051553,4,"R$5,08 BRL",1,,,,,,,,,685,2706,708536560751820,Gê Burger -> Digital Livre
2023-08-29,2023-08-29,"R$20,01 BRL",7325,7030,1.041963,"R$2,73 BRL",32,"0,44%",0.013652,1,"R$20,01 BRL",1,,,,,,,,,682,2559,708536560751820,Gê Burger -> Digital Livre
2023-08-30,2023-08-30,"R$19,56 BRL",6807,6651,1.023455,"R$2,87 BRL",39,"0,57%",0.029382,2,"R$9,78 BRL",1,,,,,,,,,615,2411,708536560751820,Gê Burger -> Digital Livre
2023-08-31,2023-08-31,"R$19,79 BRL",7300,6899,1.058124,"R$2,71 BRL",38,"0,52%",0.027397,2,"R$9,90 BRL",1,,,,,,,,,659,2479,708536560751820,Gê Burger -> Digital Livre
2023-09-01,2023-09-01,"R$19,26 BRL",7604,7226,1.052311,"R$2,53 BRL",23,"0,30%",0.013151,1,"R$19,26 BRL",1,,,,,,,,,672,2488,708536560751820,Gê Burger -> Digital Livre
2023-09-02,2023-09-02,"R$19,98 BRL",8270,7717,1.07166,"R$2,42 BRL",43,"0,52%",0.048368,4,"R$5,00 BRL",1,,,,,,,,,750,2689,708536560751820,Gê Burger -> Digital Livre
2023-09-03,2023-09-03,"R$21,12 BRL",9718,9184,1.058145,"R$2,17 BRL",41,"0,42%",0.02058,2,"R$10,56 BRL",2,,,,,,,,,748,3159,708536560751820,Gê Burger -> Digital Livre
2023-09-04,2023-09-04,"R$20,36 BRL",8743,8199,1.06635,"R$2,33 BRL",46,"0,53%",0.045751,4,"R$5,09 BRL",4,,,,,,,,,749,2880,708536560751820,Gê Burger -> Digital Livre
2023-09-05,2023-09-05,"R$19,74 BRL",8693,8161,1.065188,"R$2,27 BRL",55,"0,63%",0.034511,3,"R$6,58 BRL",1,,,,,,,,,752,2937,708536560751820,Gê Burger -> Digital Livre
2023-09-06,2023-09-06,"R$19,45 BRL",7760,7217,1.075239,"R$2,51 BRL",34,"0,44%",0.03866,3,"R$6,48 BRL",2,,,,,,,,,711,2739,708536560751820,Gê Burger -> Digital Livre
2023-09-07,2023-09-07,"R$19,80 BRL",7933,7645,1.037672,"R$2,50 BRL",28,"0,35%",0.025211,2,"R$9,90 BRL",1,,,,,,,,,697,2722,708536560751820,Gê Burger -> Digital Livre
2023-09-08,2023-09-08,"R$19,44 BRL",8025,7468,1.074585,"R$2,42 BRL",28,"0,35%",0.049844,4,"R$4,86 BRL",4,,,,,,,,,684,2718,708536560751820,Gê Burger -> Digital Livre
2023-09-09,2023-09-09,"R$20,09 BRL",8453,8166,1.035146,"R$2,38 BRL",45,"0,53%",0.02366,2,"R$10,05 BRL",2,,,,,,,,,751,2949,708536560751820,Gê Burger -> Digital Livre
2023-09-10,2023-09-10,"R$21,11 BRL",9129,8942,1.020913,"R$2,31 BRL",43,"0,47%",0.043816,4,"R$5,28 BRL",3,,,,,,,,,750,3036,708536560751820,Gê Burger -> Digital Livre
2023-09-11,2023-09-11,"R$20,35 BRL",8078,7749,1.042457,"R$2,52 BRL",25,"0,31%",0.012379,1,"R$20,35 BRL",,,,,,,,,,683,2715,708536560751820,Gê Burger -> Digital Livre
2023-09-12,2023-09-12,"R$19,84 BRL",7402,7118,1.039899,"R$2,68 BRL",38,"0,51%",0.04053,3,"R$6,61 BRL",1,,,,,,,,,754,2713,708536560751820,Gê Burger -> Digital Livre
2023-09-13,2023-09-13,"R$4,14 BRL",1254,1254,1,"R$3,30 BRL",7,"0,56%",0.079745,1,"R$4,14 BRL",1,,,,,,,,,151,475,708536560751820,Gê Burger -> Digital Livre
2023-09-27,2023-09-27,"R$35,65 BRL",8272,7227,1.144597,"R$4,31 BRL",77,"0,93%",0.229691,19,"R$1,88 BRL",19,9,,,,,,,,70,331,708536560751820,Gê Burger -> Digital Livre
2023-09-28,2023-09-28,"R$34,92 BRL",8983,7511,1.195979,"R$3,89 BRL",64,"0,71%",0.077925,7,"R$4,99 BRL",7,6,,,,,,,,52,316,708536560751820,Gê Burger -> Digital Livre
2023-09-29,2023-09-29,"R$26,53 BRL",3396,2063,1.646146,"R$7,81 BRL",35,"1,03%",0.206125,7,"R$3,79 BRL",7,2,,,,,,,,35,114,708536560751820,Gê Burger -> Digital Livre
2023-09-30,2023-09-30,"R$25,79 BRL",4104,2542,1.614477,"R$6,28 BRL",65,"1,58%",0.41423,17,"R$1,52 BRL",17,12,,,,,,,,50,133,708536560751820,Gê Burger -> Digital Livre
2023-10-01,2023-10-01,"R$26,37 BRL",5206,3369,1.545266,"R$5,07 BRL",91,"1,75%",0.441798,23,"R$1,15 BRL",21,18,,,,,,,,37,121,708536560751820,Gê Burger -> Digital Livre
2023-10-03,2023-10-03,"R$30,92 BRL",5416,3526,1.536018,"R$5,71 BRL",85,"1,57%",0.461595,25,"R$1,24 BRL",24,14,,,,,,,,24,75,708536560751820,Gê Burger -> Digital Livre
2023-10-04,2023-10-04,"R$35,91 BRL",6756,4451,1.517861,"R$5,32 BRL",118,"1,75%",0.370041,25,"R$1,44 BRL",22,18,,,,,,,,,1,708536560751820,Gê Burger -> Digital Livre
2023-10-05,2023-10-05,"R$29,49 BRL",5039,3449,1.461003,"R$5,85 BRL",71,"1,41%",0.317523,16,"R$1,84 BRL",15,6,,,,,,,,,4,708536560751820,Gê Burger -> Digital Livre
2023-10-06,2023-10-06,"R$29,79 BRL",6462,4867,1.327717,"R$4,61 BRL",90,"1,39%",0.402352,26,"R$1,15 BRL",26,16,,,,,,,,,2,708536560751820,Gê Burger -> Digital Livre
2023-10-07,2023-10-07,"R$24,09 BRL",7798,5957,1.309048,"R$3,09 BRL",109,"1,40%",0.525776,41,"R$0,59 BRL",37,30,,,,,,,,,7,708536560751820,Gê Burger -> Digital Livre
2023-10-08,2023-10-08,"R$17,09 BRL",6339,4847,1.307819,"R$2,70 BRL",67,"1,06%",0.331283,21,"R$0,81 BRL",21,15,,,,,,,,,8,708536560751820,Gê Burger -> Digital Livre
2023-10-09,2023-10-09,"R$0,00 BRL",1,1,1,"R$0,00 BRL",0,"0,00%",,,,,1,,,,,,,,,,708536560751820,Gê Burger -> Digital Livre
2023-10-10,2023-10-10,"R$14,16 BRL",3425,2764,1.239146,"R$4,13 BRL",60,"1,75%",0.437956,15,"R$0,94 BRL",15,11,,,,,,,,,4,708536560751820,Gê Burger -> Digital Livre
2023-10-11,2023-10-11,"R$13,59 BRL",3867,3058,1.264552,"R$3,51 BRL",43,"1,11%",0.336178,13,"R$1,05 BRL",13,11,,,,,,,,,6,708536560751820,Gê Burger -> Digital Livre
2023-10-12,2023-10-12,"R$13,43 BRL",4417,3526,1.252694,"R$3,04 BRL",46,"1,04%",0.271678,12,"R$1,12 BRL",12,7,,,,,,,,2,2,708536560751820,Gê Burger -> Digital Livre
2023-10-13,2023-10-13,"R$13,26 BRL",2779,1793,1.549916,"R$4,77 BRL",39,"1,40%",0.43181,12,"R$1,11 BRL",10,8,,,,,,,,,2,708536560751820,Gê Burger -> Digital Livre
2023-10-14,2023-10-14,"R$12,03 BRL",3251,2335,1.392291,"R$3,70 BRL",44,"1,35%",0.307598,10,"R$1,20 BRL",10,10,,,,,,,,1,4,708536560751820,Gê Burger -> Digital Livre
2023-10-15,2023-10-15,"R$12,80 BRL",4001,2707,1.47802,"R$3,20 BRL",48,"1,20%",0.324919,13,"R$0,98 BRL",13,11,,,,,,,,,2,708536560751820,Gê Burger -> Digital Livre
2023-10-17,2023-10-17,"R$11,80 BRL",3308,2800,1.181429,"R$3,57 BRL",36,"1,09%",0.211608,7,"R$1,69 BRL",3,2,,,,,,,,233,498,708536560751820,Gê Burger -> Digital Livre
2023-10-18,2023-10-18,"R$23,01 BRL",8401,7038,1.193663,"R$2,74 BRL",58,"0,69%",0.17855,15,"R$1,53 BRL",10,6,,,,,,,,853,1530,708536560751820,Gê Burger -> Digital Livre
2023-10-19,2023-10-19,"R$22,97 BRL",8691,7416,1.171926,"R$2,64 BRL",55,"0,63%",0.115062,10,"R$2,30 BRL",8,7,,,,,,,,935,1564,708536560751820,Gê Burger -> Digital Livre
2023-10-20,2023-10-20,"R$23,05 BRL",8018,6893,1.163209,"R$2,87 BRL",64,"0,80%",0.199551,16,"R$1,44 BRL",12,7,,,,,,,,795,1437,708536560751820,Gê Burger -> Digital Livre
2023-10-21,2023-10-21,"R$23,19 BRL",8439,7459,1.131385,"R$2,75 BRL",66,"0,78%",0.284394,24,"R$0,97 BRL",18,12,,,,,,,,814,1484,708536560751820,Gê Burger -> Digital Livre
2023-10-22,2023-10-22,"R$32,51 BRL",12279,9969,1.231718,"R$2,65 BRL",121,"0,99%",0.325759,40,"R$0,81 BRL",31,21,,,,,,,,956,1653,708536560751820,Gê Burger -> Digital Livre
2023-10-23,2023-10-23,"R$10,50 BRL",6146,5992,1.025701,"R$1,71 BRL",24,"0,39%",0.048812,3,"R$3,50 BRL",,1,,,,,,,,1048,1731,708536560751820,Gê Burger -> Digital Livre
2023-10-24,2023-10-24,"R$38,02 BRL",11267,9786,1.151339,"R$3,37 BRL",128,"1,14%",0.399396,45,"R$0,84 BRL",38,24,,,,,,,,970,1776,708536560751820,Gê Burger -> Digital Livre
2023-10-25,2023-10-25,"R$52,10 BRL",12766,11151,1.14483,"R$4,08 BRL",95,"0,74%",0.203666,26,"R$2,00 BRL",22,14,,,,,,,,991,1717,708536560751820,Gê Burger -> Digital Livre
2023-10-26,2023-10-26,"R$50,97 BRL",13009,11119,1.169979,"R$3,92 BRL",87,"0,67%",0.253671,33,"R$1,54 BRL",26,15,,,,,,,,952,1611,708536560751820,Gê Burger -> Digital Livre
2023-10-27,2023-10-27,"R$28,01 BRL",10315,8638,1.194142,"R$2,72 BRL",88,"0,85%",0.232671,24,"R$1,17 BRL",20,13,,,,,,,,910,1541,708536560751820,Gê Burger -> Digital Livre
2023-10-28,2023-10-28,"R$26,54 BRL",12110,10613,1.141053,"R$2,19 BRL",75,"0,62%",0.132122,16,"R$1,66 BRL",12,14,,,,,,,,958,1634,708536560751820,Gê Burger -> Digital Livre
2023-10-29,2023-10-29,"R$28,45 BRL",13116,11213,1.169714,"R$2,17 BRL",81,"0,62%",0.167734,22,"R$1,29 BRL",16,9,,,,,,,,979,1670,708536560751820,Gê Burger -> Digital Livre
2023-10-30,2023-10-30,"R$9,90 BRL",6071,6071,1,"R$1,63 BRL",24,"0,40%",0.032944,2,"R$4,95 BRL",,,,,,,,,,1021,1662,708536560751820,Gê Burger -> Digital Livre
2023-10-31,2023-10-31,"R$30,71 BRL",12128,10598,1.144367,"R$2,53 BRL",106,"0,87%",0.164908,20,"R$1,54 BRL",16,12,,,,,,,,922,1655,708536560751820,Gê Burger -> Digital Livre
2023-11-01,2023-11-01,"R$28,28 BRL",10251,8672,1.18208,"R$2,76 BRL",99,"0,97%",0.351185,36,"R$0,79 BRL",18,13,,,,,,,,898,1818,708536560751820,Gê Burger -> Digital Livre
2023-11-02,2023-11-02,"R$29,42 BRL",11481,10422,1.101612,"R$2,56 BRL",126,"1,10%",0.479052,55,"R$0,53 BRL",37,26,,,,,,,,3159,4555,708536560751820,Gê Burger -> Digital Livre
2023-11-03,2023-11-03,"R$23,41 BRL",11424,10766,1.061118,"R$2,05 BRL",152,"1,33%",0.420168,48,"R$0,49 BRL",17,8,,,,,,,,3953,5345,708536560751820,Gê Burger -> Digital Livre
2023-11-04,2023-11-04,"R$33,30 BRL",15336,14058,1.090909,"R$2,17 BRL",178,"1,16%",0.306468,47,"R$0,71 BRL",25,19,,,,,,,,3962,5966,708536560751820,Gê Burger -> Digital Livre
2023-11-05,2023-11-05,"R$31,85 BRL",16404,15253,1.075461,"R$1,94 BRL",144,"0,88%",0.298708,49,"R$0,65 BRL",32,13,,,,,,,,4267,6538,708536560751820,Gê Burger -> Digital Livre
2023-11-06,2023-11-06,"R$19,96 BRL",12713,12222,1.040173,"R$1,57 BRL",92,"0,72%",0.117989,15,"R$1,33 BRL",1,3,,,,,,,,4063,6221,708536560751820,Gê Burger -> Digital Livre
2023-11-07,2023-11-07,"R$30,27 BRL",13512,12603,1.072126,"R$2,24 BRL",120,"0,89%",0.259029,35,"R$0,86 BRL",24,9,,,,,,,,3612,5666,708536560751820,Gê Burger -> Digital Livre
2023-11-08,2023-11-08,"R$31,67 BRL",12431,11786,1.054726,"R$2,55 BRL",110,"0,88%",0.289599,36,"R$0,88 BRL",23,7,,,,,,,,3235,5045,708536560751820,Gê Burger -> Digital Livre
2023-11-09,2023-11-09,"R$29,24 BRL",11692,10589,1.104165,"R$2,50 BRL",105,"0,90%",0.196716,23,"R$1,27 BRL",18,9,,,,,,,,3265,5052,708536560751820,Gê Burger -> Digital Livre
2023-11-10,2023-11-10,"R$30,74 BRL",12177,11356,1.072297,"R$2,52 BRL",113,"0,93%",0.238154,29,"R$1,06 BRL",20,9,,,,,,,,3546,5415,708536560751820,Gê Burger -> Digital Livre
2023-11-11,2023-11-11,"R$32,91 BRL",13441,12193,1.102354,"R$2,45 BRL",131,"0,97%",0.349676,47,"R$0,70 BRL",32,20,,,,,,,,3591,5512,708536560751820,Gê Burger -> Digital Livre
2023-11-12,2023-11-12,"R$33,03 BRL",15123,14172,1.067104,"R$2,18 BRL",140,"0,93%",0.27111,41,"R$0,81 BRL",22,9,,,,,,,,3832,5941,708536560751820,Gê Burger -> Digital Livre
2023-11-13,2023-11-13,"R$18,97 BRL",11724,11688,1.00308,"R$1,62 BRL",111,"0,95%",0.162061,19,"R$1,00 BRL",2,1,,,,,,,,3699,5815,708536560751820,Gê Burger -> Digital Livre
2023-11-14,2023-11-14,"R$29,80 BRL",13410,12957,1.034962,"R$2,22 BRL",115,"0,86%",0.201342,27,"R$1,10 BRL",17,5,,,,,,,,3459,5699,708536560751820,Gê Burger -> Digital Livre
2023-11-15,2023-11-15,"R$29,67 BRL",13370,12321,1.085139,"R$2,22 BRL",140,"1,05%",0.26926,36,"R$0,82 BRL",21,12,,,,,,,,3442,5641,708536560751820,Gê Burger -> Digital Livre
2023-11-16,2023-11-16,"R$21,08 BRL",4865,4259,1.142287,"R$4,33 BRL",81,"1,66%",0.698869,34,"R$0,62 BRL",30,17,,,,,,,,203,642,708536560751820,Gê Burger -> Digital Livre
2023-11-17,2023-11-17,"R$16,82 BRL",4037,3520,1.146875,"R$4,17 BRL",43,"1,07%",0.396334,16,"R$1,05 BRL",16,11,,,,,,,,181,571,708536560751820,Gê Burger -> Digital Livre
2023-11-18,2023-11-18,"R$25,76 BRL",5317,4408,1.206216,"R$4,84 BRL",71,"1,34%",0.54542,29,"R$0,89 BRL",29,21,,,,,,,,181,597,708536560751820,Gê Burger -> Digital Livre
2023-11-19,2023-11-19,"R$23,64 BRL",5036,4126,1.220553,"R$4,69 BRL",61,"1,21%",0.397141,20,"R$1,18 BRL",17,10,,,,,,,,179,635,708536560751820,Gê Burger -> Digital Livre
2023-11-20,2023-11-20,"R$8,30 BRL",2341,2309,1.013859,"R$3,55 BRL",40,"1,71%",0.170867,4,"R$2,08 BRL",1,,,,,,,,,191,653,708536560751820,Gê Burger -> Digital Livre
2023-11-21,2023-11-21,"R$20,63 BRL",4426,3879,1.141016,"R$4,66 BRL",52,"1,17%",0.406688,18,"R$1,15 BRL",17,14,,,,,,,,166,576,708536560751820,Gê Burger -> Digital Livre
2023-11-22,2023-11-22,"R$30,73 BRL",6177,5421,1.139458,"R$4,97 BRL",63,"1,02%",0.437105,27,"R$1,14 BRL",14,7,,,,,,,,280,905,708536560751820,Gê Burger -> Digital Livre
2023-11-23,2023-11-23,"R$31,44 BRL",6459,5412,1.193459,"R$4,87 BRL",27,"0,42%",0.263199,17,"R$1,85 BRL",12,8,,,,,,,,209,686,708536560751820,Gê Burger -> Digital Livre
2023-11-24,2023-11-24,"R$36,15 BRL",5351,4478,1.194953,"R$6,76 BRL",38,"0,71%",0.29901,16,"R$2,26 BRL",9,4,,,,,,,,155,520,708536560751820,Gê Burger -> Digital Livre
2023-11-25,2023-11-25,"R$41,26 BRL",9016,7858,1.147366,"R$4,58 BRL",54,"0,60%",0.332742,30,"R$1,38 BRL",22,12,,,,,,,,159,735,708536560751820,Gê Burger -> Digital Livre
2023-11-26,2023-11-26,"R$17,93 BRL",4569,3744,1.220353,"R$3,92 BRL",23,"0,50%",0.284526,13,"R$1,38 BRL",11,4,,,,,,,,,,708536560751820,Gê Burger -> Digital Livre
2023-11-27,2023-11-27,"R$9,36 BRL",3118,2803,1.11238,"R$3,00 BRL",10,"0,32%",0.192431,6,"R$1,56 BRL",2,,,,,,,,,,2,708536560751820,Gê Burger -> Digital Livre
2023-11-28,2023-11-28,"R$35,19 BRL",6958,5687,1.223492,"R$5,06 BRL",56,"0,80%",0.402414,28,"R$1,26 BRL",22,13,,,,,,,,55,234,708536560751820,Gê Burger -> Digital Livre
2023-11-29,2023-11-29,"R$44,01 BRL",9072,7077,1.281899,"R$4,85 BRL",57,"0,63%",0.429894,39,"R$1,13 BRL",35,21,,,,,,,,76,418,708536560751820,Gê Burger -> Digital Livre
2023-11-30,2023-11-30,"R$49,98 BRL",9123,6830,1.335725,"R$5,48 BRL",66,"0,72%",0.427491,39,"R$1,28 BRL",36,20,,,,,,,,53,311,708536560751820,Gê Burger -> Digital Livre
2023-12-01,2023-12-01,"R$20,44 BRL",6177,4783,1.291449,"R$3,31 BRL",30,"0,49%",0.35616,22,"R$0,93 BRL",20,10,,,,,,,,,1,708536560751820,Gê Burger -> Digital Livre
2023-12-02,2023-12-02,"R$21,89 BRL",5558,4456,1.247307,"R$3,94 BRL",55,"0,99%",0.737675,41,"R$0,53 BRL",36,17,,,,,,,,,1,708536560751820,Gê Burger -> Digital Livre
2023-12-03,2023-12-03,"R$17,50 BRL",5926,4644,1.276055,"R$2,95 BRL",40,"0,67%",0.472494,28,"R$0,63 BRL",24,14,,,,,,,,,,708536560751820,Gê Burger -> Digital Livre
2023-12-04,2023-12-04,"R$8,46 BRL",2982,2710,1.100369,"R$2,84 BRL",7,"0,23%",0.134138,4,"R$2,12 BRL",,1,,,,,,,,,,708536560751820,Gê Burger -> Digital Livre
2023-12-05,2023-12-05,"R$22,59 BRL",5227,4143,1.261646,"R$4,32 BRL",34,"0,65%",0.516549,27,"R$0,84 BRL",24,8,,,,,,,,,2,708536560751820,Gê Burger -> Digital Livre
2023-12-06,2023-12-06,"R$33,63 BRL",10127,8050,1.258012,"R$3,32 BRL",65,"0,64%",0.256739,26,"R$1,29 BRL",26,16,,,,,,,,,4,708536560751820,Gê Burger -> Digital Livre
2023-12-07,2023-12-07,"R$36,37 BRL",14582,9891,1.47427,"R$2,49 BRL",59,"0,40%",0.253737,37,"R$0,98 BRL",36,20,,,,,,,,,4,708536560751820,Gê Burger -> Digital Livre
2023-12-08,2023-12-08,"R$32,30 BRL",13901,9305,1.493928,"R$2,32 BRL",55,"0,40%",0.258974,36,"R$0,90 BRL",35,25,,,,,,,,,2,708536560751820,Gê Burger -> Digital Livre
2023-12-09,2023-12-09,"R$39,95 BRL",16451,11228,1.465176,"R$2,43 BRL",59,"0,36%",0.200596,33,"R$1,21 BRL",32,19,,,,,,,,,2,708536560751820,Gê Burger -> Digital Livre
2023-12-10,2023-12-10,"R$37,41 BRL",17595,12309,1.429442,"R$2,13 BRL",76,"0,43%",0.233021,41,"R$0,91 BRL",40,20,,,,,,,,,4,708536560751820,Gê Burger -> Digital Livre
2023-12-11,2023-12-11,"R$1,80 BRL",522,461,1.132321,"R$3,45 BRL",2,"0,38%",0.383142,2,"R$0,90 BRL",2,,,,,,,,,,,708536560751820,Gê Burger -> Digital Livre
2023-12-12,2023-12-12,"R$11,77 BRL",2186,1609,1.358608,"R$5,38 BRL",36,"1,65%",1.280878,28,"R$0,42 BRL",28,17,,,,,,,,,,708536560751820,Gê Burger -> Digital Livre
2023-12-13,2023-12-13,"R$9,34 BRL",1604,1164,1.378007,"R$5,82 BRL",22,"1,37%",1.05985,17,"R$0,55 BRL",17,10,,,,,,,,,,708536560751820,Gê Burger -> Digital Livre
2023-12-14,2023-12-14,"R$24,00 BRL",12432,9038,1.375526,"R$1,93 BRL",35,"0,28%",0.201094,25,"R$0,96 BRL",25,18,,,,,,,,,2,708536560751820,Gê Burger -> Digital Livre
2023-12-15,2023-12-15,"R$22,41 BRL",12057,8458,1.425514,"R$1,86 BRL",41,"0,34%",0.207348,25,"R$0,90 BRL",25,16,,,,,,,,,2,708536560751820,Gê Burger -> Digital Livre
2023-12-16,2023-12-16,"R$23,73 BRL",13085,9331,1.402315,"R$1,81 BRL",65,"0,50%",0.343905,45,"R$0,53 BRL",45,22,,,,,,,,,,708536560751820,Gê Burger -> Digital Livre
2023-12-17,2023-12-17,"R$22,40 BRL",13596,9995,1.36028,"R$1,65 BRL",78,"0,57%",0.323625,44,"R$0,51 BRL",44,34,,,,,,,,,2,708536560751820,Gê Burger -> Digital Livre
2023-12-18,2023-12-18,"R$1,39 BRL",419,390,1.074359,"R$3,32 BRL",7,"1,67%",1.431981,6,"R$0,23 BRL",6,5,,,,,,,,,,708536560751820,Gê Burger -> Digital Livre
2023-12-19,2023-12-19,"R$10,49 BRL",2666,2279,1.169811,"R$3,93 BRL",44,"1,65%",1.125281,30,"R$0,35 BRL",30,21,,,,,,,,,,708536560751820,Gê Burger -> Digital Livre
2023-12-20,2023-12-20,"R$10,99 BRL",2757,2344,1.176195,"R$3,99 BRL",32,"1,16%",0.689155,19,"R$0,58 BRL",19,13,,,,,,,,,,708536560751820,Gê Burger -> Digital Livre
2023-12-21,2023-12-21,"R$10,38 BRL",2352,1959,1.200613,"R$4,41 BRL",34,"1,45%",0.85034,20,"R$0,52 BRL",20,9,,,,,,,,,,708536560751820,Gê Burger -> Digital Livre
2023-12-22,2023-12-22,"R$10,80 BRL",2531,2100,1.205238,"R$4,27 BRL",41,"1,62%",1.145792,29,"R$0,37 BRL",29,13,,,,,,,,,,708536560751820,Gê Burger -> Digital Livre
2023-12-23,2023-12-23,"R$11,61 BRL",3161,2672,1.183009,"R$3,67 BRL",51,"1,61%",0.949067,30,"R$0,39 BRL",30,17,,,,,,,,,,708536560751820,Gê Burger -> Digital Livre
2023-12-24,2023-12-24,"R$12,42 BRL",4060,3427,1.18471,"R$3,06 BRL",35,"0,86%",0.566502,23,"R$0,54 BRL",23,13,,,,,,,,,,708536560751820,Gê Burger -> Digital Livre
2023-12-25,2023-12-25,"R$1,90 BRL",644,583,1.104631,"R$2,95 BRL",7,"1,09%",0.776398,5,"R$0,38 BRL",5,5,,,,,,,,,,708536560751820,Gê Burger -> Digital Livre
2023-12-26,2023-12-26,"R$24,46 BRL",6574,5628,1.168088,"R$3,72 BRL",94,"1,43%",0.821418,54,"R$0,45 BRL",51,20,,,,,,,,,,708536560751820,Gê Burger -> Digital Livre
2023-12-27,2023-12-27,"R$30,10 BRL",6574,5580,1.178136,"R$4,58 BRL",97,"1,48%",0.730149,48,"R$0,63 BRL",42,22,,,,,,,,,,708536560751820,Gê Burger -> Digital Livre
2023-12-28,2023-12-28,"R$24,61 BRL",5726,5122,1.117923,"R$4,30 BRL",80,"1,40%",0.698568,40,"R$0,62 BRL",40,19,,,,,,,,,,708536560751820,Gê Burger -> Digital Livre
2023-12-29,2023-12-29,"R$11,07 BRL",3508,2887,1.215102,"R$3,16 BRL",45,"1,28%",0.826682,29,"R$0,38 BRL",29,13,,,,,,,,,,708536560751820,Gê Burger -> Digital Livre
2023-12-30,2023-12-30,"R$11,93 BRL",3796,3103,1.223332,"R$3,14 BRL",38,"1,00%",0.632244,24,"R$0,50 BRL",24,16,,,,,,,,,,708536560751820,Gê Burger -> Digital Livre
2023-12-31,2023-12-31,"R$8,61 BRL",2880,2376,1.212121,"R$2,99 BRL",28,"0,97%",0.902778,26,"R$0,33 BRL",26,13,,,,,,,,,,708536560751820,Gê Burger -> Digital Livre
2024-01-10,2024-01-10,"R$15,63 BRL",3493,2880,1.212847,"R$4,47 BRL",12,"0,34%",0.114515,4,"R$3,91 BRL",,,,,,,,,,195,364,708536560751820,Gê Burger -> Digital Livre
2024-01-11,2024-01-11,"R$21,90 BRL",7801,6229,1.252368,"R$2,81 BRL",19,"0,24%",0.089732,7,"R$3,13 BRL",,,,,,,,,,303,498,708536560751820,Gê Burger -> Digital Livre
2024-01-12,2024-01-12,"R$21,91 BRL",7393,6090,1.213957,"R$2,96 BRL",22,"0,30%",0.10821,8,"R$2,74 BRL",,,,,,,,,,275,461,708536560751820,Gê Burger -> Digital Livre
2024-01-13,2024-01-13,"R$21,77 BRL",7258,6208,1.169137,"R$3,00 BRL",25,"0,34%",0.165335,12,"R$1,81 BRL",1,,,,,,,,,319,575,708536560751820,Gê Burger -> Digital Livre
2024-01-14,2024-01-14,"R$21,06 BRL",6544,5565,1.175921,"R$3,22 BRL",16,"0,24%",0.076406,5,"R$4,21 BRL",,1,,,,,,,,280,431,708536560751820,Gê Burger -> Digital Livre
2024-01-15,2024-01-15,"R$20,44 BRL",6618,5758,1.149357,"R$3,09 BRL",22,"0,33%",0.135993,9,"R$2,27 BRL",1,,,,,,,,,282,451,708536560751820,Gê Burger -> Digital Livre
2024-01-16,2024-01-16,"R$20,04 BRL",6140,5373,1.142751,"R$3,26 BRL",24,"0,39%",0.19544,12,"R$1,67 BRL",1,,,,,,,,,271,452,708536560751820,Gê Burger -> Digital Livre
2024-01-17,2024-01-17,"R$19,95 BRL",5832,5162,1.129795,"R$3,42 BRL",25,"0,43%",0.188615,11,"R$1,81 BRL",1,,,,,,,,,267,435,708536560751820,Gê Burger -> Digital Livre
2024-01-18,2024-01-18,"R$18,97 BRL",5872,4813,1.220029,"R$3,23 BRL",13,"0,22%",0.11921,7,"R$2,71 BRL",,,,,,,,,,142,368,708536560751820,Gê Burger -> Digital Livre
2024-01-19,2024-01-19,"R$39,33 BRL",12547,10015,1.252821,"R$3,13 BRL",101,"0,80%",0.438352,55,"R$0,72 BRL",46,20,,,,,,,,132,420,708536560751820,Gê Burger -> Digital Livre
2024-01-20,2024-01-20,"R$44,42 BRL",15192,11748,1.293156,"R$2,92 BRL",118,"0,78%",0.322538,49,"R$0,91 BRL",42,17,,,,,,,,155,476,708536560751820,Gê Burger -> Digital Livre
2024-01-21,2024-01-21,"R$44,62 BRL",16376,12842,1.275191,"R$2,72 BRL",113,"0,69%",0.403029,66,"R$0,68 BRL",58,29,,,,,,,,153,526,708536560751820,Gê Burger -> Digital Livre
2024-01-22,2024-01-22,"R$23,26 BRL",7558,6481,1.166178,"R$3,08 BRL",45,"0,60%",0.26462,20,"R$1,16 BRL",12,8,,,,,,,,170,486,708536560751820,Gê Burger -> Digital Livre
2024-01-23,2024-01-23,"R$43,60 BRL",16549,14070,1.17619,"R$2,63 BRL",141,"0,85%",0.471328,78,"R$0,56 BRL",73,32,,,,,,,,183,516,708536560751820,Gê Burger -> Digital Livre
2024-01-24,2024-01-24,"R$43,33 BRL",15322,12589,1.217094,"R$2,83 BRL",101,"0,66%",0.358961,55,"R$0,79 BRL",47,21,,,,,,,,141,479,708536560751820,Gê Burger -> Digital Livre
2024-01-25,2024-01-25,"R$41,69 BRL",14423,12188,1.183377,"R$2,89 BRL",115,"0,80%",0.402135,58,"R$0,72 BRL",53,21,,,,,,,,160,485,708536560751820,Gê Burger -> Digital Livre
2024-01-26,2024-01-26,"R$38,50 BRL",13157,10702,1.229396,"R$2,93 BRL",88,"0,67%",0.380026,50,"R$0,77 BRL",40,21,,,,,,,,135,394,708536560751820,Gê Burger -> Digital Livre
2024-01-27,2024-01-27,"R$45,81 BRL",18724,14876,1.258672,"R$2,45 BRL",144,"0,77%",0.469985,88,"R$0,52 BRL",81,32,,,,,,,,169,465,708536560751820,Gê Burger -> Digital Livre
2024-01-28,2024-01-28,"R$46,64 BRL",19987,15935,1.254283,"R$2,33 BRL",178,"0,89%",0.530345,106,"R$0,44 BRL",98,45,,,,,,,,152,487,708536560751820,Gê Burger -> Digital Livre
2024-01-29,2024-01-29,"R$23,35 BRL",7720,6754,1.143026,"R$3,02 BRL",28,"0,36%",0.194301,15,"R$1,56 BRL",8,5,,,,,,,,160,456,708536560751820,Gê Burger -> Digital Livre
2024-01-30,2024-01-30,"R$46,25 BRL",14599,11806,1.236575,"R$3,17 BRL",86,"0,59%",0.342489,50,"R$0,93 BRL",43,2,,,,,,,,138,480,708536560751820,Gê Burger -> Digital Livre
2024-01-31,2024-01-31,"R$47,08 BRL",14807,10704,1.383315,"R$3,18 BRL",70,"0,47%",0.270143,40,"R$1,18 BRL",34,1,,,,,,,,158,449,708536560751820,Gê Burger -> Digital Livre
2024-02-01,2024-02-01,"R$9,82 BRL",3171,2931,1.081883,"R$3,10 BRL",8,"0,25%",0.126143,4,"R$2,46 BRL",,,,,,,,,,,,708536560751820,Gê Burger -> Digital Livre
2024-02-02,2024-02-02,"R$9,73 BRL",3300,2963,1.113736,"R$2,95 BRL",11,"0,33%",0.181818,6,"R$1,62 BRL",,,,,,,,,,,,708536560751820,Gê Burger -> Digital Livre
2024-02-03,2024-02-03,"R$9,65 BRL",3170,2948,1.075305,"R$3,04 BRL",11,"0,35%",0.126183,4,"R$2,41 BRL",,,,,,,,,,,,708536560751820,Gê Burger -> Digital Livre
2024-02-04,2024-02-04,"R$10,62 BRL",3468,3263,1.062826,"R$3,06 BRL",7,"0,20%",0.17301,6,"R$1,77 BRL",,,,,,,,,,,,708536560751820,Gê Burger -> Digital Livre
2024-02-05,2024-02-05,"R$10,28 BRL",3612,3428,1.053676,"R$2,85 BRL",9,"0,25%",0.138427,5,"R$2,06 BRL",2,,,,,,,,,,,708536560751820,Gê Burger -> Digital Livre
2024-02-06,2024-02-06,"R$10,14 BRL",2930,2746,1.067007,"R$3,46 BRL",13,"0,44%",0.238908,7,"R$1,45 BRL",,,,,,,,,,,,708536560751820,Gê Burger -> Digital Livre
2024-02-07,2024-02-07,"R$9,86 BRL",2804,2598,1.079292,"R$3,52 BRL",5,"0,18%",0.10699,3,"R$3,29 BRL",,,,,,,,,,,,708536560751820,Gê Burger -> Digital Livre
2024-02-08,2024-02-08,"R$9,88 BRL",3173,2968,1.06907,"R$3,11 BRL",13,"0,41%",0.220611,7,"R$1,41 BRL",2,,,,,,,,,,,708536560751820,Gê Burger -> Digital Livre
2024-02-09,2024-02-09,"R$9,70 BRL",3141,3075,1.021463,"R$3,09 BRL",8,"0,25%",0.063674,2,"R$4,85 BRL",1,,,,,,,,,,,708536560751820,Gê Burger -> Digital Livre
2024-02-10,2024-02-10,"R$21,61 BRL",5067,4251,1.191955,"R$4,26 BRL",33,"0,65%",0.197355,10,"R$2,16 BRL",1,,,,,,,,,,,708536560751820,Gê Burger -> Digital Livre
2024-02-11,2024-02-11,"R$36,60 BRL",7618,6359,1.197987,"R$4,80 BRL",56,"0,74%",0.341297,26,"R$1,41 BRL",9,,,,,,,,,,,708536560751820,Gê Burger -> Digital Livre
2024-02-12,2024-02-12,"R$10,33 BRL",3374,3223,1.046851,"R$3,06 BRL",5,"0,15%",0.029638,1,"R$10,33 BRL",1,,,,,,,,,,,708536560751820,Gê Burger -> Digital Livre
2024-02-13,2024-02-13,"R$38,51 BRL",7703,6213,1.23982,"R$5,00 BRL",57,"0,74%",0.389459,30,"R$1,28 BRL",3,,,,,,,,,,,708536560751820,Gê Burger -> Digital Livre
2024-02-14,2024-02-14,"R$38,82 BRL",7809,6925,1.127653,"R$4,97 BRL",46,"0,59%",0.17928,14,"R$2,77 BRL",2,,,,,,,,,,,708536560751820,Gê Burger -> Digital Livre
2024-02-15,2024-02-15,"R$39,05 BRL",7868,6755,1.164767,"R$4,96 BRL",61,"0,78%",0.305033,24,"R$1,63 BRL",2,,,,,,,,,,,708536560751820,Gê Burger -> Digital Livre
2024-02-16,2024-02-16,"R$38,85 BRL",6667,5725,1.164541,"R$5,83 BRL",62,"0,93%",0.329984,22,"R$1,77 BRL",8,,,,,,,,,,,708536560751820,Gê Burger -> Digital Livre
2024-02-17,2024-02-17,"R$39,82 BRL",6531,5484,1.190919,"R$6,10 BRL",56,"0,86%",0.38279,25,"R$1,59 BRL",6,,,,,,,,,,,708536560751820,Gê Burger -> Digital Livre
2024-02-18,2024-02-18,"R$36,35 BRL",7099,5913,1.200575,"R$5,12 BRL",42,"0,59%",0.225384,16,"R$2,27 BRL",6,,,,,,,,,,,708536560751820,Gê Burger -> Digital Livre
2024-02-19,2024-02-19,"R$10,26 BRL",2855,2686,1.062919,"R$3,59 BRL",6,"0,21%",0.105079,3,"R$3,42 BRL",,,,,,,,,,,,708536560751820,Gê Burger -> Digital Livre
2024-02-20,2024-02-20,"R$39,98 BRL",6958,5825,1.194506,"R$5,75 BRL",77,"1,11%",0.330555,23,"R$1,74 BRL",2,,,,,,,,,,,708536560751820,Gê Burger -> Digital Livre
2024-02-21,2024-02-21,"R$38,71 BRL",6811,5647,1.206127,"R$5,68 BRL",66,"0,97%",0.4111,28,"R$1,38 BRL",2,,,,,,,,,,,708536560751820,Gê Burger -> Digital Livre
2024-02-22,2024-02-22,"R$38,28 BRL",6630,5760,1.151042,"R$5,77 BRL",67,"1,01%",0.437406,29,"R$1,32 BRL",4,,,,,,,,,,,708536560751820,Gê Burger -> Digital Livre
2024-02-23,2024-02-23,"R$36,61 BRL",5378,4604,1.168115,"R$6,81 BRL",66,"1,23%",0.762365,41,"R$0,89 BRL",23,,,,,,,,,,,708536560751820,Gê Burger -> Digital Livre
2024-02-24,2024-02-24,"R$38,04 BRL",6198,5234,1.18418,"R$6,14 BRL",112,"1,81%",1.080994,67,"R$0,57 BRL",46,,,,,,,,,,,708536560751820,Gê Burger -> Digital Livre
2024-02-25,2024-02-25,"R$33,66 BRL",6706,5711,1.174225,"R$5,02 BRL",110,"1,64%",0.969281,65,"R$0,52 BRL",46,,,,,,,,,,,708536560751820,Gê Burger -> Digital Livre
2024-02-26,2024-02-26,"R$8,53 BRL",2478,2367,1.046895,"R$3,44 BRL",49,"1,98%",1.856336,46,"R$0,19 BRL",46,,,,,,,,,,,708536560751820,Gê Burger -> Digital Livre
2024-02-27,2024-02-27,"R$38,62 BRL",7168,6154,1.164771,"R$5,39 BRL",133,"1,86%",1.032366,74,"R$0,52 BRL",54,,,,,,,,,,,708536560751820,Gê Burger -> Digital Livre
2024-02-28,2024-02-28,"R$34,97 BRL",5786,5189,1.115051,"R$6,04 BRL",126,"2,18%",1.365365,79,"R$0,44 BRL",60,,,,,,,,,,,708536560751820,Gê Burger -> Digital Livre
2024-02-29,2024-02-29,"R$29,62 BRL",4649,3869,1.201602,"R$6,37 BRL",64,"1,38%",0.62379,29,"R$1,02 BRL",2,,,,,,,,,,,708536560751820,Gê Burger -> Digital Livre
2024-03-01,2024-03-01,"R$29,38 BRL",5811,5157,1.126818,"R$5,06 BRL",83,"1,43%",0.567888,33,"R$0,89 BRL",2,1,,,,,,,,,,708536560751820,Gê Burger -> Digital Livre
2024-03-02,2024-03-02,"R$30,48 BRL",6159,4825,1.276477,"R$4,95 BRL",87,"1,41%",0.600747,37,"R$0,82 BRL",6,,,,,,,,,,,708536560751820,Gê Burger -> Digital Livre
2024-03-03,2024-03-03,"R$25,03 BRL",5259,4441,1.184193,"R$4,76 BRL",95,"1,81%",0.912721,48,"R$0,52 BRL",10,,,,,,,,,,,708536560751820,Gê Burger -> Digital Livre
2024-03-05,2024-03-05,"R$29,84 BRL",5053,4259,1.186429,"R$5,91 BRL",91,"1,80%",0.672868,34,"R$0,88 BRL",1,,,,,,,,,,,708536560751820,Gê Burger -> Digital Livre
2024-03-06,2024-03-06,"R$28,00 BRL",5115,4193,1.21989,"R$5,47 BRL",84,"1,64%",0.625611,32,"R$0,88 BRL",3,,,,,,,,,,,708536560751820,Gê Burger -> Digital Livre
2024-03-07,2024-03-07,"R$22,17 BRL",5583,5174,1.079049,"R$3,97 BRL",43,"0,77%",0.286584,16,"R$1,39 BRL",3,,,,,,,,,,1,708536560751820,Gê Burger -> Digital Livre
2024-03-08,2024-03-08,"R$24,55 BRL",6285,5668,1.108857,"R$3,91 BRL",54,"0,86%",0.302307,19,"R$1,29 BRL",5,,,,,,,,,,1,708536560751820,Gê Burger -> Digital Livre
2024-03-09,2024-03-09,"R$28,00 BRL",6889,6196,1.111846,"R$4,06 BRL",59,"0,86%",0.377413,26,"R$1,08 BRL",6,,,,,,,,,,,708536560751820,Gê Burger -> Digital Livre
2024-03-10,2024-03-10,"R$27,24 BRL",7299,6453,1.131102,"R$3,73 BRL",70,"0,96%",0.424716,31,"R$0,88 BRL",5,,,,,,,,,,,708536560751820,Gê Burger -> Digital Livre
2024-03-11,2024-03-11,"R$5,82 BRL",2279,2205,1.03356,"R$2,55 BRL",1,"0,0439%",,,,,,,,,,,,,,,708536560751820,Gê Burger -> Digital Livre
2024-03-12,2024-03-12,"R$29,94 BRL",6799,6255,1.08697,"R$4,40 BRL",58,"0,85%",0.397117,27,"R$1,11 BRL",4,,,,,,,,,,,708536560751820,Gê Burger -> Digital Livre
2024-03-13,2024-03-13,"R$28,26 BRL",6520,5760,1.131944,"R$4,33 BRL",66,"1,01%",0.460123,30,"R$0,94 BRL",,,,,,,,,,,,708536560751820,Gê Burger -> Digital Livre
2024-03-14,2024-03-14,"R$28,55 BRL",6771,6004,1.127748,"R$4,22 BRL",76,"1,12%",0.428297,29,"R$0,98 BRL",3,,,,,,,,,,,708536560751820,Gê Burger -> Digital Livre
2024-03-15,2024-03-15,"R$27,96 BRL",5910,5278,1.119742,"R$4,73 BRL",48,"0,81%",0.270728,16,"R$1,75 BRL",3,,,,,,,,,,,708536560751820,Gê Burger -> Digital Livre
2024-03-16,2024-03-16,"R$30,10 BRL",6628,5735,1.155711,"R$4,54 BRL",83,"1,25%",0.4828,32,"R$0,94 BRL",7,,,,,,,,,,,708536560751820,Gê Burger -> Digital Livre
2024-03-17,2024-03-17,"R$26,36 BRL",6544,5751,1.137889,"R$4,03 BRL",61,"0,93%",0.320905,21,"R$1,26 BRL",5,,,,,,,,,,,708536560751820,Gê Burger -> Digital Livre
2024-03-18,2024-03-18,"R$5,58 BRL",2256,2151,1.048815,"R$2,47 BRL",8,"0,35%",0.177305,4,"R$1,40 BRL",1,,,,,,,,,,,708536560751820,Gê Burger -> Digital Livre
2024-03-19,2024-03-19,"R$30,12 BRL",6806,6071,1.121067,"R$4,43 BRL",84,"1,23%",0.426095,29,"R$1,04 BRL",4,,,,,,,,,,,708536560751820,Gê Burger -> Digital Livre
2024-03-20,2024-03-20,"R$28,28 BRL",6596,6072,1.086298,"R$4,29 BRL",58,"0,88%",0.318375,21,"R$1,35 BRL",2,,,,,,,,,,,708536560751820,Gê Burger -> Digital Livre
2024-03-21,2024-03-21,"R$28,55 BRL",6201,5758,1.076936,"R$4,60 BRL",61,"0,98%",0.322529,20,"R$1,43 BRL",,,,,,,,,,,,708536560751820,Gê Burger -> Digital Livre
2024-03-22,2024-03-22,"R$29,34 BRL",6337,5734,1.105162,"R$4,63 BRL",69,"1,09%",0.520751,33,"R$0,89 BRL",1,,,,,,,,,,,708536560751820,Gê Burger -> Digital Livre
2024-03-23,2024-03-23,"R$29,73 BRL",7192,6474,1.110905,"R$4,13 BRL",83,"1,15%",0.389321,28,"R$1,06 BRL",3,,,,,,,,,,,708536560751820,Gê Burger -> Digital Livre
2024-03-24,2024-03-24,"R$26,61 BRL",6922,6028,1.148308,"R$3,84 BRL",74,"1,07%",0.462294,32,"R$0,83 BRL",5,,,,,,,,,,,708536560751820,Gê Burger -> Digital Livre
2024-03-25,2024-03-25,"R$5,69 BRL",2430,2289,1.061599,"R$2,34 BRL",2,"0,0823%",0.041152,1,"R$5,69 BRL",,,,,,,,,,,,708536560751820,Gê Burger -> Digital Livre
2024-03-26,2024-03-26,"R$29,40 BRL",5514,5009,1.100819,"R$5,33 BRL",46,"0,83%",0.344577,19,"R$1,55 BRL",2,,,,,,,,,,1,708536560751820,Gê Burger -> Digital Livre
2024-03-27,2024-03-27,"R$30,45 BRL",6329,5703,1.109767,"R$4,81 BRL",45,"0,71%",0.237004,15,"R$2,03 BRL",,,,,,,,,,,1,708536560751820,Gê Burger -> Digital Livre
2024-03-28,2024-03-28,"R$28,20 BRL",6539,5727,1.141785,"R$4,31 BRL",64,"0,98%",0.382321,25,"R$1,13 BRL",5,,,,,,,,,,,708536560751820,Gê Burger -> Digital Livre
2024-03-29,2024-03-29,"R$27,88 BRL",6354,5659,1.122813,"R$4,39 BRL",45,"0,71%",0.267548,17,"R$1,64 BRL",3,,,,,,,,,,,708536560751820,Gê Burger -> Digital Livre
2024-03-30,2024-03-30,"R$30,23 BRL",8136,7261,1.120507,"R$3,72 BRL",79,"0,97%",0.454769,37,"R$0,82 BRL",8,,,,,,,,,,,708536560751820,Gê Burger -> Digital Livre
2024-03-31,2024-03-31,"R$26,65 BRL",8472,7473,1.133681,"R$3,15 BRL",76,"0,90%",0.342304,29,"R$0,92 BRL",5,,,,,,,,,,,708536560751820,Gê Burger -> Digital Livre
2024-04-01,2024-04-01,"R$5,71 BRL",2827,2647,1.068002,"R$2,02 BRL",7,"0,25%",0.176866,5,"R$1,14 BRL",,,,,,,,,,,,708536560751820,Gê Burger -> Digital Livre
2024-04-02,2024-04-02,"R$30,19 BRL",8927,7787,1.146398,"R$3,38 BRL",93,"1,04%",0.548897,49,"R$0,62 BRL",7,,,,,,,,,,1,708536560751820,Gê Burger -> Digital Livre
2024-04-03,2024-04-03,"R$17,57 BRL",6151,5671,1.084641,"R$2,86 BRL",45,"0,73%",0.341408,21,"R$0,84 BRL",2,,,,,,,,,,,708536560751820,Gê Burger -> Digital Livre
2024-04-04,2024-04-04,"R$29,31 BRL",8491,7613,1.115329,"R$3,45 BRL",93,"1,10%",0.529973,45,"R$0,65 BRL",3,,,,,,,,,,,708536560751820,Gê Burger -> Digital Livre
2024-04-05,2024-04-05,"R$29,43 BRL",7590,6483,1.170754,"R$3,88 BRL",65,"0,86%",0.368906,28,"R$1,05 BRL",3,,,,,,,,,,,708536560751820,Gê Burger -> Digital Livre
2024-04-06,2024-04-06,"R$30,23 BRL",8244,7489,1.100815,"R$3,67 BRL",82,"0,99%",0.485201,40,"R$0,76 BRL",3,,,,,,,,,,,708536560751820,Gê Burger -> Digital Livre
2024-04-07,2024-04-07,"R$28,25 BRL",8479,7548,1.123344,"R$3,33 BRL",82,"0,97%",0.377403,32,"R$0,88 BRL",5,,,,,,,,,,,708536560751820,Gê Burger -> Digital Livre
2024-04-08,2024-04-08,"R$5,57 BRL",2813,2678,1.050411,"R$1,98 BRL",10,"0,36%",0.142197,4,"R$1,39 BRL",,,,,,,,,,,,708536560751820,Gê Burger -> Digital Livre
2024-04-09,2024-04-09,"R$30,14 BRL",8396,7296,1.150768,"R$3,59 BRL",77,"0,92%",0.357313,30,"R$1,00 BRL",1,,,,,,,,,,,708536560751820,Gê Burger -> Digital Livre
2024-04-10,2024-04-10,"R$28,79 BRL",7544,6560,1.15,"R$3,82 BRL",81,"1,07%",0.490456,37,"R$0,78 BRL",4,,,,,,,,,,,708536560751820,Gê Burger -> Digital Livre
2024-04-11,2024-04-11,"R$26,12 BRL",7075,6276,1.12731,"R$3,69 BRL",59,"0,83%",0.409894,29,"R$0,90 BRL",4,,,,,,,,,,,708536560751820,Gê Burger -> Digital Livre
2024-04-12,2024-04-12,"R$29,44 BRL",8231,7120,1.156039,"R$3,58 BRL",75,"0,91%",0.400923,33,"R$0,89 BRL",5,,,,,,,,,,,708536560751820,Gê Burger -> Digital Livre
2024-04-13,2024-04-13,"R$30,16 BRL",9818,8757,1.12116,"R$3,07 BRL",76,"0,77%",0.224078,22,"R$1,37 BRL",1,,,,,,,,,,,708536560751820,Gê Burger -> Digital Livre
2024-04-14,2024-04-14,"R$27,03 BRL",9829,8734,1.125372,"R$2,75 BRL",94,"0,96%",0.335741,33,"R$0,82 BRL",7,,,,,,,,,,,708536560751820,Gê Burger -> Digital Livre
2024-04-15,2024-04-15,"R$5,62 BRL",2721,2433,1.118372,"R$2,07 BRL",7,"0,26%",0.183756,5,"R$1,12 BRL",,,,,,,,,,,,708536560751820,Gê Burger -> Digital Livre
2024-04-16,2024-04-16,"R$4,24 BRL",1888,1844,1.023861,"R$2,25 BRL",7,"0,37%",0.211864,4,"R$1,06 BRL",,,,,,,,,,,,708536560751820,Gê Burger -> Digital Livre
2024-04-17,2024-04-17,"R$32,81 BRL",6394,5545,1.153111,"R$5,13 BRL",35,"0,55%",0.172036,11,"R$2,98 BRL",2,,,,,,,,,,8,708536560751820,Gê Burger -> Digital Livre
2024-04-18,2024-04-18,"R$30,57 BRL",7980,6052,1.318572,"R$3,83 BRL",62,"0,78%",0.325815,26,"R$1,18 BRL",2,,,,,,,,,,2,708536560751820,Gê Burger -> Digital Livre
2024-04-19,2024-04-19,"R$28,07 BRL",7249,5639,1.285512,"R$3,87 BRL",59,"0,81%",0.35867,26,"R$1,08 BRL",3,,,,,,,,,,1,708536560751820,Gê Burger -> Digital Livre
2024-04-20,2024-04-20,"R$30,35 BRL",8869,6672,1.329287,"R$3,42 BRL",65,"0,73%",0.293156,26,"R$1,17 BRL",2,,,,,,,,,,6,708536560751820,Gê Burger -> Digital Livre
2024-04-21,2024-04-21,"R$27,16 BRL",9191,6601,1.392365,"R$2,96 BRL",64,"0,70%",0.304646,28,"R$0,97 BRL",5,,,,,,,,,,4,708536560751820,Gê Burger -> Digital Livre
2024-04-22,2024-04-22,"R$5,59 BRL",4616,3125,1.47712,"R$1,21 BRL",5,"0,11%",0.043328,2,"R$2,80 BRL",,,,,,,,,,,4,708536560751820,Gê Burger -> Digital Livre
2024-04-23,2024-04-23,"R$30,03 BRL",9214,7170,1.285077,"R$3,26 BRL",91,"0,99%",0.369004,34,"R$0,88 BRL",5,,,,,,,,,,1,708536560751820,Gê Burger -> Digital Livre
2024-04-24,2024-04-24,"R$28,56 BRL",9146,6949,1.316161,"R$3,12 BRL",88,"0,96%",0.306145,28,"R$1,02 BRL",2,,,,,,,,,,,708536560751820,Gê Burger -> Digital Livre
2024-04-25,2024-04-25,"R$27,77 BRL",9108,7168,1.270647,"R$3,05 BRL",92,"1,01%",0.384278,35,"R$0,79 BRL",7,,,,,,,,,,,708536560751820,Gê Burger -> Digital Livre
2024-04-26,2024-04-26,"R$29,00 BRL",9495,7609,1.247864,"R$3,05 BRL",82,"0,86%",0.347551,33,"R$0,88 BRL",3,,,,,,,,,,1,708536560751820,Gê Burger -> Digital Livre
2024-04-27,2024-04-27,"R$30,29 BRL",9868,7748,1.273619,"R$3,07 BRL",89,"0,90%",0.456019,45,"R$0,67 BRL",7,,,,,,,,,1,6,708536560751820,Gê Burger -> Digital Livre
2024-04-28,2024-04-28,"R$26,77 BRL",10282,8103,1.268913,"R$2,60 BRL",76,"0,74%",0.291772,30,"R$0,89 BRL",3,,,,,,,,,,,708536560751820,Gê Burger -> Digital Livre
2024-04-29,2024-04-29,"R$5,56 BRL",4716,3418,1.379754,"R$1,18 BRL",5,"0,11%",0.021204,1,"R$5,56 BRL",,,,,,,,,,1,1,708536560751820,Gê Burger -> Digital Livre
2024-04-30,2024-04-30,"R$29,50 BRL",8776,6917,1.268758,"R$3,36 BRL",67,"0,76%",0.296263,26,"R$1,13 BRL",2,3,,,,,,,,1,1,708536560751820,Gê Burger -> Digital Livre
2024-05-01,2024-05-01,"R$30,33 BRL",13270,10780,1.230983,"R$2,29 BRL",108,"0,81%",0.278824,37,"R$0,82 BRL",2,1,,,,,,,,,2,708536560751820,Gê Burger -> Digital Livre
2024-05-02,2024-05-02,"R$29,86 BRL",12162,9738,1.248922,"R$2,46 BRL",97,"0,80%",0.320671,39,"R$0,77 BRL",5,4,,,,,,,,,1,708536560751820,Gê Burger -> Digital Livre
2024-05-03,2024-05-03,"R$28,05 BRL",10795,8786,1.228659,"R$2,60 BRL",104,"0,96%",0.389069,42,"R$0,67 BRL",7,5,,,,,,,,,2,708536560751820,Gê Burger -> Digital Livre
2024-05-04,2024-05-04,"R$28,65 BRL",11434,8795,1.300057,"R$2,51 BRL",84,"0,73%",0.323596,37,"R$0,77 BRL",2,8,,,,,,,,,,708536560751820,Gê Burger -> Digital Livre
2024-05-05,2024-05-05,"R$27,49 BRL",12408,9624,1.289277,"R$2,22 BRL",92,"0,74%",0.338491,42,"R$0,65 BRL",8,5,,,,,,,,,4,708536560751820,Gê Burger -> Digital Livre
2024-05-06,2024-05-06,"R$5,57 BRL",5233,3821,1.369537,"R$1,06 BRL",9,"0,17%",0.076438,4,"R$1,39 BRL",,,,,,,,,,,2,708536560751820,Gê Burger -> Digital Livre
2024-05-07,2024-05-07,"R$29,87 BRL",11188,9335,1.1985,"R$2,67 BRL",84,"0,75%",0.268144,30,"R$1,00 BRL",6,3,,,,,,,,1,3,708536560751820,Gê Burger -> Digital Livre
2024-05-08,2024-05-08,"R$21,53 BRL",8115,6667,1.217189,"R$2,65 BRL",57,"0,70%",0.295749,24,"R$0,90 BRL",1,,,,,,,,,,3,708536560751820,Gê Burger -> Digital Livre
2024-05-09,2024-05-09,"R$54,80 BRL",16923,13447,1.258496,"R$3,24 BRL",129,"0,76%",0.390002,66,"R$0,83 BRL",17,9,,,,,,,,,,708536560751820,Gê Burger -> Digital Livre
2024-05-10,2024-05-10,"R$109,10 BRL",34887,23842,1.463258,"R$3,13 BRL",212,"0,61%",0.312437,109,"R$1,00 BRL",18,15,,,,,,,,,,708536560751820,Gê Burger -> Digital Livre
2024-05-11,2024-05-11,"R$112,64 BRL",40086,27480,1.458734,"R$2,81 BRL",230,"0,57%",0.309335,124,"R$0,91 BRL",31,17,,,,,,,,,,708536560751820,Gê Burger -> Digital Livre
2024-05-12,2024-05-12,"R$113,93 BRL",48151,31805,1.513944,"R$2,37 BRL",236,"0,49%",0.255446,123,"R$0,93 BRL",39,20,,,,,,,,,,708536560751820,Gê Burger -> Digital Livre
2024-05-13,2024-05-13,"R$56,24 BRL",33716,20821,1.619327,"R$1,67 BRL",76,"0,23%",0.163127,55,"R$1,02 BRL",23,7,,,,,,,,1,2,708536560751820,Gê Burger -> Digital Livre
2024-05-14,2024-05-14,"R$112,26 BRL",40809,28896,1.412272,"R$2,75 BRL",203,"0,50%",0.281801,115,"R$0,98 BRL",33,7,,,,,,,,,,708536560751820,Gê Burger -> Digital Livre
2024-05-15,2024-05-15,"R$133,52 BRL",46079,30173,1.52716,"R$2,90 BRL",311,"0,67%",0.301656,139,"R$0,96 BRL",55,34,,,,,,,,711,980,708536560751820,Gê Burger -> Digital Livre
2024-05-16,2024-05-16,"R$145,35 BRL",45902,31049,1.478373,"R$3,17 BRL",328,"0,71%",0.333319,153,"R$0,95 BRL",55,30,,,,,,,,969,1328,708536560751820,Gê Burger -> Digital Livre
2024-05-17,2024-05-17,"R$124,58 BRL",39698,26721,1.485648,"R$3,14 BRL",208,"0,52%",0.20656,82,"R$1,52 BRL",42,24,,,,,,,,790,1114,708536560751820,Gê Burger -> Digital Livre
2024-05-18,2024-05-18,"R$132,79 BRL",38306,23031,1.663237,"R$3,47 BRL",240,"0,63%",0.308046,118,"R$1,13 BRL",71,37,,,,,,,,391,527,708536560751820,Gê Burger -> Digital Livre
2024-05-19,2024-05-19,"R$124,36 BRL",40545,24343,1.665571,"R$3,07 BRL",271,"0,67%",0.249106,101,"R$1,23 BRL",58,35,,,,,,,,456,594,708536560751820,Gê Burger -> Digital Livre
2024-05-20,2024-05-20,"R$30,23 BRL",23519,13241,1.776225,"R$1,29 BRL",32,"0,14%",0.102045,24,"R$1,26 BRL",24,6,,,,,,,,11,15,708536560751820,Gê Burger -> Digital Livre
2024-05-21,2024-05-21,"R$92,11 BRL",25474,17096,1.490056,"R$3,62 BRL",186,"0,73%",0.282641,72,"R$1,28 BRL",36,12,,,,,,,,1176,1697,708536560751820,Gê Burger -> Digital Livre
2024-05-22,2024-05-22,"R$70,40 BRL",30350,21265,1.427228,"R$2,32 BRL",124,"0,41%",0.158155,48,"R$1,47 BRL",33,20,,,,,,,,948,1359,708536560751820,Gê Burger -> Digital Livre
2024-05-23,2024-05-23,"R$74,80 BRL",37061,25921,1.429767,"R$2,02 BRL",106,"0,29%",0.126818,47,"R$1,59 BRL",32,8,,,,,,,,914,1297,708536560751820,Gê Burger -> Digital Livre
2024-05-24,2024-05-24,"R$77,16 BRL",35801,25712,1.392385,"R$2,16 BRL",98,"0,27%",0.097763,35,"R$2,20 BRL",25,11,,,,,,,,798,1101,708536560751820,Gê Burger -> Digital Livre
2024-05-25,2024-05-25,"R$69,62 BRL",24844,16218,1.531878,"R$2,80 BRL",127,"0,51%",0.177105,44,"R$1,58 BRL",34,12,,,,,,,,969,1357,708536560751820,Gê Burger -> Digital Livre
2024-05-26,2024-05-26,"R$69,90 BRL",27222,17325,1.571255,"R$2,57 BRL",135,"0,50%",0.194695,53,"R$1,32 BRL",32,15,,,,,,,,864,1233,708536560751820,Gê Burger -> Digital Livre
2024-05-27,2024-05-27,"R$30,48 BRL",19586,12550,1.560637,"R$1,56 BRL",33,"0,17%",0.056163,11,"R$2,77 BRL",10,4,,,,,,,,785,1076,708536560751820,Gê Burger -> Digital Livre
2024-05-28,2024-05-28,"R$81,18 BRL",40745,29300,1.390614,"R$1,99 BRL",131,"0,32%",0.142349,58,"R$1,40 BRL",48,22,,,,,,,,789,1155,708536560751820,Gê Burger -> Digital Livre
2024-05-29,2024-05-29,"R$85,62 BRL",41092,29260,1.404375,"R$2,08 BRL",164,"0,40%",0.17765,73,"R$1,17 BRL",56,26,,,,,,,,438,641,708536560751820,Gê Burger -> Digital Livre
2024-05-30,2024-05-30,"R$89,76 BRL",44422,29369,1.512547,"R$2,02 BRL",163,"0,37%",0.186844,83,"R$1,08 BRL",67,38,,,,,,,,2,36,708536560751820,Gê Burger -> Digital Livre
2024-05-31,2024-05-31,"R$84,09 BRL",45027,31201,1.443127,"R$1,87 BRL",131,"0,29%",0.119928,54,"R$1,56 BRL",38,18,,,,,,,,315,428,708536560751820,Gê Burger -> Digital Livre
2024-06-01,2024-06-01,"R$58,01 BRL",24925,15492,1.608895,"R$2,33 BRL",108,"0,43%",0.184554,46,"R$1,26 BRL",36,20,,,,,,,,644,885,708536560751820,Gê Burger -> Digital Livre
2024-06-02,2024-06-02,"R$80,66 BRL",33943,20439,1.660698,"R$2,38 BRL",145,"0,43%",0.167929,57,"R$1,42 BRL",43,23,,,,,,,,768,1072,708536560751820,Gê Burger -> Digital Livre
2024-06-03,2024-06-03,"R$25,54 BRL",23539,14927,1.576941,"R$1,09 BRL",35,"0,15%",0.050979,12,"R$2,13 BRL",12,3,,,,,,,,357,516,708536560751820,Gê Burger -> Digital Livre
2024-06-04,2024-06-04,"R$68,76 BRL",44659,32263,1.384217,"R$1,54 BRL",121,"0,27%",0.11196,50,"R$1,38 BRL",36,17,,,,,,,,523,793,708536560751820,Gê Burger -> Digital Livre
2024-06-05,2024-06-05,"R$77,31 BRL",42862,31940,1.341954,"R$1,80 BRL",127,"0,30%",0.12132,52,"R$1,49 BRL",36,15,,,,,,,,575,822,708536560751820,Gê Burger -> Digital Livre
2024-06-06,2024-06-06,"R$69,04 BRL",35708,26538,1.345542,"R$1,93 BRL",88,"0,25%",0.092416,33,"R$2,09 BRL",30,16,,,,,,,,627,916,708536560751820,Gê Burger -> Digital Livre
2024-06-07,2024-06-07,"R$67,67 BRL",26181,20640,1.268459,"R$2,58 BRL",121,"0,46%",0.160422,42,"R$1,61 BRL",26,15,,,,,,,,335,500,708536560751820,Gê Burger -> Digital Livre
2024-06-08,2024-06-08,"R$59,57 BRL",20870,16901,1.234838,"R$2,85 BRL",99,"0,47%",0.234787,49,"R$1,22 BRL",34,35,,,,,,,,652,916,708536560751820,Gê Burger -> Digital Livre
2024-06-09,2024-06-09,"R$62,17 BRL",25634,20147,1.272348,"R$2,43 BRL",144,"0,56%",0.21846,56,"R$1,11 BRL",44,26,,,,,,,,895,1298,708536560751820,Gê Burger -> Digital Livre
2024-06-10,2024-06-10,"R$15,08 BRL",14897,11329,1.314944,"R$1,01 BRL",25,"0,17%",0.067128,10,"R$1,51 BRL",10,3,,,,,,,,71,101,708536560751820,Gê Burger -> Digital Livre
2024-06-11,2024-06-11,"R$69,66 BRL",32150,26641,1.206787,"R$2,17 BRL",160,"0,50%",0.211509,68,"R$1,02 BRL",53,24,,,,,,,,744,1050,708536560751820,Gê Burger -> Digital Livre
2024-06-12,2024-06-12,"R$72,36 BRL",34559,26688,1.294927,"R$2,09 BRL",138,"0,40%",0.188084,65,"R$1,11 BRL",53,29,,,,,,,,652,912,708536560751820,Gê Burger -> Digital Livre
2024-06-13,2024-06-13,"R$74,80 BRL",35581,28234,1.260218,"R$2,10 BRL",116,"0,33%",0.140524,50,"R$1,50 BRL",41,20,,,,,,,,669,954,708536560751820,Gê Burger -> Digital Livre
2024-06-14,2024-06-14,"R$54,31 BRL",29283,23042,1.270853,"R$1,85 BRL",78,"0,27%",0.099034,29,"R$1,87 BRL",25,10,,,,,,,,153,222,708536560751820,Gê Burger -> Digital Livre
2024-06-15,2024-06-15,"R$52,77 BRL",18895,13511,1.39849,"R$2,79 BRL",112,"0,59%",0.254035,48,"R$1,10 BRL",29,15,,,,,,,,223,320,708536560751820,Gê Burger -> Digital Livre
2024-06-16,2024-06-16,"R$60,20 BRL",22366,15564,1.437034,"R$2,69 BRL",131,"0,59%",0.272735,61,"R$0,99 BRL",31,20,,,,,,,,292,418,708536560751820,Gê Burger -> Digital Livre
2024-06-17,2024-06-17,"R$15,27 BRL",13663,9529,1.433834,"R$1,12 BRL",26,"0,19%",0.087828,12,"R$1,27 BRL",12,7,,,,,,,,62,85,708536560751820,Gê Burger -> Digital Livre
2024-06-18,2024-06-18,"R$95,94 BRL",49237,37505,1.312812,"R$1,95 BRL",187,"0,38%",0.14217,70,"R$1,37 BRL",52,23,,,,,,,,324,478,708536560751820,Gê Burger -> Digital Livre
2024-06-19,2024-06-19,"R$83,96 BRL",42041,32604,1.289443,"R$2,00 BRL",126,"0,30%",0.12131,51,"R$1,65 BRL",44,7,,,,,,,,238,481,708536560751820,Gê Burger -> Digital Livre
2024-06-20,2024-06-20,"R$101,68 BRL",43322,34076,1.271335,"R$2,35 BRL",154,"0,36%",0.131573,57,"R$1,78 BRL",54,8,,,,,,,,451,768,708536560751820,Gê Burger -> Digital Livre
2024-06-21,2024-06-21,"R$80,24 BRL",24764,20100,1.23204,"R$3,24 BRL",132,"0,53%",0.209982,52,"R$1,54 BRL",47,5,,,,,,,,373,693,708536560751820,Gê Burger -> Digital Livre
2024-06-22,2024-06-22,"R$89,80 BRL",21411,16725,1.280179,"R$4,19 BRL",173,"0,81%",0.359628,77,"R$1,17 BRL",45,9,,,,,,,,413,1006,708536560751820,Gê Burger -> Digital Livre
2024-06-23,2024-06-23,"R$90,61 BRL",23584,18341,1.285862,"R$3,84 BRL",190,"0,81%",0.377374,89,"R$1,02 BRL",34,9,,,,,,,,494,1145,708536560751820,Gê Burger -> Digital Livre
2024-06-24,2024-06-24,"R$31,61 BRL",14347,10905,1.315635,"R$2,20 BRL",31,"0,22%",0.167282,24,"R$1,32 BRL",1,,,,,,,,,258,367,708536560751820,Gê Burger -> Digital Livre
2024-06-25,2024-06-25,"R$106,74 BRL",37970,31141,1.219293,"R$2,81 BRL",169,"0,45%",0.210693,80,"R$1,33 BRL",45,5,,,,,,,,374,998,708536560751820,Gê Burger -> Digital Livre
2024-06-26,2024-06-26,"R$107,45 BRL",37139,29931,1.240821,"R$2,89 BRL",149,"0,40%",0.207329,77,"R$1,40 BRL",33,9,,,,,,,,255,945,708536560751820,Gê Burger -> Digital Livre
2024-06-27,2024-06-27,"R$110,31 BRL",36479,29061,1.255256,"R$3,02 BRL",127,"0,35%",0.169961,62,"R$1,78 BRL",35,3,,,,,,,,280,1124,708536560751820,Gê Burger -> Digital Livre
2024-06-28,2024-06-28,"R$117,95 BRL",38788,31094,1.247443,"R$3,04 BRL",180,"0,46%",0.242343,94,"R$1,25 BRL",40,9,,,,,,,,412,1291,708536560751820,Gê Burger -> Digital Livre
2024-06-29,2024-06-29,"R$95,77 BRL",24062,19682,1.222538,"R$3,98 BRL",160,"0,66%",0.211952,51,"R$1,88 BRL",26,4,,,,,,,,543,1734,708536560751820,Gê Burger -> Digital Livre
2024-06-30,2024-06-30,"R$72,68 BRL",23387,18759,1.246708,"R$3,11 BRL",151,"0,65%",0.256553,60,"R$1,21 BRL",27,9,,,,,,,,568,1635,708536560751820,Gê Burger -> Digital Livre
2024-07-01,2024-07-01,"R$15,16 BRL",14546,11744,1.23859,"R$1,04 BRL",10,"0,0687%",0.027499,4,"R$3,79 BRL",4,,,,,,,,,489,720,708536560751820,Gê Burger -> Digital Livre
2024-07-02,2024-07-02,"R$61,00 BRL",39474,30792,1.281956,"R$1,55 BRL",110,"0,28%",0.134266,53,"R$1,15 BRL",36,11,,,,,,,,585,865,708536560751820,Gê Burger -> Digital Livre
2024-07-03,2024-07-03,"R$62,68 BRL",36800,29180,1.261138,"R$1,70 BRL",100,"0,27%",0.100543,37,"R$1,69 BRL",25,8,,,,,,,,534,792,708536560751820,Gê Burger -> Digital Livre
2024-07-04,2024-07-04,"R$64,45 BRL",35720,27891,1.2807,"R$1,80 BRL",131,"0,37%",0.153975,55,"R$1,17 BRL",42,12,,,,,,,,477,690,708536560751820,Gê Burger -> Digital Livre
2024-07-05,2024-07-05,"R$65,62 BRL",33875,26828,1.262673,"R$1,94 BRL",103,"0,30%",0.094465,32,"R$2,05 BRL",25,4,,,,,,,,446,625,708536560751820,Gê Burger -> Digital Livre
2024-07-06,2024-07-06,"R$104,39 BRL",27567,21768,1.2664,"R$3,79 BRL",185,"0,67%",0.297457,82,"R$1,27 BRL",56,11,,,,,,,,600,1761,708536560751820,Gê Burger -> Digital Livre
2024-07-07,2024-07-07,"R$45,12 BRL",20323,16767,1.212083,"R$2,22 BRL",87,"0,43%",0.177139,36,"R$1,25 BRL",31,14,,,,,,,,553,1183,708536560751820,Gê Burger -> Digital Livre
2024-07-08,2024-07-08,"R$15,42 BRL",14541,12289,1.183253,"R$1,06 BRL",29,"0,20%",0.061894,9,"R$1,71 BRL",8,2,,,,,,,,486,716,708536560751820,Gê Burger -> Digital Livre
2024-07-09,2024-07-09,"R$101,71 BRL",46581,35451,1.313954,"R$2,18 BRL",227,"0,49%",0.201799,94,"R$1,08 BRL",75,25,,,,,,,,625,1525,708536560751820,Gê Burger -> Digital Livre
2024-07-10,2024-07-10,"R$101,87 BRL",43680,34479,1.266858,"R$2,33 BRL",171,"0,39%",0.171703,75,"R$1,36 BRL",42,10,,,,,,,,509,1182,708536560751820,Gê Burger -> Digital Livre
2024-07-11,2024-07-11,"R$101,10 BRL",42477,33406,1.271538,"R$2,38 BRL",188,"0,44%",0.176566,75,"R$1,35 BRL",56,13,,,,,,,,633,1595,708536560751820,Gê Burger -> Digital Livre
2024-07-12,2024-07-12,"R$101,71 BRL",41342,33245,1.243555,"R$2,46 BRL",184,"0,45%",0.171738,71,"R$1,43 BRL",54,12,,,,,,,,574,1470,708536560751820,Gê Burger -> Digital Livre
2024-07-13,2024-07-13,"R$89,87 BRL",24977,20133,1.2406,"R$3,60 BRL",190,"0,76%",0.316291,79,"R$1,14 BRL",55,13,,,,,,,,599,1556,708536560751820,Gê Burger -> Digital Livre
2024-07-14,2024-07-14,"R$67,69 BRL",24526,19858,1.235069,"R$2,76 BRL",163,"0,66%",0.224252,55,"R$1,23 BRL",36,15,,,,,,,,558,1211,708536560751820,Gê Burger -> Digital Livre
2024-07-15,2024-07-15,"R$15,20 BRL",13427,10309,1.302454,"R$1,13 BRL",17,"0,13%",0.037238,5,"R$3,04 BRL",5,2,,,,,,,,441,637,708536560751820,Gê Burger -> Digital Livre
2024-07-16,2024-07-16,"R$89,87 BRL",40805,31500,1.295397,"R$2,20 BRL",184,"0,45%",0.1789,73,"R$1,23 BRL",58,12,,,,,,,,468,994,708536560751820,Gê Burger -> Digital Livre
2024-07-17,2024-07-17,"R$60,60 BRL",34389,28076,1.224854,"R$1,76 BRL",89,"0,26%",0.145395,50,"R$1,21 BRL",39,10,,,,,,,,389,735,708536560751820,Gê Burger -> Digital Livre
2024-07-18,2024-07-18,"R$96,03 BRL",38960,31024,1.255802,"R$2,46 BRL",168,"0,43%",0.161704,63,"R$1,52 BRL",45,8,,,,,,,,472,1213,708536560751820,Gê Burger -> Digital Livre
2024-07-19,2024-07-19,"R$98,68 BRL",37900,30378,1.247613,"R$2,60 BRL",147,"0,39%",0.139842,53,"R$1,86 BRL",43,9,,,,,,,,456,1217,708536560751820,Gê Burger -> Digital Livre
2024-07-20,2024-07-20,"R$103,85 BRL",25483,20153,1.264477,"R$4,08 BRL",188,"0,74%",0.29039,74,"R$1,40 BRL",44,16,,,,,,,,548,2047,708536560751820,Gê Burger -> Digital Livre
2024-07-21,2024-07-21,"R$91,41 BRL",26011,19518,1.332667,"R$3,51 BRL",199,"0,77%",0.257583,67,"R$1,36 BRL",48,19,,,,,,,,587,2190,708536560751820,Gê Burger -> Digital Livre
2024-07-22,2024-07-22,"R$15,32 BRL",12112,9216,1.314236,"R$1,26 BRL",17,"0,14%",0.041281,5,"R$3,06 BRL",5,,,,,,,,,323,458,708536560751820,Gê Burger -> Digital Livre
2024-07-23,2024-07-23,"R$114,99 BRL",42575,33465,1.272225,"R$2,70 BRL",213,"0,50%",0.197299,84,"R$1,37 BRL",66,30,,,,,,,,562,2148,708536560751820,Gê Burger -> Digital Livre
2024-07-24,2024-07-24,"R$88,17 BRL",36417,30382,1.198637,"R$2,42 BRL",108,"0,30%",0.145536,53,"R$1,66 BRL",44,16,,,,,,,,434,1291,708536560751820,Gê Burger -> Digital Livre
2024-07-25,2024-07-25,"R$106,09 BRL",39296,31061,1.265123,"R$2,70 BRL",196,"0,50%",0.183225,72,"R$1,47 BRL",57,13,,,,,,,,524,1747,708536560751820,Gê Burger -> Digital Livre
2024-07-26,2024-07-26,"R$104,11 BRL",37894,30690,1.234734,"R$2,75 BRL",181,"0,48%",0.219032,83,"R$1,25 BRL",66,18,,,,,,,,473,1487,708536560751820,Gê Burger -> Digital Livre
2024-07-27,2024-07-27,"R$101,32 BRL",25907,20118,1.287752,"R$3,91 BRL",197,"0,76%",0.343537,89,"R$1,14 BRL",76,16,,,,,,,,541,2066,708536560751820,Gê Burger -> Digital Livre
2024-07-28,2024-07-28,"R$96,59 BRL",26735,19773,1.352096,"R$3,61 BRL",194,"0,73%",0.243127,65,"R$1,49 BRL",47,14,,,,,,,,532,2023,708536560751820,Gê Burger -> Digital Livre
2024-07-29,2024-07-29,"R$15,10 BRL",11695,8632,1.354842,"R$1,29 BRL",9,"0,0770%",0.042753,5,"R$3,02 BRL",5,1,,,,,,,,348,498,708536560751820,Gê Burger -> Digital Livre
2024-07-30,2024-07-30,"R$80,04 BRL",35401,28046,1.262248,"R$2,26 BRL",114,"0,32%",0.146889,52,"R$1,54 BRL",41,15,,,,,,,,388,798,708536560751820,Gê Burger -> Digital Livre
2024-07-31,2024-07-31,"R$107,32 BRL",37327,30085,1.240718,"R$2,88 BRL",155,"0,42%",0.176816,66,"R$1,63 BRL",52,12,,,,,,,,645,2220,708536560751820,Gê Burger -> Digital Livre
2024-08-01,2024-08-01,"R$102,72 BRL",41780,32092,1.301882,"R$2,46 BRL",151,"0,36%",0.134035,56,"R$1,83 BRL",30,11,,,,,,,,578,1402,708536560751820,Gê Burger -> Digital Livre
2024-08-02,2024-08-02,"R$130,17 BRL",44835,35958,1.246871,"R$2,90 BRL",277,"0,62%",0.231962,104,"R$1,25 BRL",85,37,,,,,,,,745,2470,708536560751820,Gê Burger -> Digital Livre
2024-08-03,2024-08-03,"R$108,84 BRL",27973,21412,1.306417,"R$3,89 BRL",273,"0,98%",0.328889,92,"R$1,18 BRL",69,37,,,,,,,,703,2329,708536560751820,Gê Burger -> Digital Livre
2024-08-04,2024-08-04,"R$101,92 BRL",29090,22389,1.299299,"R$3,50 BRL",256,"0,88%",0.333448,97,"R$1,05 BRL",79,38,,,,,,,,674,2316,708536560751820,Gê Burger -> Digital Livre
2024-08-05,2024-08-05,"R$15,26 BRL",12268,9576,1.281119,"R$1,24 BRL",15,"0,12%",0.06521,8,"R$1,91 BRL",8,,,,,,,,,388,557,708536560751820,Gê Burger -> Digital Livre
2024-08-06,2024-08-06,"R$125,90 BRL",42920,34333,1.250109,"R$2,93 BRL",281,"0,65%",0.249301,107,"R$1,18 BRL",88,39,,,,,,,,656,2468,708536560751820,Gê Burger -> Digital Livre
2024-08-07,2024-08-07,"R$144,25 BRL",45158,37972,1.189245,"R$3,19 BRL",228,"0,50%",0.166084,75,"R$1,92 BRL",61,15,,,,,,,,583,2498,708536560751820,Gê Burger -> Digital Livre
2024-08-08,2024-08-08,"R$158,43 BRL",48339,41228,1.17248,"R$3,28 BRL",254,"0,53%",0.171704,83,"R$1,91 BRL",55,24,,,,,,,,444,2688,708536560751820,Gê Burger -> Digital Livre
2024-08-09,2024-08-09,"R$154,52 BRL",46434,37342,1.243479,"R$3,33 BRL",269,"0,58%",0.22182,103,"R$1,50 BRL",75,19,,,,,,,,396,2531,708536560751820,Gê Burger -> Digital Livre
2024-08-10,2024-08-10,"R$135,06 BRL",29289,21750,1.346621,"R$4,61 BRL",279,"0,95%",0.338011,99,"R$1,36 BRL",64,25,,,,,,,,403,2422,708536560751820,Gê Burger -> Digital Livre
2024-08-11,2024-08-11,"R$122,97 BRL",31975,22890,1.396898,"R$3,85 BRL",259,"0,81%",0.265833,85,"R$1,45 BRL",57,28,,,,,,,,330,2166,708536560751820,Gê Burger -> Digital Livre
2024-08-12,2024-08-12,"R$15,30 BRL",11916,8988,1.325768,"R$1,28 BRL",9,"0,0755%",0.04196,5,"R$3,06 BRL",,,,,,,,,,,,708536560751820,Gê Burger -> Digital Livre
2024-08-13,2024-08-13,"R$147,36 BRL",51516,41625,1.237622,"R$2,86 BRL",348,"0,68%",0.225173,116,"R$1,27 BRL",80,33,,,,,,,,455,2604,708536560751820,Gê Burger -> Digital Livre
2024-08-14,2024-08-14,"R$146,60 BRL",49974,40167,1.244156,"R$2,93 BRL",321,"0,64%",0.214111,107,"R$1,37 BRL",73,31,,,,,,,,407,2368,708536560751820,Gê Burger -> Digital Livre
2024-08-15,2024-08-15,"R$157,93 BRL",51279,42751,1.199481,"R$3,08 BRL",304,"0,59%",0.247665,127,"R$1,24 BRL",93,44,,,,,,,,417,2578,708536560751820,Gê Burger -> Digital Livre
2024-08-16,2024-08-16,"R$142,05 BRL",44809,37631,1.190747,"R$3,17 BRL",235,"0,52%",0.220938,99,"R$1,43 BRL",63,26,,,,,,,,298,1835,708536560751820,Gê Burger -> Digital Livre
2024-08-17,2024-08-17,"R$140,12 BRL",33250,25945,1.281557,"R$4,21 BRL",246,"0,74%",0.252632,84,"R$1,67 BRL",50,15,,,,,,,,271,1751,708536560751820,Gê Burger -> Digital Livre
2024-08-18,2024-08-18,"R$122,02 BRL",34775,25545,1.361323,"R$3,51 BRL",245,"0,70%",0.241553,84,"R$1,45 BRL",44,22,,,,,,,,174,1035,708536560751820,Gê Burger -> Digital Livre
2024-08-19,2024-08-19,"R$15,29 BRL",13429,9426,1.424676,"R$1,14 BRL",11,"0,0819%",0.037233,5,"R$3,06 BRL",,1,,,,,,,,,,708536560751820,Gê Burger -> Digital Livre
2024-08-20,2024-08-20,"R$152,44 BRL",54382,44596,1.219437,"R$2,80 BRL",332,"0,61%",0.231694,126,"R$1,21 BRL",71,30,,,,,,,,279,1660,708536560751820,Gê Burger -> Digital Livre
2024-08-21,2024-08-21,"R$153,35 BRL",49204,40176,1.224711,"R$3,12 BRL",311,"0,63%",0.225591,111,"R$1,38 BRL",70,37,,,,,,,,390,2239,708536560751820,Gê Burger -> Digital Livre
2024-08-22,2024-08-22,"R$156,93 BRL",48338,39516,1.223251,"R$3,25 BRL",279,"0,58%",0.250321,121,"R$1,30 BRL",83,41,,,,,,,,352,2119,708536560751820,Gê Burger -> Digital Livre
2024-08-23,2024-08-23,"R$115,08 BRL",42310,34902,1.212251,"R$2,72 BRL",224,"0,53%",0.158355,67,"R$1,72 BRL",47,18,,,,,,,,308,1842,708536560751820,Gê Burger -> Digital Livre
2024-08-24,2024-08-24,"R$116,18 BRL",28531,21012,1.357843,"R$4,07 BRL",240,"0,84%",0.315446,90,"R$1,29 BRL",59,28,,,,,,,,361,2063,708536560751820,Gê Burger -> Digital Livre
2024-08-25,2024-08-25,"R$110,20 BRL",30520,22494,1.356806,"R$3,61 BRL",278,"0,91%",0.344037,105,"R$1,05 BRL",66,34,,,,,,,,320,1886,708536560751820,Gê Burger -> Digital Livre
2024-08-26,2024-08-26,"R$15,26 BRL",12454,9559,1.302856,"R$1,23 BRL",27,"0,22%",0.120443,15,"R$1,02 BRL",2,1,,,,,,,,,,708536560751820,Gê Burger -> Digital Livre
2024-08-27,2024-08-27,"R$100,34 BRL",23799,19219,1.238306,"R$4,22 BRL",284,"1,19%",0.365562,87,"R$1,15 BRL",65,27,,,,,,,,386,2490,708536560751820,Gê Burger -> Digital Livre
2024-08-28,2024-08-28,"R$94,14 BRL",20403,16943,1.204214,"R$4,61 BRL",208,"1,02%",0.308778,63,"R$1,49 BRL",47,23,,,,,,,,328,1843,708536560751820,Gê Burger -> Digital Livre
2024-08-29,2024-08-29,"R$106,93 BRL",21838,18229,1.197981,"R$4,90 BRL",224,"1,03%",0.352596,77,"R$1,39 BRL",53,24,,,,,,,,344,2190,708536560751820,Gê Burger -> Digital Livre
2024-08-30,2024-08-30,"R$108,61 BRL",23011,18676,1.232116,"R$4,72 BRL",198,"0,86%",0.273782,63,"R$1,72 BRL",46,19,,,,,,,,279,1631,708536560751820,Gê Burger -> Digital Livre
2024-08-31,2024-08-31,"R$111,03 BRL",20254,15935,1.271039,"R$5,48 BRL",244,"1,20%",0.385109,78,"R$1,42 BRL",51,19,,,,,,,,375,2197,708536560751820,Gê Burger -> Digital Livre
2024-09-01,2024-09-01,"R$21,34 BRL",4521,3531,1.280374,"R$4,72 BRL",59,"1,31%",0.552975,25,"R$0,85 BRL",13,1,,,,,,,,1,1,708536560751820,Gê Burger -> Digital Livre
2024-09-03,2024-09-03,"R$31,39 BRL",14815,12425,1.192354,"R$2,12 BRL",71,"0,48%",0.209247,31,"R$1,01 BRL",20,5,,,,,,,,1,6,708536560751820,Gê Burger -> Digital Livre
2024-09-04,2024-09-04,"R$31,84 BRL",18019,15170,1.187805,"R$1,77 BRL",73,"0,41%",0.17759,32,"R$1,00 BRL",23,6,,,,,,,,,6,708536560751820,Gê Burger -> Digital Livre
2024-09-05,2024-09-05,"R$31,73 BRL",14565,12922,1.127148,"R$2,18 BRL",53,"0,36%",0.123584,18,"R$1,76 BRL",7,1,,,,,,,,,3,708536560751820,Gê Burger -> Digital Livre
2024-09-06,2024-09-06,"R$13,77 BRL",8265,7642,1.081523,"R$1,67 BRL",22,"0,27%",0.072595,6,"R$2,30 BRL",4,1,,,,,,,,,1,708536560751820,Gê Burger -> Digital Livre
2024-09-07,2024-09-07,"R$23,29 BRL",4617,3711,1.244139,"R$5,04 BRL",64,"1,39%",0.649773,30,"R$0,78 BRL",10,3,,,,,,,,,8,708536560751820,Gê Burger -> Digital Livre
2024-09-08,2024-09-08,"R$21,05 BRL",4922,3918,1.256253,"R$4,28 BRL",50,"1,02%",0.325071,16,"R$1,32 BRL",4,2,,,,,,,,,4,708536560751820,Gê Burger -> Digital Livre
2024-09-10,2024-09-10,"R$21,84 BRL",4366,3880,1.125258,"R$5,00 BRL",62,"1,42%",0.549702,24,"R$0,91 BRL",9,3,,,,,,,,,4,708536560751820,Gê Burger -> Digital Livre
2024-09-11,2024-09-11,"R$21,70 BRL",4114,3362,1.223676,"R$5,27 BRL",59,"1,43%",0.486145,20,"R$1,09 BRL",5,1,,,,,,,,1,3,708536560751820,Gê Burger -> Digital Livre
2024-09-12,2024-09-12,"R$21,40 BRL",4225,3586,1.178193,"R$5,07 BRL",40,"0,95%",0.35503,15,"R$1,43 BRL",6,,,,,,,,,1,5,708536560751820,Gê Burger -> Digital Livre
2024-09-13,2024-09-13,"R$22,47 BRL",3478,3005,1.157404,"R$6,46 BRL",43,"1,24%",0.488787,17,"R$1,32 BRL",9,2,,,,,,,,,2,708536560751820,Gê Burger -> Digital Livre
2024-09-14,2024-09-14,"R$23,47 BRL",3800,3124,1.216389,"R$6,18 BRL",49,"1,29%",0.421053,16,"R$1,47 BRL",5,2,,,,,,,,,3,708536560751820,Gê Burger -> Digital Livre
2024-09-15,2024-09-15,"R$20,82 BRL",3859,3176,1.21505,"R$5,40 BRL",66,"1,71%",0.492356,19,"R$1,10 BRL",10,3,,,,,,,,1,5,708536560751820,Gê Burger -> Digital Livre
2024-09-17,2024-09-17,"R$26,18 BRL",4312,3486,1.236948,"R$6,07 BRL",99,"2,30%",0.834879,36,"R$0,73 BRL",33,19,,,,,,,,85,468,708536560751820,Gê Burger -> Digital Livre
2024-09-18,2024-09-18,"R$47,73 BRL",8006,6530,1.226034,"R$5,96 BRL",186,"2,32%",0.637022,51,"R$0,94 BRL",45,25,,,,,,,,275,1446,708536560751820,Gê Burger -> Digital Livre
2024-09-19,2024-09-19,"R$99,07 BRL",16013,12719,1.258983,"R$6,19 BRL",230,"1,44%",0.562043,90,"R$1,10 BRL",66,45,,,,,,,,268,1401,708536560751820,Gê Burger -> Digital Livre
2024-09-20,2024-09-20,"R$104,00 BRL",14680,11717,1.25288,"R$7,08 BRL",224,"1,53%",0.606267,89,"R$1,17 BRL",61,27,,,,,,,,242,1294,708536560751820,Gê Burger -> Digital Livre
2024-09-21,2024-09-21,"R$103,76 BRL",17616,13607,1.294628,"R$5,89 BRL",206,"1,17%",0.493869,87,"R$1,19 BRL",59,29,,,,,,,,290,1469,708536560751820,Gê Burger -> Digital Livre
2024-09-22,2024-09-22,"R$106,67 BRL",18962,14815,1.279919,"R$5,63 BRL",287,"1,51%",0.56956,108,"R$0,99 BRL",84,52,,,,,,,,214,1271,708536560751820,Gê Burger -> Digital Livre
2024-09-23,2024-09-23,"R$56,72 BRL",9840,8615,1.142194,"R$5,76 BRL",144,"1,46%",0.54878,54,"R$1,05 BRL",44,29,,,,,,,,232,1502,708536560751820,Gê Burger -> Digital Livre
2024-09-24,2024-09-24,"R$85,02 BRL",14036,10928,1.284407,"R$6,06 BRL",231,"1,65%",0.577087,81,"R$1,05 BRL",66,39,,,,,,,,289,1545,708536560751820,Gê Burger -> Digital Livre
2024-09-25,2024-09-25,"R$101,94 BRL",12618,9964,1.266359,"R$8,08 BRL",222,"1,76%",0.681566,86,"R$1,19 BRL",81,33,,,,,,,,73,481,708536560751820,Gê Burger -> Digital Livre
2024-09-26,2024-09-26,"R$92,77 BRL",10918,8476,1.288108,"R$8,50 BRL",209,"1,91%",0.741894,81,"R$1,15 BRL",69,33,,,,,,,,85,373,708536560751820,Gê Burger -> Digital Livre
2024-09-27,2024-09-27,"R$93,74 BRL",13831,10795,1.281241,"R$6,78 BRL",235,"1,70%",0.52057,72,"R$1,30 BRL",63,37,,,,,,,,190,996,708536560751820,Gê Burger -> Digital Livre
2024-09-28,2024-09-28,"R$97,10 BRL",14983,12466,1.201909,"R$6,48 BRL",219,"1,46%",0.52059,78,"R$1,24 BRL",65,26,,,,,,,,193,1146,708536560751820,Gê Burger -> Digital Livre
2024-09-29,2024-09-29,"R$108,37 BRL",18538,14681,1.262721,"R$5,85 BRL",262,"1,41%",0.56101,104,"R$1,04 BRL",87,37,,,,,,,,264,1433,708536560751820,Gê Burger -> Digital Livre
2024-09-30,2024-09-30,"R$3,36 BRL",571,535,1.06729,"R$5,88 BRL",7,"1,23%",0.525394,3,"R$1,12 BRL",2,2,,,,,,,,16,86,708536560751820,Gê Burger -> Digital Livre
2024-10-01,2024-10-01,"R$122,00 BRL",20718,16830,1.231016,"R$5,89 BRL",298,"1,44%",0.458538,95,"R$1,28 BRL",82,42,,,,,,,,282,1444,708536560751820,Gê Burger -> Digital Livre
2024-10-02,2024-10-02,"R$133,25 BRL",7774,6973,1.114872,"R$17,14 BRL",84,"1,08%",0.334448,26,"R$5,13 BRL",22,15,,,,,,,,119,740,708536560751820,Gê Burger -> Digital Livre
2024-10-03,2024-10-03,"R$108,58 BRL",18080,15175,1.191433,"R$6,01 BRL",270,"1,49%",0.580752,105,"R$1,03 BRL",81,41,,,,,,,,211,1190,708536560751820,Gê Burger -> Digital Livre
2024-10-04,2024-10-04,"R$72,63 BRL",13154,10427,1.261533,"R$5,52 BRL",162,"1,23%",0.37251,49,"R$1,48 BRL",39,26,,,,,,,,1204,2188,708536560751820,Gê Burger -> Digital Livre
2024-10-05,2024-10-05,"R$101,66 BRL",27120,21645,1.252945,"R$3,75 BRL",323,"1,19%",0.280236,76,"R$1,34 BRL",58,26,,,,,,,,2512,3532,708536560751820,Gê Burger -> Digital Livre
2024-10-06,2024-10-06,"R$108,23 BRL",37646,30426,1.237297,"R$2,87 BRL",361,"0,96%",0.249695,94,"R$1,15 BRL",75,30,,,,,,,,3032,4348,708536560751820,Gê Burger -> Digital Livre
2024-10-07,2024-10-07,"R$58,78 BRL",27957,23265,1.201676,"R$2,10 BRL",209,"0,75%",0.107308,30,"R$1,96 BRL",22,10,,,,,,,,3111,3938,708536560751820,Gê Burger -> Digital Livre
2024-10-08,2024-10-08,"R$74,38 BRL",30197,26331,1.146823,"R$2,46 BRL",494,"1,64%",0.268239,81,"R$0,92 BRL",70,41,,,,,,,,3061,4389,708536560751820,Gê Burger -> Digital Livre
2024-10-09,2024-10-09,"R$75,89 BRL",29219,24188,1.207996,"R$2,60 BRL",433,"1,48%",0.205346,60,"R$1,26 BRL",50,27,,,,,,,,2928,3866,708536560751820,Gê Burger -> Digital Livre
2024-10-10,2024-10-10,"R$81,05 BRL",28146,24442,1.151542,"R$2,88 BRL",536,"1,90%",0.270021,76,"R$1,07 BRL",64,37,,,,,,,,2765,3904,708536560751820,Gê Burger -> Digital Livre
2024-10-11,2024-10-11,"R$77,01 BRL",28564,24428,1.169314,"R$2,70 BRL",475,"1,66%",0.199552,57,"R$1,35 BRL",51,27,,,,,,,,2729,3946,708536560751820,Gê Burger -> Digital Livre
2024-10-12,2024-10-12,"R$55,12 BRL",28796,24600,1.170569,"R$1,91 BRL",446,"1,55%",0.208362,60,"R$0,92 BRL",57,29,,,,,,,,2741,3503,708536560751820,Gê Burger -> Digital Livre
2024-10-13,2024-10-13,"R$51,52 BRL",32304,27565,1.171921,"R$1,59 BRL",492,"1,52%",0.195022,63,"R$0,82 BRL",62,53,,,,,,,,3122,3732,708536560751820,Gê Burger -> Digital Livre
2024-10-14,2024-10-14,"R$30,70 BRL",25472,21576,1.180571,"R$1,21 BRL",315,"1,24%",0.105999,27,"R$1,14 BRL",27,10,,,,,,,,2930,2933,708536560751820,Gê Burger -> Digital Livre
2024-10-15,2024-10-15,"R$53,91 BRL",26286,21710,1.210778,"R$2,05 BRL",383,"1,46%",0.22065,58,"R$0,93 BRL",57,27,,,,,,,,2912,3835,708536560751820,Gê Burger -> Digital Livre
2024-10-16,2024-10-16,"R$52,04 BRL",25444,22399,1.135944,"R$2,05 BRL",394,"1,55%",0.255463,65,"R$0,80 BRL",65,39,,,,,,,,2873,3648,708536560751820,Gê Burger -> Digital Livre
2024-10-17,2024-10-17,"R$52,58 BRL",26444,22810,1.159316,"R$1,99 BRL",358,"1,35%",0.162608,43,"R$1,22 BRL",43,26,,,,,,,,2738,3509,708536560751820,Gê Burger -> Digital Livre
2024-10-18,2024-10-18,"R$53,27 BRL",24206,20265,1.194473,"R$2,20 BRL",327,"1,35%",0.198298,48,"R$1,11 BRL",47,23,,,,,,,,2660,3365,708536560751820,Gê Burger -> Digital Livre
2024-10-19,2024-10-19,"R$55,94 BRL",25530,21149,1.207149,"R$2,19 BRL",416,"1,63%",0.266353,68,"R$0,82 BRL",68,45,,,,,,,,2872,3753,708536560751820,Gê Burger -> Digital Livre
2024-10-20,2024-10-20,"R$51,03 BRL",28574,23712,1.205044,"R$1,79 BRL",396,"1,39%",0.22398,64,"R$0,80 BRL",63,38,,,,,,,,3088,3752,708536560751820,Gê Burger -> Digital Livre
2024-10-21,2024-10-21,"R$22,80 BRL",18355,15957,1.150279,"R$1,24 BRL",227,"1,24%",0.103514,19,"R$1,20 BRL",19,6,,,,,,,,637,642,708536560751820,Gê Burger -> Digital Livre
2024-10-22,2024-10-22,"R$119,97 BRL",28048,24428,1.148191,"R$4,28 BRL",546,"1,95%",0.349401,98,"R$1,22 BRL",92,62,,,,,,,,844,3345,708536560751820,Gê Burger -> Digital Livre
2024-10-23,2024-10-23,"R$118,28 BRL",26048,22401,1.162805,"R$4,54 BRL",557,"2,14%",0.472205,123,"R$0,96 BRL",119,71,,,,,,,,641,2909,708536560751820,Gê Burger -> Digital Livre
2024-10-24,2024-10-24,"R$116,63 BRL",27143,23446,1.157681,"R$4,30 BRL",590,"2,17%",0.497366,135,"R$0,86 BRL",129,93,,,,,,,,621,3044,708536560751820,Gê Burger -> Digital Livre
2024-10-25,2024-10-25,"R$120,03 BRL",25367,22040,1.150953,"R$4,73 BRL",453,"1,79%",0.461229,117,"R$1,03 BRL",106,76,,,,,,,,551,2534,708536560751820,Gê Burger -> Digital Livre
2024-10-26,2024-10-26,"R$117,11 BRL",28431,24272,1.17135,"R$4,12 BRL",514,"1,81%",0.53111,151,"R$0,78 BRL",143,97,,,,,,,,601,2942,708536560751820,Gê Burger -> Digital Livre
2024-10-27,2024-10-27,"R$111,09 BRL",31155,26347,1.182488,"R$3,57 BRL",559,"1,79%",0.487883,152,"R$0,73 BRL",144,85,,,,,,,,623,3109,708536560751820,Gê Burger -> Digital Livre
2024-10-28,2024-10-28,"R$20,61 BRL",16901,15259,1.107609,"R$1,22 BRL",204,"1,21%",0.159754,27,"R$0,76 BRL",27,4,,,,,,,,2,11,708536560751820,Gê Burger -> Digital Livre
2024-10-29,2024-10-29,"R$120,11 BRL",25439,22424,1.134454,"R$4,72 BRL",463,"1,82%",0.459924,117,"R$1,03 BRL",111,69,,,,,,,,710,3188,708536560751820,Gê Burger -> Digital Livre
2024-10-30,2024-10-30,"R$113,10 BRL",21159,17313,1.222145,"R$5,35 BRL",399,"1,89%",0.524599,111,"R$1,02 BRL",109,63,,,,,,,,474,1658,708536560751820,Gê Burger -> Digital Livre
2024-10-31,2024-10-31,"R$116,62 BRL",22074,18361,1.202222,"R$5,28 BRL",415,"1,88%",0.502854,111,"R$1,05 BRL",105,66,,,,,,,,471,1570,708536560751820,Gê Burger -> Digital Livre
2024-11-01,2024-11-01,"R$114,64 BRL",26763,22373,1.196219,"R$4,28 BRL",445,"1,66%",0.452117,121,"R$0,95 BRL",119,73,,,,,,,,760,2391,708536560751820,Gê Burger -> Digital Livre
2024-11-02,2024-11-02,"R$121,67 BRL",28050,22456,1.249109,"R$4,34 BRL",529,"1,89%",0.527629,148,"R$0,82 BRL",140,96,,,,,,,,920,3207,708536560751820,Gê Burger -> Digital Livre
2024-11-03,2024-11-03,"R$118,23 BRL",32692,25272,1.293606,"R$3,62 BRL",545,"1,67%",0.489416,160,"R$0,74 BRL",149,103,,,,,,,,863,2888,708536560751820,Gê Burger -> Digital Livre
2024-11-04,2024-11-04,"R$20,11 BRL",16213,14020,1.156419,"R$1,24 BRL",154,"0,95%",0.080183,13,"R$1,55 BRL",11,3,,,,,,,,1,7,708536560751820,Gê Burger -> Digital Livre
2024-11-05,2024-11-05,"R$66,91 BRL",19835,17886,1.108968,"R$3,37 BRL",253,"1,28%",0.272246,54,"R$1,24 BRL",51,23,,,,,,,,305,1593,708536560751820,Gê Burger -> Digital Livre
2024-11-06,2024-11-06,"R$67,78 BRL",16957,14742,1.150251,"R$4,00 BRL",227,"1,34%",0.383323,65,"R$1,04 BRL",61,30,,,,,,,,548,1725,708536560751820,Gê Burger -> Digital Livre
2024-11-07,2024-11-07,"R$70,89 BRL",19228,16270,1.181807,"R$3,69 BRL",281,"1,46%",0.270439,52,"R$1,36 BRL",51,24,,,,,,,,300,1253,708536560751820,Gê Burger -> Digital Livre
2024-11-08,2024-11-08,"R$77,68 BRL",19209,16461,1.16694,"R$4,04 BRL",238,"1,24%",0.374824,72,"R$1,08 BRL",69,35,,,,,,,,349,1390,708536560751820,Gê Burger -> Digital Livre
2024-11-09,2024-11-09,"R$87,32 BRL",21104,17581,1.200387,"R$4,14 BRL",245,"1,16%",0.251137,53,"R$1,65 BRL",50,38,,,,,,,,578,1703,708536560751820,Gê Burger -> Digital Livre
2024-11-10,2024-11-10,"R$83,18 BRL",22224,19574,1.135384,"R$3,74 BRL",287,"1,29%",0.36897,82,"R$1,01 BRL",64,37,,,,,,,,333,1661,708536560751820,Gê Burger -> Digital Livre
2024-11-11,2024-11-11,"R$20,84 BRL",12447,11094,1.121958,"R$1,67 BRL",147,"1,18%",0.088375,11,"R$1,89 BRL",10,2,,,,,,,,63,350,708536560751820,Gê Burger -> Digital Livre
2024-11-12,2024-11-12,"R$155,21 BRL",33762,28669,1.177648,"R$4,60 BRL",558,"1,65%",0.334696,113,"R$1,37 BRL",109,54,,,,,,,,1093,2701,708536560751820,Gê Burger -> Digital Livre
2024-11-13,2024-11-13,"R$184,40 BRL",49036,41277,1.187974,"R$3,76 BRL",745,"1,52%",0.383392,188,"R$0,98 BRL",176,78,,,,,,,,1095,3365,708536560751820,Gê Burger -> Digital Livre
2024-11-14,2024-11-14,"R$166,87 BRL",33057,28226,1.171154,"R$5,05 BRL",477,"1,44%",0.326708,108,"R$1,55 BRL",99,63,,,,,,,,862,2940,708536560751820,Gê Burger -> Digital Livre
2024-11-15,2024-11-15,"R$119,49 BRL",30583,26946,1.134974,"R$3,91 BRL",512,"1,67%",0.369486,113,"R$1,06 BRL",113,72,,,,,,,,465,2351,708536560751820,Gê Burger -> Digital Livre
2024-11-16,2024-11-16,"R$119,64 BRL",33296,28390,1.172807,"R$3,59 BRL",819,"2,46%",0.423474,141,"R$0,85 BRL",141,101,,,,,,,,656,3272,708536560751820,Gê Burger -> Digital Livre
2024-11-17,2024-11-17,"R$125,43 BRL",41329,33724,1.225507,"R$3,03 BRL",693,"1,68%",0.314549,130,"R$0,96 BRL",128,101,,,,,,,,653,2838,708536560751820,Gê Burger -> Digital Livre
2024-11-18,2024-11-18,"R$48,20 BRL",28740,25503,1.126926,"R$1,68 BRL",634,"2,21%",0.121781,35,"R$1,38 BRL",35,9,,,,,,,,86,423,708536560751820,Gê Burger -> Digital Livre
2024-11-19,2024-11-19,"R$138,19 BRL",38602,35215,1.096181,"R$3,58 BRL",617,"1,60%",0.29014,112,"R$1,23 BRL",112,54,,,,,,,,547,3301,708536560751820,Gê Burger -> Digital Livre
2024-11-20,2024-11-20,"R$130,78 BRL",40180,35054,1.146232,"R$3,25 BRL",773,"1,92%",0.326033,131,"R$1,00 BRL",129,72,,,,,,,,641,3174,708536560751820,Gê Burger -> Digital Livre
2024-11-21,2024-11-21,"R$121,53 BRL",36965,31826,1.161472,"R$3,29 BRL",579,"1,57%",0.300284,111,"R$1,09 BRL",110,62,,,,,,,,474,2301,708536560751820,Gê Burger -> Digital Livre
2024-11-22,2024-11-22,"R$156,74 BRL",37671,32230,1.168818,"R$4,16 BRL",643,"1,71%",0.350402,132,"R$1,19 BRL",119,64,,,,,,,,554,2555,708536560751820,Gê Burger -> Digital Livre
2024-11-23,2024-11-23,"R$161,47 BRL",43059,36538,1.178472,"R$3,75 BRL",669,"1,55%",0.311201,134,"R$1,21 BRL",130,84,,,,,,,,624,3246,708536560751820,Gê Burger -> Digital Livre
2024-11-24,2024-11-24,"R$171,09 BRL",47640,40407,1.179004,"R$3,59 BRL",825,"1,73%",0.285474,136,"R$1,26 BRL",129,76,,,,,,,,650,3308,708536560751820,Gê Burger -> Digital Livre
2024-11-25,2024-11-25,"R$46,21 BRL",28409,23774,1.194961,"R$1,63 BRL",393,"1,38%",0.10912,31,"R$1,49 BRL",31,7,,,,,,,,,24,708536560751820,Gê Burger -> Digital Livre
2024-11-26,2024-11-26,"R$159,17 BRL",39117,32151,1.216665,"R$4,07 BRL",570,"1,46%",0.32978,129,"R$1,23 BRL",120,60,,,,,,,,702,3100,708536560751820,Gê Burger -> Digital Livre
2024-11-27,2024-11-27,"R$159,23 BRL",35885,29653,1.210164,"R$4,44 BRL",574,"1,60%",0.298175,107,"R$1,49 BRL",102,66,,,,,,,,608,2509,708536560751820,Gê Burger -> Digital Livre
2024-11-28,2024-11-28,"R$166,37 BRL",32010,26181,1.222642,"R$5,20 BRL",481,"1,50%",0.368635,118,"R$1,41 BRL",113,60,,,,,,,,300,1317,708536560751820,Gê Burger -> Digital Livre
2024-11-29,2024-11-29,"R$163,29 BRL",29105,23746,1.22568,"R$5,61 BRL",414,"1,42%",0.32984,96,"R$1,70 BRL",95,48,,,,,,,,484,2004,708536560751820,Gê Burger -> Digital Livre
2024-11-30,2024-11-30,"R$169,96 BRL",36137,31291,1.154869,"R$4,70 BRL",582,"1,61%",0.348673,126,"R$1,35 BRL",121,71,,,,,,,,555,2646,708536560751820,Gê Burger -> Digital Livre
2024-12-01,2024-12-01,"R$124,40 BRL",47064,37412,1.257992,"R$2,64 BRL",751,"1,60%",0.250722,118,"R$1,05 BRL",103,49,,,,,,,,479,1939,708536560751820,Gê Burger -> Digital Livre
2024-12-02,2024-12-02,"R$43,80 BRL",32907,26130,1.259357,"R$1,33 BRL",310,"0,94%",0.066855,22,"R$1,99 BRL",22,6,,,,,,,,5,16,708536560751820,Gê Burger -> Digital Livre
2024-12-03,2024-12-03,"R$117,03 BRL",43005,35752,1.20287,"R$2,72 BRL",523,"1,22%",0.255784,110,"R$1,06 BRL",106,44,,,,,,,,488,3025,708536560751820,Gê Burger -> Digital Livre
2024-12-04,2024-12-04,"R$120,99 BRL",41525,35962,1.154691,"R$2,91 BRL",476,"1,15%",0.202288,84,"R$1,44 BRL",81,46,,,,,,,,444,2631,708536560751820,Gê Burger -> Digital Livre
2024-12-05,2024-12-05,"R$119,54 BRL",36950,29313,1.260533,"R$3,24 BRL",436,"1,18%",0.162382,60,"R$1,99 BRL",57,32,,,,,,,,367,2201,708536560751820,Gê Burger -> Digital Livre
2024-12-06,2024-12-06,"R$114,68 BRL",35414,29512,1.199986,"R$3,24 BRL",374,"1,06%",0.237194,84,"R$1,37 BRL",79,40,,,,,,,,308,1699,708536560751820,Gê Burger -> Digital Livre
2024-12-07,2024-12-07,"R$125,38 BRL",39582,33182,1.192876,"R$3,17 BRL",467,"1,18%",0.313274,124,"R$1,01 BRL",117,89,,,,,,,,372,2233,708536560751820,Gê Burger -> Digital Livre
2024-12-08,2024-12-08,"R$117,19 BRL",44462,36117,1.231055,"R$2,64 BRL",565,"1,27%",0.224911,100,"R$1,17 BRL",95,55,,,,,,,,288,1737,708536560751820,Gê Burger -> Digital Livre
2024-12-09,2024-12-09,"R$45,14 BRL",32556,27244,1.194979,"R$1,39 BRL",303,"0,93%",0.089077,29,"R$1,56 BRL",27,9,,,,,,,,,6,708536560751820,Gê Burger -> Digital Livre
2024-12-10,2024-12-10,"R$168,41 BRL",46119,38764,1.189738,"R$3,65 BRL",594,"1,29%",0.318741,147,"R$1,15 BRL",143,109,,,,,,,,947,3773,708536560751820,Gê Burger -> Digital Livre
2024-12-11,2024-12-11,"R$140,20 BRL",37990,32784,1.158797,"R$3,69 BRL",451,"1,19%",0.297447,113,"R$1,24 BRL",107,53,,,,,,,,600,2577,708536560751820,Gê Burger -> Digital Livre
2024-12-12,2024-12-12,"R$171,53 BRL",41462,34582,1.198947,"R$4,14 BRL",581,"1,40%",0.31354,130,"R$1,32 BRL",122,73,,,,,,,,706,3339,708536560751820,Gê Burger -> Digital Livre
2024-12-13,2024-12-13,"R$167,24 BRL",40680,34428,1.181596,"R$4,11 BRL",583,"1,43%",0.366273,149,"R$1,12 BRL",142,85,,,,,,,,713,3159,708536560751820,Gê Burger -> Digital Livre
2024-12-14,2024-12-14,"R$175,51 BRL",44889,36794,1.220009,"R$3,91 BRL",626,"1,39%",0.338613,152,"R$1,15 BRL",148,99,,,,,,,,913,3756,708536560751820,Gê Burger -> Digital Livre
2024-12-15,2024-12-15,"R$173,64 BRL",50554,40261,1.255657,"R$3,43 BRL",629,"1,24%",0.310559,157,"R$1,11 BRL",148,88,,,,,,,,945,3406,708536560751820,Gê Burger -> Digital Livre
2024-12-16,2024-12-16,"R$45,68 BRL",28675,23338,1.228683,"R$1,59 BRL",242,"0,84%",0.094159,27,"R$1,69 BRL",27,9,,,,,,,,16,58,708536560751820,Gê Burger -> Digital Livre
2024-12-17,2024-12-17,"R$136,10 BRL",41512,35013,1.185617,"R$3,28 BRL",510,"1,23%",0.313162,130,"R$1,05 BRL",130,72,,,,,,,,567,3046,708536560751820,Gê Burger -> Digital Livre
2024-12-18,2024-12-18,"R$149,32 BRL",39376,34117,1.154146,"R$3,79 BRL",501,"1,27%",0.33269,131,"R$1,14 BRL",127,71,,,,,,,,688,2638,708536560751820,Gê Burger -> Digital Livre
2024-12-19,2024-12-19,"R$160,79 BRL",41063,34176,1.201516,"R$3,92 BRL",578,"1,41%",0.314151,129,"R$1,25 BRL",126,71,,,,,,,,700,2404,708536560751820,Gê Burger -> Digital Livre
2024-12-20,2024-12-20,"R$148,52 BRL",37917,31351,1.209435,"R$3,92 BRL",421,"1,11%",0.340217,129,"R$1,15 BRL",129,68,,,,,,,,635,2326,708536560751820,Gê Burger -> Digital Livre
2024-12-21,2024-12-21,"R$161,51 BRL",43310,35586,1.217052,"R$3,73 BRL",562,"1,30%",0.355576,154,"R$1,05 BRL",153,91,,,,,,,,738,2662,708536560751820,Gê Burger -> Digital Livre
2024-12-22,2024-12-22,"R$164,19 BRL",48307,39824,1.213012,"R$3,40 BRL",654,"1,35%",0.306374,148,"R$1,11 BRL",140,81,,,,,,,,686,2622,708536560751820,Gê Burger -> Digital Livre
2024-12-23,2024-12-23,"R$45,26 BRL",28815,23809,1.210257,"R$1,57 BRL",256,"0,89%",0.07982,23,"R$1,97 BRL",23,5,,,,,,,,9,34,708536560751820,Gê Burger -> Digital Livre
2024-12-24,2024-12-24,"R$45,56 BRL",29997,26598,1.127792,"R$1,52 BRL",225,"0,75%",0.110011,33,"R$1,38 BRL",32,8,,,,,,,,1,7,708536560751820,Gê Burger -> Digital Livre
2024-12-25,2024-12-25,"R$58,06 BRL",45297,38916,1.163969,"R$1,28 BRL",587,"1,30%",0.117006,53,"R$1,10 BRL",53,14,,,,,,,,,2,708536560751820,Gê Burger -> Digital Livre
2024-12-26,2024-12-26,"R$45,85 BRL",36276,29871,1.214422,"R$1,26 BRL",227,"0,63%",0.110266,40,"R$1,15 BRL",38,12,,,,,,,,104,273,708536560751820,Gê Burger -> Digital Livre
2024-12-27,2024-12-27,"R$188,12 BRL",60019,49509,1.212285,"R$3,13 BRL",617,"1,03%",0.353221,212,"R$0,89 BRL",189,121,,,,,,,,886,4425,708536560751820,Gê Burger -> Digital Livre
2024-12-28,2024-12-28,"R$200,94 BRL",59146,47609,1.242328,"R$3,40 BRL",668,"1,13%",0.355054,210,"R$0,96 BRL",186,137,,,,,,,,922,4052,708536560751820,Gê Burger -> Digital Livre
2024-12-29,2024-12-29,"R$184,80 BRL",61200,49609,1.233647,"R$3,02 BRL",687,"1,12%",0.313725,192,"R$0,96 BRL",168,108,,,,,,,,868,3256,708536560751820,Gê Burger -> Digital Livre
2024-12-30,2024-12-30,"R$45,56 BRL",36750,29850,1.231156,"R$1,24 BRL",308,"0,84%",0.07619,28,"R$1,63 BRL",28,7,,,,,,,,1,12,708536560751820,Gê Burger -> Digital Livre
2024-12-31,2024-12-31,"R$45,90 BRL",39006,32977,1.182824,"R$1,18 BRL",274,"0,70%",0.102548,40,"R$1,15 BRL",39,5,,,,,,,,6,25,708536560751820,Gê Burger -> Digital Livre
2025-01-01,2025-01-01,"R$60,92 BRL",69160,56105,1.232689,"R$0,88 BRL",596,"0,86%",0.112782,78,"R$0,78 BRL",76,14,,,,,,,,1,1,708536560751820,Gê Burger -> Digital Livre
2025-01-02,2025-01-02,"R$182,50 BRL",83501,66273,1.259955,"R$2,19 BRL",765,"0,92%",0.292212,244,"R$0,75 BRL",235,135,,,,,,,,1350,5728,708536560751820,Gê Burger -> Digital Livre
2025-01-03,2025-01-03,"R$174,65 BRL",72880,57782,1.261292,"R$2,40 BRL",705,"0,97%",0.274424,200,"R$0,87 BRL",195,122,,,,,,,,1331,5631,708536560751820,Gê Burger -> Digital Livre
2025-01-04,2025-01-04,"R$181,77 BRL",75198,57819,1.300576,"R$2,42 BRL",750,"1,00%",0.29788,224,"R$0,81 BRL",220,136,,,,,,,,1181,4847,708536560751820,Gê Burger -> Digital Livre
2025-01-05,2025-01-05,"R$169,26 BRL",77965,60434,1.290085,"R$2,17 BRL",711,"0,91%",0.264221,206,"R$0,82 BRL",203,118,,,,,,,,980,3746,708536560751820,Gê Burger -> Digital Livre
2025-01-06,2025-01-06,"R$46,06 BRL",47740,36610,1.304015,"R$0,96 BRL",275,"0,58%",0.090071,43,"R$1,07 BRL",42,8,,,,,,,,4,22,708536560751820,Gê Burger -> Digital Livre
2025-01-07,2025-01-07,"R$154,73 BRL",64523,49742,1.297153,"R$2,40 BRL",642,"0,99%",0.229376,148,"R$1,05 BRL",145,76,,,,,,,,861,3679,708536560751820,Gê Burger -> Digital Livre
2025-01-08,2025-01-08,"R$160,83 BRL",61399,49386,1.243247,"R$2,62 BRL",698,"1,14%",0.252447,155,"R$1,04 BRL",152,77,,,,,,,,829,3530,708536560751820,Gê Burger -> Digital Livre
2025-01-09,2025-01-09,"R$161,81 BRL",56403,43080,1.309262,"R$2,87 BRL",692,"1,23%",0.278354,157,"R$1,03 BRL",153,104,,,,,,,,760,3284,708536560751820,Gê Burger -> Digital Livre
2025-01-10,2025-01-10,"R$169,43 BRL",53961,42752,1.262187,"R$3,14 BRL",730,"1,35%",0.29651,160,"R$1,06 BRL",157,113,,,,,,,,832,3114,708536560751820,Gê Burger -> Digital Livre
2025-01-11,2025-01-11,"R$173,76 BRL",58304,46487,1.2542,"R$2,98 BRL",672,"1,15%",0.336169,196,"R$0,89 BRL",189,115,,,,,,,,738,3293,708536560751820,Gê Burger -> Digital Livre
2025-01-12,2025-01-12,"R$170,47 BRL",68350,52175,1.310014,"R$2,49 BRL",753,"1,10%",0.280907,192,"R$0,89 BRL",187,111,,,,,,,,891,3421,708536560751820,Gê Burger -> Digital Livre
2025-01-13,2025-01-13,"R$46,18 BRL",41390,32027,1.292347,"R$1,12 BRL",312,"0,75%",0.101474,42,"R$1,10 BRL",42,12,,,,,,,,3,10,708536560751820,Gê Burger -> Digital Livre
2025-01-14,2025-01-14,"R$167,66 BRL",56002,44176,1.267702,"R$2,99 BRL",611,"1,09%",0.241063,135,"R$1,24 BRL",130,72,,,,,,,,616,3041,708536560751820,Gê Burger -> Digital Livre
2025-01-15,2025-01-15,"R$173,32 BRL",55325,46327,1.194228,"R$3,13 BRL",762,"1,38%",0.242205,134,"R$1,29 BRL",127,72,,,,,,,,503,2739,708536560751820,Gê Burger -> Digital Livre
2025-01-16,2025-01-16,"R$167,82 BRL",51035,41764,1.221985,"R$3,29 BRL",651,"1,28%",0.268443,137,"R$1,22 BRL",135,82,,,,,,,,577,2961,708536560751820,Gê Burger -> Digital Livre
2025-01-17,2025-01-17,"R$162,48 BRL",46172,37342,1.236463,"R$3,52 BRL",708,"1,53%",0.283722,131,"R$1,24 BRL",127,87,,,,,,,,520,2783,708536560751820,Gê Burger -> Digital Livre
2025-01-18,2025-01-18,"R$166,30 BRL",50610,40906,1.237227,"R$3,29 BRL",662,"1,31%",0.250939,127,"R$1,31 BRL",122,80,,,,,,,,597,3008,708536560751820,Gê Burger -> Digital Livre
2025-01-19,2025-01-19,"R$174,69 BRL",61862,47501,1.30233,"R$2,82 BRL",836,"1,35%",0.189131,117,"R$1,49 BRL",111,78,,,,,,,,563,2866,708536560751820,Gê Burger -> Digital Livre
2025-01-20,2025-01-20,"R$45,42 BRL",39703,32305,1.229005,"R$1,14 BRL",559,"1,41%",0.098229,39,"R$1,16 BRL",38,8,,,,,,,,,5,708536560751820,Gê Burger -> Digital Livre
2025-01-21,2025-01-21,"R$170,71 BRL",54425,44154,1.232618,"R$3,14 BRL",639,"1,17%",0.183739,100,"R$1,71 BRL",93,59,,,,,,,,505,2965,708536560751820,Gê Burger -> Digital Livre
2025-01-22,2025-01-22,"R$156,77 BRL",46059,35995,1.279594,"R$3,40 BRL",680,"1,48%",0.245338,113,"R$1,39 BRL",106,55,,,,,,,,488,2515,708536560751820,Gê Burger -> Digital Livre
2025-01-23,2025-01-23,"R$160,88 BRL",45276,36783,1.230895,"R$3,55 BRL",550,"1,21%",0.271667,123,"R$1,31 BRL",118,51,,,,,,,,553,2799,708536560751820,Gê Burger -> Digital Livre
2025-01-24,2025-01-24,"R$155,34 BRL",44714,35415,1.262572,"R$3,47 BRL",605,"1,35%",0.230353,103,"R$1,51 BRL",99,51,,,,,,,,555,2532,708536560751820,Gê Burger -> Digital Livre
2025-01-25,2025-01-25,"R$177,99 BRL",49659,39589,1.254364,"R$3,58 BRL",782,"1,57%",0.316156,157,"R$1,13 BRL",141,88,,,,,,,,550,2791,708536560751820,Gê Burger -> Digital Livre
2025-01-26,2025-01-26,"R$176,72 BRL",54970,43641,1.259595,"R$3,21 BRL",821,"1,49%",0.252865,139,"R$1,27 BRL",125,68,,,,,,,,655,2465,708536560751820,Gê Burger -> Digital Livre
2025-01-27,2025-01-27,"R$44,96 BRL",33912,27974,1.212269,"R$1,33 BRL",522,"1,54%",0.094362,32,"R$1,41 BRL",31,11,,,,,,,,1,4,708536560751820,Gê Burger -> Digital Livre
2025-01-28,2025-01-28,"R$158,67 BRL",50078,39215,1.277011,"R$3,17 BRL",710,"1,42%",0.237629,119,"R$1,33 BRL",114,50,,,,,,,,1332,3590,708536560751820,Gê Burger -> Digital Livre
2025-01-29,2025-01-29,"R$156,18 BRL",43620,34622,1.259893,"R$3,58 BRL",582,"1,33%",0.231545,101,"R$1,55 BRL",99,54,,,,,,,,1164,2767,708536560751820,Gê Burger -> Digital Livre
2025-01-30,2025-01-30,"R$159,11 BRL",42098,33585,1.253476,"R$3,78 BRL",626,"1,49%",0.270797,114,"R$1,40 BRL",110,62,,,,,,,,982,2361,708536560751820,Gê Burger -> Digital Livre
2025-01-31,2025-01-31,"R$178,28 BRL",44921,35808,1.254496,"R$3,97 BRL",520,"1,16%",0.231518,104,"R$1,71 BRL",100,60,,,,,,,,878,2856,708536560751820,Gê Burger -> Digital Livre
2025-02-01,2025-02-01,"R$131,87 BRL",47574,37805,1.258405,"R$2,77 BRL",461,"0,97%",0.184975,88,"R$1,50 BRL",86,36,,,,,,,,799,2178,708536560751820,Gê Burger -> Digital Livre
2025-02-02,2025-02-02,"R$159,23 BRL",61850,47163,1.311409,"R$2,57 BRL",648,"1,05%",0.184317,114,"R$1,40 BRL",106,58,,,,,,,,1030,2388,708536560751820,Gê Burger -> Digital Livre
2025-02-03,2025-02-03,"R$44,58 BRL",37366,30598,1.221191,"R$1,19 BRL",337,"0,90%",0.058877,22,"R$2,03 BRL",22,5,,,,,,,,1,3,708536560751820,Gê Burger -> Digital Livre
2025-02-04,2025-02-04,"R$152,04 BRL",51292,39765,1.289878,"R$2,96 BRL",532,"1,04%",0.189113,97,"R$1,57 BRL",94,48,,,,,,,,1042,2806,708536560751820,Gê Burger -> Digital Livre
2025-02-05,2025-02-05,"R$141,90 BRL",44782,35600,1.257921,"R$3,17 BRL",466,"1,04%",0.189808,85,"R$1,67 BRL",81,34,,,,,,,,832,2137,708536560751820,Gê Burger -> Digital Livre
2025-02-06,2025-02-06,"R$177,78 BRL",47990,38331,1.251989,"R$3,70 BRL",527,"1,10%",0.243801,117,"R$1,52 BRL",116,44,,,,,,,,1514,2766,708536560751820,Gê Burger -> Digital Livre
2025-02-07,2025-02-07,"R$206,57 BRL",47830,36462,1.311777,"R$4,32 BRL",642,"1,34%",0.240435,115,"R$1,80 BRL",113,59,,,,,,,,1688,2757,708536560751820,Gê Burger -> Digital Livre
2025-02-08,2025-02-08,"R$179,43 BRL",49261,39078,1.260581,"R$3,64 BRL",570,"1,16%",0.28826,142,"R$1,26 BRL",141,78,,,,,,,,1505,2663,708536560751820,Gê Burger -> Digital Livre
2025-02-09,2025-02-09,"R$226,18 BRL",63429,47474,1.336079,"R$3,57 BRL",639,"1,01%",0.269593,171,"R$1,32 BRL",170,80,,,,,,,,1867,3495,708536560751820,Gê Burger -> Digital Livre
2025-02-10,2025-02-10,"R$44,43 BRL",32567,27126,1.200582,"R$1,36 BRL",288,"0,88%",0.119753,39,"R$1,14 BRL",39,13,,,,,,,,,,708536560751820,Gê Burger -> Digital Livre
2025-02-11,2025-02-11,"R$145,78 BRL",45877,37981,1.207893,"R$3,18 BRL",471,"1,03%",0.231053,106,"R$1,38 BRL",97,37,,,,,,,,1200,2202,708536560751820,Gê Burger -> Digital Livre
2025-02-12,2025-02-12,"R$141,99 BRL",43647,34187,1.276713,"R$3,25 BRL",492,"1,13%",0.224529,98,"R$1,45 BRL",92,39,,,,,,,,907,1766,708536560751820,Gê Burger -> Digital Livre
2025-02-13,2025-02-13,"R$139,88 BRL",42946,35199,1.220091,"R$3,26 BRL",478,"1,11%",0.176966,76,"R$1,84 BRL",72,31,,,,,,,,862,1648,708536560751820,Gê Burger -> Digital Livre
2025-02-14,2025-02-14,"R$139,96 BRL",39100,31917,1.225052,"R$3,58 BRL",443,"1,13%",0.276215,108,"R$1,30 BRL",106,50,,,,,,,,749,1427,708536560751820,Gê Burger -> Digital Livre
2025-02-15,2025-02-15,"R$150,47 BRL",41775,33666,1.240866,"R$3,60 BRL",435,"1,04%",0.232196,97,"R$1,55 BRL",93,53,,,,,,,,1015,1852,708536560751820,Gê Burger -> Digital Livre
2025-02-16,2025-02-16,"R$157,87 BRL",47452,37399,1.268804,"R$3,33 BRL",431,"0,91%",0.212847,101,"R$1,56 BRL",94,58,,,,,,,,879,1643,708536560751820,Gê Burger -> Digital Livre
2025-02-17,2025-02-17,"R$44,48 BRL",30750,24948,1.232564,"R$1,45 BRL",241,"0,78%",0.110569,34,"R$1,31 BRL",34,12,,,,,,,,,,708536560751820,Gê Burger -> Digital Livre
2025-02-18,2025-02-18,"R$137,16 BRL",41551,35470,1.171441,"R$3,30 BRL",440,"1,06%",0.187721,78,"R$1,76 BRL",76,28,,,,,,,,869,1766,708536560751820,Gê Burger -> Digital Livre
2025-02-19,2025-02-19,"R$145,51 BRL",40243,32065,1.255044,"R$3,62 BRL",464,"1,15%",0.191338,77,"R$1,89 BRL",73,29,,,,,,,,881,1830,708536560751820,Gê Burger -> Digital Livre
2025-02-20,2025-02-20,"R$144,20 BRL",37599,29841,1.259978,"R$3,84 BRL",334,"0,89%",0.178196,67,"R$2,15 BRL",62,30,,,,,,,,662,1494,708536560751820,Gê Burger -> Digital Livre
2025-02-21,2025-02-21,"R$150,87 BRL",37408,30802,1.214467,"R$4,03 BRL",280,"0,75%",0.187126,70,"R$2,16 BRL",65,33,,,,,,,,902,3138,708536560751820,Gê Burger -> Digital Livre
2025-02-22,2025-02-22,"R$140,52 BRL",41694,33023,1.262575,"R$3,37 BRL",293,"0,70%",0.112726,47,"R$2,99 BRL",44,22,,,,,,,,1364,4788,708536560751820,Gê Burger -> Digital Livre
2025-02-23,2025-02-23,"R$161,77 BRL",62489,50926,1.227055,"R$2,59 BRL",392,"0,63%",0.116821,73,"R$2,22 BRL",69,36,,,,,,,,1734,6086,708536560751820,Gê Burger -> Digital Livre
2025-02-24,2025-02-24,"R$47,10 BRL",31589,26113,1.209704,"R$1,49 BRL",191,"0,60%",0.037988,12,"R$3,93 BRL",12,5,,,,,,,,1179,4567,708536560751820,Gê Burger -> Digital Livre
2025-02-25,2025-02-25,"R$141,58 BRL",43132,33596,1.283843,"R$3,28 BRL",339,"0,79%",0.164611,71,"R$1,99 BRL",61,34,,,,,,,,1361,4886,708536560751820,Gê Burger -> Digital Livre
2025-02-26,2025-02-26,"R$134,55 BRL",38792,29361,1.321208,"R$3,47 BRL",282,"0,73%",0.110848,43,"R$3,13 BRL",35,22,,,,,,,,1174,4276,708536560751820,Gê Burger -> Digital Livre
2025-02-27,2025-02-27,"R$146,68 BRL",39042,30267,1.28992,"R$3,76 BRL",232,"0,59%",0.153681,60,"R$2,44 BRL",54,35,,,,,,,,1072,4143,708536560751820,Gê Burger -> Digital Livre
2025-02-28,2025-02-28,"R$133,57 BRL",37299,29305,1.272786,"R$3,58 BRL",238,"0,64%",0.152819,57,"R$2,34 BRL",56,38,,,,,,,,1087,4192,708536560751820,Gê Burger -> Digital Livre
2025-03-01,2025-03-01,"R$125,21 BRL",43766,33571,1.303685,"R$2,86 BRL",277,"0,63%",0.141662,62,"R$2,02 BRL",62,43,8,"R$26.233,70 BRL",209.51761,,25,,5537,1299,5143,708536560751820,Gê Burger -> Digital Livre
2025-03-02,2025-03-02,"R$140,50 BRL",55741,43690,1.27583,"R$2,52 BRL",349,"0,63%",0.118405,66,"R$2,13 BRL",65,43,9,"R$25.368,71 BRL",180.560214,,26,,6741,1644,6365,708536560751820,Gê Burger -> Digital Livre
2025-03-03,2025-03-03,"R$49,85 BRL",43844,34858,1.257789,"R$1,14 BRL",197,"0,45%",0.025089,11,"R$4,53 BRL",11,3,,,,,1,,6412,1387,6113,708536560751820,Gê Burger -> Digital Livre
2025-03-04,2025-03-04,"R$146,02 BRL",61130,45883,1.332302,"R$2,39 BRL",508,"0,83%",0.199575,122,"R$1,20 BRL",121,90,9,"R$25.995,90 BRL",178.029722,,43,,7081,1552,6561,708536560751820,Gê Burger -> Digital Livre
2025-03-05,2025-03-05,"R$141,06 BRL",59083,46653,1.266435,"R$2,39 BRL",342,"0,58%",0.143865,85,"R$1,66 BRL",81,43,4,"R$8.062,40 BRL",57.15582,,18,,6283,1537,5855,708536560751820,Gê Burger -> Digital Livre
2025-03-06,2025-03-06,"R$134,48 BRL",51098,40373,1.265648,"R$2,63 BRL",270,"0,53%",0.117421,60,"R$2,24 BRL",59,29,2,"R$222,00 BRL",1.650803,,12,,5416,1296,5087,708536560751820,Gê Burger -> Digital Livre
2025-03-07,2025-03-07,"R$140,06 BRL",48952,39764,1.231063,"R$2,86 BRL",258,"0,53%",0.120526,59,"R$2,37 BRL",57,29,9,"R$37.720,90 BRL",269.319577,,17,,5261,1314,4966,708536560751820,Gê Burger -> Digital Livre
2025-03-08,2025-03-08,"R$140,59 BRL",49830,41098,1.212468,"R$2,82 BRL",290,"0,58%",0.136464,68,"R$2,07 BRL",65,34,2,"R$7.413,40 BRL",52.730635,,20,,5183,1213,4883,708536560751820,Gê Burger -> Digital Livre
2025-03-09,2025-03-09,"R$154,40 BRL",58081,44888,1.293909,"R$2,66 BRL",315,"0,54%",0.13946,81,"R$1,91 BRL",78,48,4,"R$17.604,30 BRL",114.017487,,14,,6297,1489,5978,708536560751820,Gê Burger -> Digital Livre
2025-03-10,2025-03-10,"R$49,89 BRL",37942,33320,1.138715,"R$1,31 BRL",172,"0,45%",0.034263,13,"R$3,84 BRL",13,6,,,,,1,,5129,1174,4917,708536560751820,Gê Burger -> Digital Livre
2025-03-11,2025-03-11,"R$534,04 BRL",92760,70029,1.324594,"R$5,76 BRL",668,"0,72%",0.24903,231,"R$2,31 BRL",126,45,2,"R$9.567,00 BRL",17.914388,,24,,5832,1504,5256,708536560751820,Gê Burger -> Digital Livre
2025-03-12,2025-03-12,"R$415,77 BRL",76863,61475,1.250313,"R$5,41 BRL",554,"0,72%",0.234183,180,"R$2,31 BRL",108,3,,,,,2,,5115,1231,4623,708536560751820,Gê Burger -> Digital Livre
2025-03-13,2025-03-13,"R$115,94 BRL",40633,35452,1.146141,"R$2,85 BRL",226,"0,56%",0.108286,44,"R$2,64 BRL",44,24,3,"R$19.590,00 BRL",168.966707,,20,,4959,1279,4686,708536560751820,Gê Burger -> Digital Livre
2025-03-14,2025-03-14,"R$116,00 BRL",38069,32758,1.162128,"R$3,05 BRL",219,"0,58%",0.11558,44,"R$2,64 BRL",42,17,3,"R$15.292,00 BRL",131.827586,,13,,4859,1137,4542,708536560751820,Gê Burger -> Digital Livre
2025-03-15,2025-03-15,"R$114,00 BRL",38916,32886,1.183361,"R$2,93 BRL",256,"0,66%",0.149039,58,"R$1,97 BRL",55,26,6,"R$37.312,00 BRL",327.298246,,25,,4919,1187,4635,708536560751820,Gê Burger -> Digital Livre
2025-03-16,2025-03-16,"R$124,95 BRL",48702,41544,1.172299,"R$2,57 BRL",298,"0,61%",0.141678,69,"R$1,81 BRL",67,37,2,"R$226,00 BRL",1.808723,,7,,5707,1454,5415,708536560751820,Gê Burger -> Digital Livre
2025-03-17,2025-03-17,"R$49,96 BRL",35268,30921,1.140584,"R$1,42 BRL",142,"0,40%",0.022683,8,"R$6,25 BRL",8,5,,,,,,,4912,1214,4726,708536560751820,Gê Burger -> Digital Livre
2025-03-18,2025-03-18,"R$115,81 BRL",43064,37443,1.150122,"R$2,69 BRL",265,"0,62%",0.148616,64,"R$1,81 BRL",51,30,1,"R$10.050,00 BRL",86.780071,,11,,5248,1352,4963,708536560751820,Gê Burger -> Digital Livre
2025-03-19,2025-03-19,"R$120,57 BRL",41599,33405,1.245293,"R$2,90 BRL",343,"0,82%",0.168273,70,"R$1,72 BRL",62,32,,,,,9,,5292,1337,4970,708536560751820,Gê Burger -> Digital Livre
2025-03-20,2025-03-20,"R$114,44 BRL",38374,33636,1.140861,"R$2,98 BRL",258,"0,67%",0.148538,57,"R$2,01 BRL",53,32,,,,,,,4855,1173,4582,708536560751820,Gê Burger -> Digital Livre
2025-03-21,2025-03-21,"R$77,86 BRL",33706,29876,1.128197,"R$2,31 BRL",179,"0,53%",0.077138,26,"R$2,99 BRL",22,10,2,"R$19.132,00 BRL",245.723093,,17,,3892,804,3682,708536560751820,Gê Burger -> Digital Livre
2025-03-22,2025-03-22,"R$76,76 BRL",34397,29395,1.170165,"R$2,23 BRL",172,"0,50%",0.087217,30,"R$2,56 BRL",23,9,4,"R$18.466,00 BRL",240.568004,,7,,3888,801,3695,708536560751820,Gê Burger -> Digital Livre
2025-03-23,2025-03-23,"R$87,99 BRL",44134,35618,1.239093,"R$1,99 BRL",401,"0,91%",0.08157,36,"R$2,44 BRL",29,10,2,"R$181,00 BRL",2.057052,,10,,5306,954,4906,708536560751820,Gê Burger -> Digital Livre
2025-03-24,2025-03-24,"R$63,36 BRL",35188,28961,1.215013,"R$1,80 BRL",199,"0,57%",0.039786,14,"R$4,53 BRL",14,5,,,,,,,4277,792,4045,708536560751820,Gê Burger -> Digital Livre
2025-03-25,2025-03-25,"R$93,04 BRL",37570,31740,1.18368,"R$2,48 BRL",175,"0,47%",0.071866,27,"R$3,45 BRL",18,8,,,,,1,,4148,766,3990,708536560751820,Gê Burger -> Digital Livre
2025-03-26,2025-03-26,"R$85,18 BRL",34009,27911,1.21848,"R$2,50 BRL",229,"0,67%",0.088212,30,"R$2,84 BRL",23,6,,,,,2,,4161,805,3935,708536560751820,Gê Burger -> Digital Livre
2025-03-27,2025-03-27,"R$86,69 BRL",33084,27811,1.189601,"R$2,62 BRL",418,"1,26%",0.075565,25,"R$3,47 BRL",18,8,,,,,4,,3860,633,3475,708536560751820,Gê Burger -> Digital Livre
2025-03-28,2025-03-28,"R$57,58 BRL",24339,21157,1.150399,"R$2,37 BRL",159,"0,65%",0.053412,13,"R$4,43 BRL",8,3,,,,,1,,2920,546,2781,708536560751820,Gê Burger -> Digital Livre
2025-03-29,2025-03-29,"R$73,12 BRL",19769,18330,1.078505,"R$3,70 BRL",77,"0,39%",0.136577,27,"R$2,71 BRL",22,6,2,"R$17.018,50 BRL",232.747538,,3,,2423,451,2349,708536560751820,Gê Burger -> Digital Livre
2025-03-30,2025-03-30,"R$120,34 BRL",44884,40795,1.100233,"R$2,68 BRL",324,"0,72%",0.077979,35,"R$3,44 BRL",26,14,2,"R$134,00 BRL",1.113512,,6,,5548,1098,5253,708536560751820,Gê Burger -> Digital Livre
2025-03-31,2025-03-31,"R$42,80 BRL",28568,25298,1.129259,"R$1,50 BRL",180,"0,63%",0.031504,9,"R$4,76 BRL",9,4,,,,,2,,3719,661,3552,708536560751820,Gê Burger -> Digital Livre
2025-04-01,2025-04-01,"R$101,28 BRL",39653,32964,1.202918,"R$2,55 BRL",198,"0,50%",0.126094,50,"R$2,03 BRL",33,31,4,"R$13.463,30 BRL",132.931477,,10,,4977,1077,4839,708536560751820,Gê Burger -> Digital Livre
2025-04-02,2025-04-02,"R$96,45 BRL",41169,34490,1.19365,"R$2,34 BRL",202,"0,49%",0.12388,51,"R$1,89 BRL",41,20,6,"R$26.138,80 BRL",271.008813,,17,,5194,920,5050,708536560751820,Gê Burger -> Digital Livre
2025-04-03,2025-04-03,"R$101,44 BRL",40150,33840,1.186466,"R$2,53 BRL",266,"0,66%",0.124533,50,"R$2,03 BRL",39,18,4,"R$10.953,40 BRL",107.979101,,11,,5148,969,4945,708536560751820,Gê Burger -> Digital Livre
2025-04-04,2025-04-04,"R$92,33 BRL",37168,31162,1.192735,"R$2,48 BRL",210,"0,57%",0.142596,53,"R$1,74 BRL",41,24,,,,,,,4757,873,4614,708536560751820,Gê Burger -> Digital Livre
2025-04-05,2025-04-05,"R$92,23 BRL",39804,35230,1.129833,"R$2,32 BRL",189,"0,47%",0.115566,46,"R$2,01 BRL",41,29,4,"R$21.098,90 BRL",228.76396,,18,,5011,937,4868,708536560751820,Gê Burger -> Digital Livre
2025-04-06,2025-04-06,"R$103,97 BRL",49590,40786,1.215858,"R$2,10 BRL",295,"0,59%",0.102843,51,"R$2,04 BRL",45,32,2,"R$8.524,40 BRL",81.989035,,5,,6092,1108,5855,708536560751820,Gê Burger -> Digital Livre
2025-04-07,2025-04-07,"R$49,79 BRL",39234,31807,1.233502,"R$1,27 BRL",195,"0,50%",0.012744,5,"R$9,96 BRL",4,3,,,,,,,4750,851,4564,708536560751820,Gê Burger -> Digital Livre
2025-04-08,2025-04-08,"R$91,62 BRL",38896,32949,1.180491,"R$2,36 BRL",195,"0,50%",0.097696,38,"R$2,41 BRL",30,12,,,,,5,,4154,776,4008,708536560751820,Gê Burger -> Digital Livre
2025-04-09,2025-04-09,"R$89,16 BRL",35743,30133,1.186175,"R$2,49 BRL",198,"0,55%",0.106315,38,"R$2,35 BRL",31,19,,,,,5,,4182,737,4026,708536560751820,Gê Burger -> Digital Livre
2025-04-10,2025-04-10,"R$88,80 BRL",35422,29639,1.195115,"R$2,51 BRL",288,"0,81%",0.084693,30,"R$2,96 BRL",18,12,4,"R$26.352,92 BRL",296.767117,,22,,4061,828,3817,708536560751820,Gê Burger -> Digital Livre
2025-04-11,2025-04-11,"R$81,49 BRL",34399,27727,1.240632,"R$2,37 BRL",157,"0,46%",0.075584,26,"R$3,13 BRL",22,11,2,"R$7.514,40 BRL",92.212541,,5,,4077,799,3934,708536560751820,Gê Burger -> Digital Livre
2025-04-12,2025-04-12,"R$76,19 BRL",35114,29120,1.205838,"R$2,17 BRL",167,"0,48%",0.082588,29,"R$2,63 BRL",24,22,6,"R$15.750,30 BRL",206.72398,,18,,4199,856,4082,708536560751820,Gê Burger -> Digital Livre
2025-04-13,2025-04-13,"R$86,68 BRL",42247,33826,1.248951,"R$2,05 BRL",205,"0,49%",0.089947,38,"R$2,28 BRL",31,23,7,"R$32.294,30 BRL",372.56922,,11,,4806,892,4659,708536560751820,Gê Burger -> Digital Livre
2025-04-14,2025-04-14,"R$50,06 BRL",34325,28932,1.186403,"R$1,46 BRL",149,"0,43%",0.029133,10,"R$5,01 BRL",10,6,,,,,,,4230,847,4100,708536560751820,Gê Burger -> Digital Livre
2025-04-15,2025-04-15,"R$82,19 BRL",27845,23785,1.170696,"R$2,95 BRL",152,"0,55%",0.122105,34,"R$2,42 BRL",25,14,4,"R$15.673,50 BRL",190.698382,,16,,3548,836,3412,708536560751820,Gê Burger -> Digital Livre
2025-04-16,2025-04-16,"R$80,31 BRL",21578,17924,1.203861,"R$3,72 BRL",149,"0,69%",0.129762,28,"R$2,87 BRL",18,12,11,"R$25.143,30 BRL",313.078072,,25,,3041,725,2897,708536560751820,Gê Burger -> Digital Livre
2025-04-17,2025-04-17,"R$73,85 BRL",22939,19644,1.167736,"R$3,22 BRL",175,"0,76%",0.122063,28,"R$2,64 BRL",23,10,6,"R$22.221,20 BRL",300.896412,,11,,3034,625,2864,708536560751820,Gê Burger -> Digital Livre
2025-04-18,2025-04-18,"R$67,68 BRL",23942,19417,1.233043,"R$2,83 BRL",151,"0,63%",0.16707,40,"R$1,69 BRL",29,21,4,"R$15.432,80 BRL",228.026005,,15,,3354,690,3243,708536560751820,Gê Burger -> Digital Livre
2025-04-19,2025-04-19,"R$64,19 BRL",23753,19284,1.231747,"R$2,70 BRL",109,"0,46%",0.1263,30,"R$2,14 BRL",26,13,,,,,,,3455,795,3351,708536560751820,Gê Burger -> Digital Livre
2025-04-20,2025-04-20,"R$69,62 BRL",28338,24141,1.173854,"R$2,46 BRL",264,"0,93%",0.130567,37,"R$1,88 BRL",28,22,5,"R$16.462,20 BRL",236.457914,,10,,3605,772,3321,708536560751820,Gê Burger -> Digital Livre
2025-04-21,2025-04-21,"R$36,04 BRL",24073,20537,1.172177,"R$1,50 BRL",245,"1,02%",0.066465,16,"R$2,25 BRL",15,4,,,,,,,2993,557,2636,708536560751820,Gê Burger -> Digital Livre
2025-04-22,2025-04-22,"R$78,92 BRL",29027,24738,1.173377,"R$2,72 BRL",176,"0,61%",0.168808,49,"R$1,61 BRL",40,17,4,"R$6.501,50 BRL",82.380892,,6,,3668,801,3519,708536560751820,Gê Burger -> Digital Livre
2025-04-23,2025-04-23,"R$88,51 BRL",25986,22205,1.170277,"R$3,41 BRL",169,"0,65%",0.161625,42,"R$2,11 BRL",26,16,,,,,2,,3281,748,3158,708536560751820,Gê Burger -> Digital Livre
2025-04-24,2025-04-24,"R$64,94 BRL",19850,17515,1.133314,"R$3,27 BRL",127,"0,64%",0.201511,40,"R$1,62 BRL",34,15,,,,,2,,1816,359,1729,708536560751820,Gê Burger -> Digital Livre
2025-04-25,2025-04-25,"R$53,76 BRL",16785,13807,1.215688,"R$3,20 BRL",170,"1,01%",0.196604,33,"R$1,63 BRL",28,19,6,"R$582,00 BRL",10.825893,,18,,1539,268,1379,708536560751820,Gê Burger -> Digital Livre
2025-04-26,2025-04-26,"R$48,45 BRL",16754,14035,1.19373,"R$2,89 BRL",107,"0,64%",0.196968,33,"R$1,47 BRL",31,21,8,"R$22.309,70 BRL",460.468524,,14,,1767,401,1701,708536560751820,Gê Burger -> Digital Livre
2025-04-27,2025-04-27,"R$55,71 BRL",18972,16574,1.144684,"R$2,94 BRL",157,"0,83%",0.216108,41,"R$1,36 BRL",32,23,4,"R$7.389,90 BRL",132.649435,,13,,2139,473,2052,708536560751820,Gê Burger -> Digital Livre
2025-04-28,2025-04-28,"R$20,60 BRL",13991,12658,1.105309,"R$1,47 BRL",80,"0,57%",0.035737,5,"R$4,12 BRL",5,3,,,,,,,1340,286,1271,708536560751820,Gê Burger -> Digital Livre
2025-04-29,2025-04-29,"R$143,20 BRL",30320,26433,1.147051,"R$4,72 BRL",311,"1,03%",0.362797,110,"R$1,30 BRL",107,72,1,"R$66,90 BRL",0.467179,,8,,4225,753,3983,708536560751820,Gê Burger -> Digital Livre
2025-04-30,2025-04-30,"R$132,99 BRL",25991,22327,1.164106,"R$5,12 BRL",248,"0,95%",0.292409,76,"R$1,75 BRL",72,61,4,"R$8.288,90 BRL",62.327243,,24,,3713,675,3547,708536560751820,Gê Burger -> Digital Livre
2025-05-01,2025-05-01,"R$140,10 BRL",31102,25380,1.225453,"R$4,50 BRL",334,"1,07%",0.35689,111,"R$1,26 BRL",104,88,20,"R$61.257,60 BRL",437.24197,,52,,5001,1026,4763,708536560751820,Gê Burger -> Digital Livre
2025-05-02,2025-05-02,"R$135,34 BRL",30970,26226,1.180889,"R$4,37 BRL",455,"1,47%",0.374556,116,"R$1,17 BRL",114,85,6,"R$25.835,80 BRL",190.895522,,18,,4340,760,3870,708536560751820,Gê Burger -> Digital Livre
2025-05-03,2025-05-03,"R$121,64 BRL",31494,25697,1.225591,"R$3,86 BRL",445,"1,41%",0.301645,95,"R$1,28 BRL",91,65,12,"R$38.343,50 BRL",315.221144,,19,,3820,638,3361,708536560751820,Gê Burger -> Digital Livre
2025-05-04,2025-05-04,"R$140,03 BRL",36871,31658,1.164666,"R$3,80 BRL",396,"1,07%",0.325459,120,"R$1,17 BRL",116,87,8,"R$28.986,10 BRL",206.999214,,27,,4980,938,4657,708536560751820,Gê Burger -> Digital Livre
2025-05-05,2025-05-05,"R$18,31 BRL",14242,12781,1.11431,"R$1,29 BRL",38,"0,27%",0.056172,8,"R$2,29 BRL",8,8,,,,,,,1563,314,1526,708536560751820,Gê Burger -> Digital Livre
2025-05-06,2025-05-06,"R$98,74 BRL",26024,22338,1.16501,"R$3,79 BRL",207,"0,80%",0.284353,74,"R$1,33 BRL",68,50,2,"R$7.589,90 BRL",76.867531,,6,,3721,819,3552,708536560751820,Gê Burger -> Digital Livre
2025-05-07,2025-05-07,"R$102,39 BRL",23788,20736,1.147184,"R$4,30 BRL",268,"1,13%",0.252228,60,"R$1,71 BRL",53,41,6,"R$15.869,30 BRL",154.988768,,12,,2795,528,2473,708536560751820,Gê Burger -> Digital Livre
2025-05-08,2025-05-08,"R$113,28 BRL",25502,22077,1.155139,"R$4,44 BRL",340,"1,33%",0.301937,77,"R$1,47 BRL",68,39,2,"R$88,00 BRL",0.776836,,12,,2938,580,2585,708536560751820,Gê Burger -> Digital Livre
2025-05-09,2025-05-09,"R$96,95 BRL",21392,17797,1.202,"R$4,53 BRL",154,"0,72%",0.271129,58,"R$1,67 BRL",55,42,7,"R$13.885,80 BRL",143.226405,,23,,2332,545,2213,708536560751820,Gê Burger -> Digital Livre
2025-05-10,2025-05-10,"R$87,98 BRL",22028,18028,1.221877,"R$3,99 BRL",358,"1,63%",0.213365,47,"R$1,87 BRL",43,31,4,"R$14.877,30 BRL",169.098659,,10,,1761,412,1362,708536560751820,Gê Burger -> Digital Livre
2025-05-11,2025-05-11,"R$80,58 BRL",27987,24053,1.163555,"R$2,88 BRL",486,"1,74%",0.235824,66,"R$1,22 BRL",59,35,8,"R$28.694,10 BRL",356.094564,,24,,1796,184,1323,708536560751820,Gê Burger -> Digital Livre
2025-05-12,2025-05-12,"R$20,06 BRL",16236,14695,1.104866,"R$1,24 BRL",252,"1,55%",0.049273,8,"R$2,51 BRL",7,5,,,,,2,,1041,118,713,708536560751820,Gê Burger -> Digital Livre
2025-05-13,2025-05-13,"R$70,88 BRL",23493,21519,1.091733,"R$3,02 BRL",150,"0,64%",0.221343,52,"R$1,36 BRL",48,30,2,"R$7.968,90 BRL",112.428047,,3,,3042,500,2895,708536560751820,Gê Burger -> Digital Livre
2025-05-14,2025-05-14,"R$76,50 BRL",23138,19876,1.164118,"R$3,31 BRL",176,"0,76%",0.216095,50,"R$1,53 BRL",41,28,2,"R$9.685,90 BRL",126.613072,,11,,2874,465,2744,708536560751820,Gê Burger -> Digital Livre
2025-05-15,2025-05-15,"R$71,15 BRL",22307,19679,1.133543,"R$3,19 BRL",153,"0,69%",0.233111,52,"R$1,37 BRL",48,30,5,"R$11.728,90 BRL",164.847505,,7,,2834,490,2715,708536560751820,Gê Burger -> Digital Livre
2025-05-16,2025-05-16,"R$71,34 BRL",18395,17351,1.060169,"R$3,88 BRL",214,"1,16%",0.255504,47,"R$1,52 BRL",45,26,1,"R$9.490,00 BRL",133.024951,,8,,1711,281,1420,708536560751820,Gê Burger -> Digital Livre
2025-05-17,2025-05-17,"R$69,65 BRL",18443,17185,1.073203,"R$3,78 BRL",196,"1,06%",0.200618,37,"R$1,88 BRL",32,25,2,"R$11.059,50 BRL",158.786791,,7,,1559,267,1299,708536560751820,Gê Burger -> Digital Livre
2025-05-18,2025-05-18,"R$83,28 BRL",25280,22121,1.142805,"R$3,29 BRL",346,"1,37%",0.249209,63,"R$1,32 BRL",60,37,8,"R$36.117,60 BRL",433.688761,,14,,1990,230,1445,708536560751820,Gê Burger -> Digital Livre
2025-05-19,2025-05-19,"R$27,09 BRL",16254,14890,1.091605,"R$1,67 BRL",79,"0,49%",0.036914,6,"R$4,52 BRL",5,,,,,,,,2255,1649,2151,708536560751820,Gê Burger -> Digital Livre
2025-05-20,2025-05-20,"R$63,11 BRL",17965,15990,1.123515,"R$3,51 BRL",109,"0,61%",0.217089,39,"R$1,62 BRL",38,30,2,"R$180,00 BRL",2.852163,,5,,2725,946,2625,708536560751820,Gê Burger -> Digital Livre
2025-05-21,2025-05-21,"R$16,25 BRL",10768,9853,1.092865,"R$1,51 BRL",34,"0,32%",0.111441,12,"R$1,35 BRL",7,2,,,,,,,2268,1722,2241,708536560751820,Gê Burger -> Digital Livre
2025-05-22,2025-05-22,"R$99,91 BRL",16624,14840,1.120216,"R$6,01 BRL",216,"1,30%",0.547401,91,"R$1,10 BRL",90,70,,,,,12,,4391,1278,4196,708536560751820,Gê Burger -> Digital Livre
2025-05-23,2025-05-23,"R$127,76 BRL",10989,9018,1.218563,"R$11,63 BRL",148,"1,35%",0.637001,70,"R$1,83 BRL",49,34,8,"R$27.371,70 BRL",214.243112,,12,,1813,225,1690,708536560751820,Gê Burger -> Digital Livre
2025-05-24,2025-05-24,"R$99,07 BRL",9153,7297,1.254351,"R$10,82 BRL",118,"1,29%",0.622747,57,"R$1,74 BRL",43,22,7,"R$44.572,50 BRL",449.909155,,23,,1450,199,1341,708536560751820,Gê Burger -> Digital Livre
2025-05-25,2025-05-25,"R$104,55 BRL",9062,7347,1.233429,"R$11,54 BRL",124,"1,37%",0.617965,56,"R$1,87 BRL",47,20,4,"R$14.887,40 BRL",142.395026,,12,,1600,207,1497,708536560751820,Gê Burger -> Digital Livre
2025-05-27,2025-05-27,"R$105,94 BRL",8404,6965,1.206604,"R$12,61 BRL",114,"1,36%",0.547358,46,"R$2,30 BRL",32,19,,,,,2,,1661,231,1552,708536560751820,Gê Burger -> Digital Livre
2025-05-28,2025-05-28,"R$137,14 BRL",11545,8748,1.31973,"R$11,88 BRL",227,"1,97%",0.93547,108,"R$1,27 BRL",61,45,6,"R$13.906,70 BRL",101.405133,,20,,1650,242,1475,708536560751820,Gê Burger -> Digital Livre
2025-05-29,2025-05-29,"R$139,00 BRL",12706,9879,1.286163,"R$10,94 BRL",203,"1,60%",0.818511,104,"R$1,34 BRL",51,36,,,,,10,,1776,227,1589,708536560751820,Gê Burger -> Digital Livre
2025-05-30,2025-05-30,"R$98,04 BRL",5813,4579,1.269491,"R$16,87 BRL",102,"1,75%",0.842938,49,"R$2,00 BRL",41,27,2,"R$188,00 BRL",1.917585,,11,,1045,133,964,708536560751820,Gê Burger -> Digital Livre
2025-05-31,2025-05-31,"R$94,94 BRL",7242,5729,1.264095,"R$13,11 BRL",100,"1,38%",0.538525,39,"R$2,43 BRL",36,16,6,"R$17.504,80 BRL",184.377502,,12,,1339,186,1268,708536560751820,Gê Burger -> Digital Livre
2025-06-01,2025-06-01,"R$114,96 BRL",12556,10158,1.23607,"R$9,16 BRL",154,"1,23%",0.469895,59,"R$1,95 BRL",44,30,3,"R$242,40 BRL",2.10856,5,2,33,1839,230,1729,708536560751820,Gê Burger -> Digital Livre
2025-06-02,2025-06-02,"R$0,00 BRL",0,0,0,,0,,,,,,1,,,,,,,,,,708536560751820,Gê Burger -> Digital Livre
2025-06-03,2025-06-03,"R$107,54 BRL",12471,10266,1.214787,"R$8,62 BRL",117,"0,94%",0.416967,52,"R$2,07 BRL",36,25,3,"R$245,90 BRL",2.286591,8,3,39,1680,215,1584,708536560751820,Gê Burger -> Digital Livre
2025-06-04,2025-06-04,"R$111,00 BRL",10601,8978,1.180775,"R$10,47 BRL",122,"1,15%",0.443354,47,"R$2,36 BRL",40,25,3,"R$195,90 BRL",1.764865,6,1,32,1520,197,1417,708536560751820,Gê Burger -> Digital Livre
2025-06-05,2025-06-05,"R$129,18 BRL",21742,19039,1.141972,"R$5,94 BRL",135,"0,62%",0.294361,64,"R$2,02 BRL",50,26,3,"R$188,80 BRL",1.461527,7,1,29,1643,236,1525,708536560751820,Gê Burger -> Digital Livre
2025-06-06,2025-06-06,"R$106,44 BRL",7743,6411,1.207768,"R$13,75 BRL",114,"1,47%",0.981532,76,"R$1,40 BRL",25,20,,,,,,9,1771,323,1632,708536560751820,Gê Burger -> Digital Livre
2025-06-07,2025-06-07,"R$98,10 BRL",8556,7282,1.174952,"R$11,47 BRL",131,"1,53%",0.958392,82,"R$1,20 BRL",36,20,4,"R$274,30 BRL",2.796126,6,2,28,1912,313,1782,708536560751820,Gê Burger -> Digital Livre
2025-06-08,2025-06-08,"R$142,26 BRL",14946,11780,1.268761,"R$9,52 BRL",239,"1,60%",0.909942,136,"R$1,05 BRL",75,51,5,"R$346,70 BRL",2.437087,13,4,58,2829,447,2608,708536560751820,Gê Burger -> Digital Livre
2025-06-09,2025-06-09,"R$11,23 BRL",1885,1828,1.031182,"R$5,96 BRL",30,"1,59%",1.591512,30,"R$0,37 BRL",,4,,,,,,,588,167,530,708536560751820,Gê Burger -> Digital Livre
2025-06-10,2025-06-10,"R$139,54 BRL",25624,23151,1.10682,"R$5,45 BRL",170,"0,66%",0.335623,86,"R$1,62 BRL",75,50,1,"R$65,30 BRL",0.467966,3,,12,1953,243,1827,708536560751820,Gê Burger -> Digital Livre
2025-06-11,2025-06-11,"R$119,20 BRL",28701,24151,1.188398,"R$4,15 BRL",144,"0,50%",0.229957,66,"R$1,81 BRL",46,13,1,"R$45,50 BRL",0.381711,7,3,33,1327,183,1226,708536560751820,Gê Burger -> Digital Livre
2025-06-12,2025-06-12,"R$136,82 BRL",37247,29958,1.243307,"R$3,67 BRL",197,"0,53%",0.233576,87,"R$1,57 BRL",67,31,5,"R$480,40 BRL",3.511183,12,4,47,1172,132,1034,708536560751820,Gê Burger -> Digital Livre
2025-06-13,2025-06-13,"R$109,52 BRL",18100,14236,1.271425,"R$6,05 BRL",119,"0,66%",0.298343,54,"R$2,03 BRL",39,30,5,"R$530,40 BRL",4.842951,9,2,32,975,122,886,708536560751820,Gê Burger -> Digital Livre
2025-06-14,2025-06-14,"R$82,27 BRL",7325,6022,1.216373,"R$11,23 BRL",123,"1,68%",0.696246,51,"R$1,61 BRL",36,20,3,"R$241,82 BRL",2.939346,8,3,36,1246,149,1164,708536560751820,Gê Burger -> Digital Livre
2025-06-15,2025-06-15,"R$116,52 BRL",11790,9918,1.188748,"R$9,88 BRL",170,"1,44%",0.661578,78,"R$1,49 BRL",63,40,4,"R$377,20 BRL",3.237213,13,4,47,1800,225,1672,708536560751820,Gê Burger -> Digital Livre
2025-06-16,2025-06-16,"R$0,00 BRL",0,0,0,,0,,,,,,1,,,,1,,4,,,,708536560751820,Gê Burger -> Digital Livre
2025-06-17,2025-06-17,"R$120,84 BRL",27300,25129,1.086394,"R$4,43 BRL",165,"0,60%",0.278388,76,"R$1,59 BRL",64,24,4,"R$381,30 BRL",3.155412,5,4,25,1754,218,1641,708536560751820,Gê Burger -> Digital Livre
2025-06-18,2025-06-18,"R$110,20 BRL",23899,21660,1.10337,"R$4,61 BRL",122,"0,51%",0.200845,48,"R$2,30 BRL",37,16,2,"R$397,50 BRL",3.607078,6,1,28,1350,171,1264,708536560751820,Gê Burger -> Digital Livre
2025-06-19,2025-06-19,"R$117,54 BRL",26371,24039,1.097009,"R$4,46 BRL",152,"0,58%",0.261651,69,"R$1,70 BRL",62,29,5,"R$426,30 BRL",3.62685,11,3,24,1462,195,1357,708536560751820,Gê Burger -> Digital Livre
2025-06-20,2025-06-20,"R$86,05 BRL",7296,5847,1.247819,"R$11,79 BRL",97,"1,33%",0.534539,39,"R$2,21 BRL",33,13,2,"R$128,30 BRL",1.490994,4,1,35,1156,147,1082,708536560751820,Gê Burger -> Digital Livre
2025-06-21,2025-06-21,"R$84,61 BRL",7568,6101,1.240452,"R$11,18 BRL",89,"1,18%",0.621036,47,"R$1,80 BRL",31,15,2,"R$174,90 BRL",2.067132,6,2,22,1256,172,1181,708536560751820,Gê Burger -> Digital Livre
2025-06-22,2025-06-22,"R$92,84 BRL",8741,7003,1.248179,"R$10,62 BRL",122,"1,40%",0.594898,52,"R$1,79 BRL",41,27,4,"R$291,70 BRL",3.141965,10,1,36,1464,182,1384,708536560751820,Gê Burger -> Digital Livre
2025-06-24,2025-06-24,"R$94,93 BRL",23006,21364,1.076858,"R$4,13 BRL",130,"0,57%",0.278188,64,"R$1,48 BRL",55,22,,,,2,,9,1282,155,1184,708536560751820,Gê Burger -> Digital Livre
2025-06-25,2025-06-25,"R$89,99 BRL",22123,20689,1.069312,"R$4,07 BRL",93,"0,42%",0.207928,46,"R$1,96 BRL",43,13,2,"R$134,00 BRL",1.489054,3,1,17,848,91,776,708536560751820,Gê Burger -> Digital Livre
2025-06-26,2025-06-26,"R$148,80 BRL",29561,27121,1.089967,"R$5,03 BRL",274,"0,93%",0.328135,97,"R$1,53 BRL",84,52,,,,6,1,50,3387,419,3188,708536560751820,Gê Burger -> Digital Livre
2025-06-27,2025-06-27,"R$117,72 BRL",11045,9074,1.217214,"R$10,66 BRL",170,"1,54%",0.642825,71,"R$1,66 BRL",62,41,3,"R$199,40 BRL",1.69385,14,2,46,2453,345,2319,708536560751820,Gê Burger -> Digital Livre
2025-06-28,2025-06-28,"R$136,19 BRL",15540,11792,1.317843,"R$8,76 BRL",217,"1,40%",0.48906,76,"R$1,79 BRL",67,52,6,"R$650,20 BRL",4.774213,11,5,85,2768,335,2635,708536560751820,Gê Burger -> Digital Livre
2025-06-29,2025-06-29,"R$110,25 BRL",11932,8352,1.42864,"R$9,24 BRL",158,"1,32%",0.435803,52,"R$2,12 BRL",45,24,7,"R$581,90 BRL",5.278005,15,6,68,1382,181,1287,708536560751820,Gê Burger -> Digital Livre
2025-06-30,2025-06-30,"R$0,00 BRL",0,0,0,,0,,,,,,,,,,1,,3,,,,708536560751820,Gê Burger -> Digital Livre
2025-07-01,2025-07-01,"R$125,64 BRL",36073,31469,1.146303,"R$3,48 BRL",215,"0,60%",0.279988,101,"R$1,24 BRL",89,49,,,,4,,34,1953,249,1800,708536560751820,Gê Burger -> Digital Livre
2025-07-02,2025-07-02,"R$111,59 BRL",30759,27516,1.117859,"R$3,63 BRL",138,"0,45%",0.195065,60,"R$1,86 BRL",54,15,2,"R$151,90 BRL",1.361233,8,3,31,1474,189,1373,708536560751820,Gê Burger -> Digital Livre
2025-07-03,2025-07-03,"R$107,70 BRL",27800,24556,1.132106,"R$3,87 BRL",139,"0,50%",0.248201,69,"R$1,56 BRL",53,20,3,"R$293,10 BRL",2.721448,16,4,31,1207,170,1097,708536560751820,Gê Burger -> Digital Livre
2025-07-04,2025-07-04,"R$73,14 BRL",7615,5377,1.416217,"R$9,60 BRL",94,"1,23%",0.420223,32,"R$2,29 BRL",27,10,,,,4,1,26,919,107,860,708536560751820,Gê Burger -> Digital Livre
2025-07-05,2025-07-05,"R$80,59 BRL",8836,5971,1.479819,"R$9,12 BRL",95,"1,08%",0.282933,25,"R$3,22 BRL",21,11,4,"R$402,30 BRL",4.991934,15,4,54,958,124,907,708536560751820,Gê Burger -> Digital Livre
2025-07-06,2025-07-06,"R$97,82 BRL",11748,7365,1.595112,"R$8,33 BRL",125,"1,06%",0.417092,49,"R$2,00 BRL",43,23,7,"R$501,20 BRL",5.123697,16,9,40,1138,138,1056,708536560751820,Gê Burger -> Digital Livre
2025-07-08,2025-07-08,"R$113,85 BRL",26008,24035,1.082089,"R$4,38 BRL",270,"1,04%",0.422947,110,"R$1,04 BRL",71,51,1,"R$63,40 BRL",0.556873,10,4,46,1324,288,1119,708536560751820,Gê Burger -> Digital Livre
2025-07-09,2025-07-09,"R$145,94 BRL",35149,31019,1.133144,"R$4,15 BRL",204,"0,58%",0.304418,107,"R$1,36 BRL",70,34,3,"R$215,70 BRL",1.478005,11,5,35,2124,504,1889,708536560751820,Gê Burger -> Digital Livre
2025-07-10,2025-07-10,"R$170,65 BRL",38354,33391,1.148633,"R$4,45 BRL",285,"0,74%",0.328519,126,"R$1,35 BRL",71,44,3,"R$462,20 BRL",2.708468,23,5,57,3183,974,2878,708536560751820,Gê Burger -> Digital Livre
2025-07-11,2025-07-11,"R$124,97 BRL",17022,14297,1.190599,"R$7,34 BRL",197,"1,16%",0.563976,96,"R$1,30 BRL",44,33,1,"R$56,90 BRL",0.455309,12,3,51,2304,644,2090,708536560751820,Gê Burger -> Digital Livre
2025-07-12,2025-07-12,"R$133,21 BRL",19264,15805,1.218855,"R$6,91 BRL",198,"1,03%",0.441238,85,"R$1,57 BRL",55,40,9,"R$789,70 BRL",5.928234,27,19,73,2489,692,2309,708536560751820,Gê Burger -> Digital Livre
2025-07-13,2025-07-13,"R$156,64 BRL",25297,19803,1.277433,"R$6,19 BRL",303,"1,20%",0.502036,127,"R$1,23 BRL",67,50,7,"R$562,00 BRL",3.587845,33,14,81,3276,841,2999,708536560751820,Gê Burger -> Digital Livre
2025-07-14,2025-07-14,"R$52,84 BRL",10471,8584,1.219828,"R$5,05 BRL",55,"0,53%",0.458409,48,"R$1,10 BRL",,1,,,,,,3,2003,696,1865,708536560751820,Gê Burger -> Digital Livre
2025-07-15,2025-07-15,"R$143,00 BRL",32491,29646,1.095966,"R$4,40 BRL",257,"0,79%",0.366255,119,"R$1,20 BRL",70,43,1,"R$76,00 BRL",0.531469,15,4,56,2333,631,2114,708536560751820,Gê Burger -> Digital Livre
2025-07-16,2025-07-16,"R$140,79 BRL",32272,30073,1.073122,"R$4,36 BRL",227,"0,70%",0.291274,94,"R$1,50 BRL",67,32,3,"R$480,80 BRL",3.415015,20,8,63,1949,527,1766,708536560751820,Gê Burger -> Digital Livre
2025-07-17,2025-07-17,"R$158,86 BRL",34937,29752,1.174274,"R$4,55 BRL",256,"0,73%",0.314852,110,"R$1,44 BRL",81,59,1,"R$69,40 BRL",0.436863,13,6,50,2181,490,1946,708536560751820,Gê Burger -> Digital Livre
2025-07-18,2025-07-18,"R$136,36 BRL",18262,15031,1.214956,"R$7,47 BRL",206,"1,13%",0.569489,104,"R$1,31 BRL",70,59,4,"R$318,60 BRL",2.336462,25,8,52,2011,491,1842,708536560751820,Gê Burger -> Digital Livre
2025-07-19,2025-07-19,"R$141,55 BRL",18738,15931,1.176197,"R$7,55 BRL",226,"1,21%",0.506991,95,"R$1,49 BRL",68,40,2,"R$180,40 BRL",1.274461,15,7,55,2040,531,1856,708536560751820,Gê Burger -> Digital Livre
2025-07-20,2025-07-20,"R$170,20 BRL",24949,18930,1.317961,"R$6,82 BRL",275,"1,10%",0.488998,122,"R$1,40 BRL",87,65,6,"R$485,50 BRL",2.852526,30,15,60,2591,646,2383,708536560751820,Gê Burger -> Digital Livre
2025-07-21,2025-07-21,"R$41,22 BRL",7071,6119,1.155581,"R$5,83 BRL",39,"0,55%",0.410126,29,"R$1,42 BRL",,,,,,,,2,1586,474,1522,708536560751820,Gê Burger -> Digital Livre
2025-07-22,2025-07-22,"R$203,02 BRL",43448,36407,1.193397,"R$4,67 BRL",407,"0,94%",0.379764,165,"R$1,23 BRL",111,74,2,"R$206,80 BRL",1.018619,27,8,58,2310,528,2036,708536560751820,Gê Burger -> Digital Livre
2025-07-23,2025-07-23,"R$199,43 BRL",40240,33928,1.186041,"R$4,96 BRL",312,"0,78%",0.333002,134,"R$1,49 BRL",95,60,3,"R$238,50 BRL",1.195908,15,6,54,2090,510,1836,708536560751820,Gê Burger -> Digital Livre
2025-07-24,2025-07-24,"R$189,59 BRL",37189,30179,1.232281,"R$5,10 BRL",257,"0,69%",0.309231,115,"R$1,65 BRL",104,67,,,,17,3,45,1762,421,1564,708536560751820,Gê Burger -> Digital Livre
2025-07-25,2025-07-25,"R$122,59 BRL",14101,10525,1.339762,"R$8,69 BRL",168,"1,19%",0.546061,77,"R$1,59 BRL",69,55,4,"R$500,50 BRL",4.082715,21,6,54,1545,376,1404,708536560751820,Gê Burger -> Digital Livre
2025-07-26,2025-07-26,"R$141,65 BRL",17109,11958,1.430758,"R$8,28 BRL",192,"1,12%",0.485125,83,"R$1,71 BRL",71,47,2,"R$106,90 BRL",0.754677,9,3,61,1992,422,1853,708536560751820,Gê Burger -> Digital Livre
2025-07-27,2025-07-27,"R$158,63 BRL",19454,13437,1.447793,"R$8,15 BRL",287,"1,48%",0.539735,105,"R$1,51 BRL",92,67,8,"R$805,20 BRL",5.075963,35,13,73,2601,547,2421,708536560751820,Gê Burger -> Digital Livre
2025-07-28,2025-07-28,"R$32,83 BRL",6493,6230,1.042215,"R$5,06 BRL",23,"0,35%",0.154012,10,"R$3,28 BRL",,,,,,,,11,1749,560,1687,708536560751820,Gê Burger -> Digital Livre
2025-07-29,2025-07-29,"R$151,53 BRL",32503,30110,1.079475,"R$4,66 BRL",217,"0,67%",0.227671,74,"R$2,05 BRL",48,32,3,"R$196,20 BRL",1.294793,20,11,54,4123,1206,3868,708536560751820,Gê Burger -> Digital Livre
2025-07-30,2025-07-30,"R$143,69 BRL",35029,29478,1.18831,"R$4,10 BRL",213,"0,61%",0.276913,97,"R$1,48 BRL",79,46,1,"R$35,80 BRL",0.249147,20,8,42,2308,691,2088,708536560751820,Gê Burger -> Digital Livre
2025-07-31,2025-07-31,"R$111,42 BRL",30255,27696,1.092396,"R$3,68 BRL",155,"0,51%",0.211535,64,"R$1,74 BRL",54,31,2,"R$126,30 BRL",1.133549,13,5,48,2189,659,2008,708536560751820,Gê Burger -> Digital Livre
2025-08-01,2025-08-01,"R$41,50 BRL",9681,7904,1.224823,"R$4,29 BRL",95,"0,98%",0.382192,37,"R$1,12 BRL",34,31,3,"R$265,50 BRL",6.39759,18,7,39,1895,607,1762,708536560751820,Gê Burger -> Digital Livre
2025-08-02,2025-08-02,"R$43,57 BRL",10206,8570,1.190898,"R$4,27 BRL",64,"0,63%",0.225358,23,"R$1,89 BRL",20,15,4,"R$261,90 BRL",6.011017,14,5,30,2005,669,1900,708536560751820,Gê Burger -> Digital Livre
2025-08-03,2025-08-03,"R$46,94 BRL",11504,9117,1.261819,"R$4,08 BRL",107,"0,93%",0.391168,45,"R$1,04 BRL",36,33,3,"R$240,30 BRL",5.119301,17,7,44,2135,701,1999,708536560751820,Gê Burger -> Digital Livre
2025-08-04,2025-08-04,"R$20,56 BRL",5882,5794,1.015188,"R$3,50 BRL",44,"0,75%",0.17001,10,"R$2,06 BRL",,,,,,4,,7,2161,742,2059,708536560751820,Gê Burger -> Digital Livre
2025-08-05,2025-08-05,"R$103,40 BRL",27346,26158,1.045416,"R$3,78 BRL",157,"0,57%",0.237695,65,"R$1,59 BRL",38,7,1,"R$82,40 BRL",0.796905,4,1,7,3343,926,3144,708536560751820,Gê Burger -> Digital Livre
2025-08-06,2025-08-06,"R$142,97 BRL",35415,30839,1.148384,"R$4,04 BRL",223,"0,63%",0.330368,117,"R$1,22 BRL",82,44,3,"R$206,20 BRL",1.442261,12,7,61,3531,837,3283,708536560751820,Gê Burger -> Digital Livre
2025-08-07,2025-08-07,"R$143,24 BRL",33269,29895,1.112862,"R$4,31 BRL",214,"0,64%",0.306592,102,"R$1,40 BRL",65,42,2,"R$149,70 BRL",1.045099,14,6,48,3243,854,3039,708536560751820,Gê Burger -> Digital Livre
2025-08-08,2025-08-08,"R$127,36 BRL",16415,12646,1.298039,"R$7,76 BRL",161,"0,98%",0.517819,85,"R$1,50 BRL",39,31,3,"R$162,40 BRL",1.275126,16,6,50,2876,768,2695,708536560751820,Gê Burger -> Digital Livre
2025-08-09,2025-08-09,"R$134,66 BRL",17357,13042,1.330854,"R$7,76 BRL",168,"0,97%",0.460909,80,"R$1,68 BRL",38,23,1,"R$150,00 BRL",1.113917,11,4,36,3420,911,3224,708536560751820,Gê Burger -> Digital Livre
2025-08-10,2025-08-10,"R$150,57 BRL",22039,17141,1.285748,"R$6,83 BRL",195,"0,88%",0.462816,102,"R$1,48 BRL",43,36,4,"R$296,30 BRL",1.967855,11,8,45,4036,1085,3806,708536560751820,Gê Burger -> Digital Livre
2025-08-11,2025-08-11,"R$41,12 BRL",7910,7191,1.099986,"R$5,20 BRL",70,"0,88%",0.594185,47,"R$0,87 BRL",,1,,,,1,1,5,2451,803,2329,708536560751820,Gê Burger -> Digital Livre
2025-08-12,2025-08-12,"R$146,32 BRL",33313,29621,1.124641,"R$4,39 BRL",244,"0,73%",0.357218,119,"R$1,23 BRL",74,52,2,"R$120,30 BRL",0.822171,10,5,31,3469,909,3236,708536560751820,Gê Burger -> Digital Livre
2025-08-13,2025-08-13,"R$138,00 BRL",32549,28338,1.148599,"R$4,24 BRL",209,"0,64%",0.270362,88,"R$1,57 BRL",72,42,,,,3,1,22,3237,830,3033,708536560751820,Gê Burger -> Digital Livre
2025-08-14,2025-08-14,"R$138,14 BRL",32387,28068,1.153876,"R$4,27 BRL",217,"0,67%",0.345818,112,"R$1,23 BRL",101,60,,,,9,1,40,3239,843,2990,708536560751820,Gê Burger -> Digital Livre
2025-08-15,2025-08-15,"R$105,08 BRL",14918,11029,1.352616,"R$7,04 BRL",151,"1,01%",0.328462,49,"R$2,14 BRL",36,26,2,"R$170,90 BRL",1.62638,15,5,43,3170,791,3011,708536560751820,Gê Burger -> Digital Livre
2025-08-16,2025-08-16,"R$113,52 BRL",16232,12028,1.349518,"R$6,99 BRL",167,"1,03%",0.381962,62,"R$1,83 BRL",46,36,8,"R$512,20 BRL",4.51198,23,11,67,3382,810,3198,708536560751820,Gê Burger -> Digital Livre
2025-08-17,2025-08-17,"R$119,75 BRL",18947,14676,1.291019,"R$6,32 BRL",224,"1,18%",0.464453,88,"R$1,36 BRL",58,42,3,"R$193,30 BRL",1.614196,18,7,57,3326,911,3119,708536560751820,Gê Burger -> Digital Livre
2025-08-18,2025-08-18,"R$20,07 BRL",5782,5782,1,"R$3,47 BRL",28,"0,48%",0.121065,7,"R$2,87 BRL",,,1,"R$66,90 BRL",3.333333,2,1,5,1980,680,1899,708536560751820,Gê Burger -> Digital Livre
2025-08-19,2025-08-19,"R$154,63 BRL",36854,32161,1.145922,"R$4,20 BRL",285,"0,77%",0.322896,119,"R$1,30 BRL",99,58,3,"R$197,90 BRL",1.279829,14,9,32,3541,873,3265,708536560751820,Gê Burger -> Digital Livre
2025-08-20,2025-08-20,"R$161,87 BRL",38028,31506,1.207008,"R$4,26 BRL",285,"0,75%",0.328705,125,"R$1,29 BRL",106,70,2,"R$126,20 BRL",0.779638,24,8,39,2661,743,2401,708536560751820,Gê Burger -> Digital Livre
2025-08-21,2025-08-21,"R$159,11 BRL",36011,30201,1.192378,"R$4,42 BRL",269,"0,75%",0.349893,126,"R$1,26 BRL",111,69,1,"R$98,00 BRL",0.615926,17,2,54,2629,717,2380,708536560751820,Gê Burger -> Digital Livre
2025-08-22,2025-08-22,"R$145,91 BRL",22225,16753,1.326628,"R$6,57 BRL",221,"0,99%",0.472441,105,"R$1,39 BRL",71,55,6,"R$439,01 BRL",3.008773,23,12,58,3036,813,2773,708536560751820,Gê Burger -> Digital Livre
2025-08-23,2025-08-23,"R$154,00 BRL",24482,17069,1.434296,"R$6,29 BRL",234,"0,96%",0.498325,122,"R$1,26 BRL",77,50,4,"R$338,70 BRL",2.199351,20,8,64,3148,848,2891,708536560751820,Gê Burger -> Digital Livre
2025-08-24,2025-08-24,"R$175,36 BRL",27760,19397,1.431149,"R$6,32 BRL",244,"0,88%",0.446686,124,"R$1,41 BRL",74,47,4,"R$350,80 BRL",2.000456,26,6,55,3490,890,3213,708536560751820,Gê Burger -> Digital Livre
2025-08-25,2025-08-25,"R$42,17 BRL",9455,8482,1.114714,"R$4,46 BRL",68,"0,72%",0.507668,48,"R$0,88 BRL",,2,,,,1,,15,2420,734,2247,708536560751820,Gê Burger -> Digital Livre
2025-08-26,2025-08-26,"R$170,73 BRL",40591,33690,1.204838,"R$4,21 BRL",276,"0,68%",0.349831,142,"R$1,20 BRL",88,48,4,"R$246,20 BRL",1.442043,22,8,42,3487,873,3150,708536560751820,Gê Burger -> Digital Livre
2025-08-27,2025-08-27,"R$176,19 BRL",43678,35571,1.22791,"R$4,03 BRL",264,"0,60%",0.322817,141,"R$1,25 BRL",94,46,3,"R$198,40 BRL",1.126057,13,7,47,3375,877,3065,708536560751820,Gê Burger -> Digital Livre
2025-08-28,2025-08-28,"R$174,38 BRL",42929,36109,1.188873,"R$4,06 BRL",232,"0,54%",0.314473,135,"R$1,29 BRL",81,39,5,"R$388,80 BRL",2.229613,21,9,53,2968,756,2697,708536560751820,Gê Burger -> Digital Livre
2025-08-29,2025-08-29,"R$115,71 BRL",16302,12620,1.291759,"R$7,10 BRL",153,"0,94%",0.441664,72,"R$1,61 BRL",57,43,7,"R$545,20 BRL",4.711779,22,10,49,2376,646,2203,708536560751820,Gê Burger -> Digital Livre
2025-08-30,2025-08-30,"R$124,71 BRL",17867,13495,1.323972,"R$6,98 BRL",188,"1,05%",0.475737,85,"R$1,47 BRL",69,45,8,"R$629,40 BRL",5.046909,34,15,75,2627,679,2433,708536560751820,Gê Burger -> Digital Livre
2025-08-31,2025-08-31,"R$114,44 BRL",18168,13913,1.305829,"R$6,30 BRL",163,"0,90%",0.423822,77,"R$1,49 BRL",58,32,5,"R$407,30 BRL",3.55907,20,10,41,2639,687,2472,708536560751820,Gê Burger -> Digital Livre
2025-09-01,2025-09-01,"R$20,09 BRL",5022,5022,1,"R$4,00 BRL",19,"0,38%",0.159299,8,"R$2,51 BRL",,,,,,,,5,1753,641,1685,708536560751820,Gê Burger -> Digital Livre
2025-09-02,2025-09-02,"R$81,01 BRL",29588,27464,1.077338,"R$2,74 BRL",116,"0,39%",0.209544,62,"R$1,31 BRL",50,26,,,,3,1,8,2065,686,1921,708536560751820,Gê Burger -> Digital Livre
2025-09-03,2025-09-03,"R$203,69 BRL",49888,42951,1.16151,"R$4,08 BRL",355,"0,71%",0.394885,197,"R$1,03 BRL",169,112,2,"R$145,80 BRL",0.715794,17,6,50,3337,903,2984,708536560751820,Gê Burger -> Digital Livre
2025-09-04,2025-09-04,"R$177,12 BRL",41440,36093,1.148145,"R$4,27 BRL",262,"0,63%",0.369208,153,"R$1,16 BRL",124,70,5,"R$301,50 BRL",1.702236,17,11,44,3125,849,2840,708536560751820,Gê Burger -> Digital Livre
2025-09-05,2025-09-05,"R$156,37 BRL",22488,17074,1.31709,"R$6,95 BRL",230,"1,02%",0.573639,129,"R$1,21 BRL",98,62,6,"R$600,00 BRL",3.837053,34,17,123,2774,769,2519,708536560751820,Gê Burger -> Digital Livre
2025-09-06,2025-09-06,"R$154,16 BRL",26058,19603,1.329286,"R$5,92 BRL",218,"0,84%",0.487374,127,"R$1,21 BRL",102,64,7,"R$691,10 BRL",4.483005,32,14,66,3023,841,2785,708536560751820,Gê Burger -> Digital Livre
2025-09-07,2025-09-07,"R$184,05 BRL",34625,24825,1.394763,"R$5,32 BRL",327,"0,94%",0.52852,183,"R$1,01 BRL",129,92,8,"R$674,90 BRL",3.666938,28,10,77,3910,989,3591,708536560751820,Gê Burger -> Digital Livre
2025-09-08,2025-09-08,"R$40,67 BRL",9147,8600,1.063605,"R$4,45 BRL",58,"0,63%",0.371707,34,"R$1,20 BRL",,2,,,,2,,8,2410,749,2280,708536560751820,Gê Burger -> Digital Livre
2025-09-09,2025-09-09,"R$75,51 BRL",19740,18735,1.053643,"R$3,83 BRL",113,"0,57%",0.283688,56,"R$1,35 BRL",29,12,,,,1,1,4,2040,567,1895,708536560751820,Gê Burger -> Digital Livre
2025-09-10,2025-09-10,"R$173,27 BRL",40941,34505,1.186524,"R$4,23 BRL",231,"0,56%",0.300432,123,"R$1,41 BRL",85,57,2,"R$129,80 BRL",0.74912,13,5,46,3272,893,2992,708536560751820,Gê Burger -> Digital Livre
2025-09-11,2025-09-11,"R$167,78 BRL",38730,34286,1.129616,"R$4,33 BRL",205,"0,53%",0.309837,120,"R$1,40 BRL",78,44,,,,6,,15,3087,848,2858,708536560751820,Gê Burger -> Digital Livre
2025-09-12,2025-09-12,"R$176,02 BRL",21828,18567,1.175634,"R$8,06 BRL",224,"1,03%",0.522265,114,"R$1,54 BRL",68,24,6,"R$771,60 BRL",4.383593,18,9,62,3401,925,3143,708536560751820,Gê Burger -> Digital Livre
2025-09-13,2025-09-13,"R$157,34 BRL",23667,19414,1.219069,"R$6,65 BRL",252,"1,06%",0.443656,105,"R$1,50 BRL",65,33,,,,11,4,52,3544,934,3310,708536560751820,Gê Burger -> Digital Livre
2025-09-14,2025-09-14,"R$127,52 BRL",19505,16308,1.196039,"R$6,54 BRL",205,"1,05%",0.46142,90,"R$1,42 BRL",50,23,1,"R$92,90 BRL",0.728513,6,2,39,3822,990,3584,708536560751820,Gê Burger -> Digital Livre
2025-09-15,2025-09-15,"R$20,11 BRL",5683,5683,1,"R$3,54 BRL",21,"0,37%",0.105578,6,"R$3,35 BRL",,,,,,1,1,3,1884,567,1788,708536560751820,Gê Burger -> Digital Livre
2025-09-16,2025-09-16,"R$174,20 BRL",31779,28800,1.103438,"R$5,48 BRL",213,"0,67%",0.229711,73,"R$2,39 BRL",50,21,1,"R$94,40 BRL",0.541906,12,2,22,3679,906,3449,708536560751820,Gê Burger -> Digital Livre
2025-09-17,2025-09-17,"R$180,09 BRL",33195,29762,1.115348,"R$5,43 BRL",219,"0,66%",0.22895,76,"R$2,37 BRL",53,26,1,"R$128,00 BRL",0.710756,5,1,27,3582,908,3330,708536560751820,Gê Burger -> Digital Livre
2025-09-18,2025-09-18,"R$185,62 BRL",31629,28545,1.10804,"R$5,87 BRL",208,"0,66%",0.287711,91,"R$2,04 BRL",71,23,,,,6,3,16,3699,906,3432,708536560751820,Gê Burger -> Digital Livre
2025-09-19,2025-09-19,"R$143,63 BRL",12847,11036,1.164099,"R$11,18 BRL",182,"1,42%",0.490387,63,"R$2,28 BRL",42,4,,,,,,9,3558,863,3379,708536560751820,Gê Burger -> Digital Livre
2025-09-20,2025-09-20,"R$143,74 BRL",14809,12728,1.163498,"R$9,71 BRL",168,"1,13%",0.479438,71,"R$2,02 BRL",39,8,3,"R$194,80 BRL",1.355225,6,3,14,3628,876,3418,708536560751820,Gê Burger -> Digital Livre
2025-09-21,2025-09-21,"R$158,27 BRL",16188,12772,1.26746,"R$9,78 BRL",246,"1,52%",0.605387,98,"R$1,62 BRL",62,12,3,"R$219,70 BRL",1.388134,9,6,15,3914,933,3694,708536560751820,Gê Burger -> Digital Livre
2025-09-22,2025-09-22,"R$20,82 BRL",5794,5670,1.021869,"R$3,59 BRL",32,"0,55%",0.172592,10,"R$2,08 BRL",,,,,,,,,1786,521,1700,708536560751820,Gê Burger -> Digital Livre
2025-09-23,2025-09-23,"R$190,46 BRL",33147,30544,1.085221,"R$5,75 BRL",261,"0,79%",0.271518,90,"R$2,12 BRL",38,11,2,"R$185,50 BRL",0.973958,3,2,15,5083,1256,4844,708536560751820,Gê Burger -> Digital Livre
2025-09-24,2025-09-24,"R$176,10 BRL",31433,29105,1.079986,"R$5,60 BRL",250,"0,80%",0.30223,95,"R$1,85 BRL",49,18,3,"R$167,20 BRL",0.949461,8,3,31,4087,1000,3823,708536560751820,Gê Burger -> Digital Livre
2025-09-25,2025-09-25,"R$168,88 BRL",29502,27349,1.078723,"R$5,72 BRL",230,"0,78%",0.305064,90,"R$1,88 BRL",58,18,2,"R$175,80 BRL",1.040976,5,3,17,3944,966,3693,708536560751820,Gê Burger -> Digital Livre
2025-09-26,2025-09-26,"R$152,98 BRL",13983,12146,1.151243,"R$10,94 BRL",164,"1,17%",0.379032,53,"R$2,89 BRL",27,7,1,"R$97,40 BRL",0.636685,3,2,13,3535,875,3336,708536560751820,Gê Burger -> Digital Livre
2025-09-27,2025-09-27,"R$156,95 BRL",16193,13936,1.161955,"R$9,69 BRL",218,"1,35%",0.537269,87,"R$1,80 BRL",50,,,,,,,,4015,978,3794,708536560751820,Gê Burger -> Digital Livre
2025-09-28,2025-09-28,"R$175,28 BRL",18612,15836,1.175297,"R$9,42 BRL",211,"1,13%",0.39222,73,"R$2,40 BRL",44,,,,,,,,4374,1010,4170,708536560751820,Gê Burger -> Digital Livre
2025-09-29,2025-09-29,"R$20,33 BRL",5356,5286,1.013243,"R$3,80 BRL",26,"0,49%",0.056012,3,"R$6,78 BRL",,,,,,,,,1811,582,1719,708536560751820,Gê Burger -> Digital Livre
2025-09-30,2025-09-30,"R$158,70 BRL",29557,26873,1.099877,"R$5,37 BRL",233,"0,79%",0.301113,89,"R$1,78 BRL",53,7,2,"R$103,90 BRL",0.654694,6,4,13,4196,1097,3957,708536560751820,Gê Burger -> Digital Livre
2025-10-01,2025-10-01,"R$145,43 BRL",30273,27661,1.094429,"R$4,80 BRL",182,"0,60%",0.241139,73,"R$1,99 BRL",56,10,2,"R$177,40 BRL",1.219831,7,2,21,3403,897,3203,708536560751820,Gê Burger -> Digital Livre
2025-10-02,2025-10-02,"R$142,39 BRL",29774,27508,1.082376,"R$4,78 BRL",177,"0,59%",0.241822,72,"R$1,98 BRL",48,8,3,"R$249,10 BRL",1.749421,5,4,8,3377,919,3193,708536560751820,Gê Burger -> Digital Livre
2025-10-03,2025-10-03,"R$124,03 BRL",13717,11718,1.170592,"R$9,04 BRL",144,"1,05%",0.32077,44,"R$2,82 BRL",24,5,,,,1,,6,3174,847,3044,708536560751820,Gê Burger -> Digital Livre
2025-10-04,2025-10-04,"R$125,16 BRL",14600,12401,1.177324,"R$8,57 BRL",172,"1,18%",0.534247,78,"R$1,60 BRL",34,8,,,,1,,9,2693,729,2519,708536560751820,Gê Burger -> Digital Livre
2025-10-05,2025-10-05,"R$134,56 BRL",17726,14896,1.189984,"R$7,59 BRL",184,"1,04%",0.423107,75,"R$1,79 BRL",39,6,,,,,,10,3047,770,2864,708536560751820,Gê Burger -> Digital Livre
2025-10-06,2025-10-06,"R$20,10 BRL",5298,5298,1,"R$3,79 BRL",19,"0,36%",0.094375,5,"R$4,02 BRL",,,,,,,,,1859,657,1774,708536560751820,Gê Burger -> Digital Livre
2025-10-07,2025-10-07,"R$106,74 BRL",25993,25266,1.028774,"R$4,11 BRL",177,"0,68%",0.303928,79,"R$1,35 BRL",50,5,,,,1,1,5,3058,754,2878,708536560751820,Gê Burger -> Digital Livre
2025-10-08,2025-10-08,"R$138,53 BRL",31778,28223,1.125961,"R$4,36 BRL",221,"0,70%",0.305243,97,"R$1,43 BRL",58,,,,,,,,3204,802,3011,708536560751820,Gê Burger -> Digital Livre
2025-10-09,2025-10-09,"R$123,95 BRL",28344,25848,1.096565,"R$4,37 BRL",160,"0,56%",0.201101,57,"R$2,17 BRL",25,,,,,,,,2356,616,2201,708536560751820,Gê Burger -> Digital Livre
2025-10-10,2025-10-10,"R$107,11 BRL",11359,10043,1.131037,"R$9,43 BRL",123,"1,08%",0.404965,46,"R$2,33 BRL",11,,,,,,,,2146,605,2024,708536560751820,Gê Burger -> Digital Livre
2025-10-11,2025-10-11,"R$119,80 BRL",13366,11214,1.191903,"R$8,96 BRL",128,"0,96%",0.336675,45,"R$2,66 BRL",14,,,,,,,,2469,625,2337,708536560751820,Gê Burger -> Digital Livre
2025-10-12,2025-10-12,"R$168,68 BRL",20604,16123,1.277926,"R$8,19 BRL",254,"1,23%",0.490196,101,"R$1,67 BRL",56,,,,,,,,3192,752,2985,708536560751820,Gê Burger -> Digital Livre
2025-10-13,2025-10-13,"R$19,86 BRL",5097,5097,1,"R$3,90 BRL",33,"0,65%",0.098097,5,"R$3,97 BRL",,,,,,,,,1839,631,1748,708536560751820,Gê Burger -> Digital Livre
2025-10-14,2025-10-14,"R$241,82 BRL",46611,42338,1.100926,"R$5,19 BRL",457,"0,98%",0.396902,185,"R$1,31 BRL",91,,,,,,,,3875,827,3486,708536560751820,Gê Burger -> Digital Livre
2025-10-15,2025-10-15,"R$219,23 BRL",42431,38850,1.092175,"R$5,17 BRL",340,"0,80%",0.353515,150,"R$1,46 BRL",91,41,7,"R$273,10 BRL",1.245724,13,4,50,3671,844,3365,708536560751820,Gê Burger -> Digital Livre
2025-10-16,2025-10-16,"R$188,69 BRL",32158,28721,1.119669,"R$5,87 BRL",242,"0,75%",0.373158,120,"R$1,57 BRL",91,25,4,"R$220,00 BRL",1.165934,12,4,45,1635,234,1432,708536560751820,Gê Burger -> Digital Livre
2025-10-17,2025-10-17,"R$167,13 BRL",14574,11551,1.261709,"R$11,47 BRL",203,"1,39%",0.596953,87,"R$1,92 BRL",56,21,2,"R$239,00 BRL",1.430025,11,4,43,1412,184,1258,708536560751820,Gê Burger -> Digital Livre
2025-10-18,2025-10-18,"R$144,37 BRL",11750,9345,1.257357,"R$12,29 BRL",170,"1,45%",0.723404,85,"R$1,70 BRL",55,15,6,"R$288,80 BRL",2.000416,13,5,43,1500,198,1360,708536560751820,Gê Burger -> Digital Livre
2025-10-19,2025-10-19,"R$145,80 BRL",14110,11476,1.229522,"R$10,33 BRL",224,"1,59%",0.680369,96,"R$1,52 BRL",41,8,,,,4,2,21,927,96,779,708536560751820,Gê Burger -> Digital Livre
2025-10-20,2025-10-20,"R$23,67 BRL",4775,4513,1.058055,"R$4,96 BRL",13,"0,27%",0.020942,1,"R$23,67 BRL",,,,,,1,,2,1231,357,1212,708536560751820,Gê Burger -> Digital Livre
2025-10-21,2025-10-21,"R$247,17 BRL",40060,36495,1.097685,"R$6,17 BRL",319,"0,80%",0.374438,150,"R$1,65 BRL",100,40,2,"R$76,90 BRL",0.311122,8,4,36,2715,652,2459,708536560751820,Gê Burger -> Digital Livre
2025-10-22,2025-10-22,"R$246,25 BRL",40785,35845,1.137816,"R$6,04 BRL",272,"0,67%",0.304033,124,"R$1,99 BRL",93,33,2,"R$78,90 BRL",0.320406,7,2,31,2498,651,2262,708536560751820,Gê Burger -> Digital Livre
2025-10-23,2025-10-23,"R$234,00 BRL",38999,33916,1.14987,"R$6,00 BRL",308,"0,79%",0.376933,147,"R$1,59 BRL",107,47,8,"R$257,20 BRL",1.099145,15,5,45,2436,636,2195,708536560751820,Gê Burger -> Digital Livre
2025-10-24,2025-10-24,"R$212,13 BRL",18250,13754,1.326887,"R$11,62 BRL",234,"1,28%",0.580822,106,"R$2,00 BRL",73,42,13,"R$514,50 BRL",2.4254,26,13,67,2484,654,2308,708536560751820,Gê Burger -> Digital Livre
2025-10-25,2025-10-25,"R$218,08 BRL",19893,15290,1.301046,"R$10,96 BRL",253,"1,27%",0.547931,109,"R$2,00 BRL",77,42,20,"R$690,20 BRL",3.164894,23,14,58,2606,704,2430,708536560751820,Gê Burger -> Digital Livre
2025-10-26,2025-10-26,"R$233,06 BRL",24946,19221,1.297851,"R$9,34 BRL",326,"1,31%",0.585264,146,"R$1,60 BRL",84,44,4,"R$166,00 BRL",0.712263,3,1,57,2729,647,2500,708536560751820,Gê Burger -> Digital Livre
2025-10-27,2025-10-27,"R$26,01 BRL",2823,2623,1.076249,"R$9,21 BRL",12,"0,43%",0.283386,8,"R$3,25 BRL",,2,,,,,,1,887,400,869,708536560751820,Gê Burger -> Digital Livre
2025-10-28,2025-10-28,"R$260,04 BRL",38422,33293,1.154056,"R$6,77 BRL",296,"0,77%",0.413825,159,"R$1,64 BRL",78,37,2,"R$65,40 BRL",0.2515,6,2,19,3348,799,3042,708536560751820,Gê Burger -> Digital Livre
2025-10-29,2025-10-29,"R$271,46 BRL",40416,34871,1.159015,"R$6,72 BRL",334,"0,83%",0.45774,185,"R$1,47 BRL",90,38,8,"R$207,05 BRL",0.762727,17,7,32,3396,787,3083,708536560751820,Gê Burger -> Digital Livre
2025-10-30,2025-10-30,"R$269,61 BRL",22983,18705,1.228709,"R$11,73 BRL",282,"1,23%",0.665709,153,"R$1,76 BRL",67,34,7,"R$190,95 BRL",0.708245,11,6,42,3563,763,3279,708536560751820,Gê Burger -> Digital Livre
2025-10-31,2025-10-31,"R$274,36 BRL",20552,15794,1.301254,"R$13,35 BRL",262,"1,27%",0.681199,140,"R$1,96 BRL",81,43,10,"R$387,90 BRL",1.413836,15,8,45,3218,795,2954,708536560751820,Gê Burger -> Digital Livre
2025-11-01,2025-11-01,"R$238,57 BRL",22343,16897,1.322306,"R$10,68 BRL",290,"1,30%",0.617643,138,"R$1,73 BRL",66,51,6,"R$256,80 BRL",1.076414,19,6,87,3290,822,3045,708536560751820,Gê Burger -> Digital Livre
2025-11-02,2025-11-02,"R$220,60 BRL",21549,16587,1.29915,"R$10,24 BRL",260,"1,21%",0.566152,122,"R$1,81 BRL",64,30,12,"R$632,20 BRL",2.86582,18,9,63,3026,787,2810,708536560751820,Gê Burger -> Digital Livre
2025-11-03,2025-11-03,"R$35,71 BRL",3012,2871,1.049112,"R$11,86 BRL",29,"0,96%",0.830013,25,"R$1,43 BRL",,2,,,,2,,7,989,534,931,708536560751820,Gê Burger -> Digital Livre
2025-11-04,2025-11-04,"R$151,72 BRL",31649,29567,1.070416,"R$4,79 BRL",197,"0,62%",0.315966,100,"R$1,52 BRL",50,21,6,"R$349,60 BRL",2.304245,9,4,15,2095,629,1924,708536560751820,Gê Burger -> Digital Livre
2025-11-05,2025-11-05,"R$151,47 BRL",32561,31320,1.039623,"R$4,65 BRL",221,"0,68%",0.377753,123,"R$1,23 BRL",84,43,,,,14,5,20,1967,621,1767,708536560751820,Gê Burger -> Digital Livre
2025-11-06,2025-11-06,"R$167,57 BRL",32400,29531,1.097152,"R$5,17 BRL",194,"0,60%",0.320988,104,"R$1,61 BRL",67,42,6,"R$247,70 BRL",1.478188,10,7,31,1970,633,1798,708536560751820,Gê Burger -> Digital Livre
2025-11-07,2025-11-07,"R$146,28 BRL",13321,10416,1.278898,"R$10,98 BRL",165,"1,24%",0.5405,72,"R$2,03 BRL",40,27,8,"R$449,20 BRL",3.070823,17,6,50,1803,600,1668,708536560751820,Gê Burger -> Digital Livre
2025-11-08,2025-11-08,"R$144,80 BRL",14492,11118,1.303472,"R$9,99 BRL",174,"1,20%",0.531328,77,"R$1,88 BRL",47,31,6,"R$452,20 BRL",3.122928,18,6,51,1814,577,1684,708536560751820,Gê Burger -> Digital Livre
2025-11-09,2025-11-09,"R$166,58 BRL",16996,13138,1.293652,"R$9,80 BRL",258,"1,52%",0.641327,109,"R$1,53 BRL",55,47,11,"R$524,70 BRL",3.149838,19,8,68,2188,697,2008,708536560751820,Gê Burger -> Digital Livre
2025-11-10,2025-11-10,"R$35,39 BRL",1986,1943,1.022131,"R$17,82 BRL",19,"0,96%",0.855992,17,"R$2,08 BRL",,1,,,,,,,818,495,776,708536560751820,Gê Burger -> Digital Livre
2025-11-11,2025-11-11,"R$191,22 BRL",32553,28399,1.146273,"R$5,87 BRL",256,"0,79%",0.43314,141,"R$1,36 BRL",92,46,4,"R$210,00 BRL",1.098211,13,3,27,2116,616,1892,708536560751820,Gê Burger -> Digital Livre
2025-11-12,2025-11-12,"R$181,05 BRL",32877,28718,1.144822,"R$5,51 BRL",219,"0,67%",0.319372,105,"R$1,72 BRL",75,37,4,"R$142,40 BRL",0.786523,16,5,44,1788,579,1617,708536560751820,Gê Burger -> Digital Livre
2025-11-13,2025-11-13,"R$177,75 BRL",31292,26765,1.169139,"R$5,68 BRL",222,"0,71%",0.380289,119,"R$1,49 BRL",97,46,2,"R$45,00 BRL",0.253165,9,3,27,1427,493,1257,708536560751820,Gê Burger -> Digital Livre
2025-11-14,2025-11-14,"R$143,90 BRL",13227,9091,1.454955,"R$10,88 BRL",155,"1,17%",0.5141,68,"R$2,12 BRL",59,29,4,"R$172,50 BRL",1.198749,10,3,48,999,289,897,708536560751820,Gê Burger -> Digital Livre
2025-11-15,2025-11-15,"R$145,24 BRL",14907,10082,1.478576,"R$9,74 BRL",183,"1,23%",0.570202,85,"R$1,71 BRL",69,53,6,"R$306,80 BRL",2.112366,17,9,38,995,147,865,708536560751820,Gê Burger -> Digital Livre
2025-11-16,2025-11-16,"R$152,76 BRL",17286,11659,1.482631,"R$8,84 BRL",199,"1,15%",0.491727,85,"R$1,80 BRL",60,33,6,"R$260,00 BRL",1.702016,14,5,45,1249,163,1115,708536560751820,Gê Burger -> Digital Livre
2025-11-17,2025-11-17,"R$0,00 BRL",0,0,0,,0,,,,,,3,,,,,,1,,,,708536560751820,Gê Burger -> Digital Livre
2025-11-18,2025-11-18,"R$151,71 BRL",32291,28243,1.143328,"R$4,70 BRL",184,"0,57%",0.281812,91,"R$1,67 BRL",68,36,4,"R$131,10 BRL",0.864149,6,1,25,1038,135,899,708536560751820,Gê Burger -> Digital Livre
2025-11-19,2025-11-19,"R$185,91 BRL",37099,29844,1.243097,"R$5,01 BRL",226,"0,61%",0.326154,121,"R$1,54 BRL",95,50,12,"R$574,20 BRL",3.088591,18,9,46,643,77,477,708536560751820,Gê Burger -> Digital Livre
2025-11-20,2025-11-20,"R$210,49 BRL",44613,37068,1.203545,"R$4,72 BRL",292,"0,65%",0.286912,128,"R$1,64 BRL",94,53,10,"R$546,60 BRL",2.596798,17,8,59,5161,1262,4965,708536560751820,Gê Burger -> Digital Livre
2025-11-21,2025-11-21,"R$170,50 BRL",23451,16344,1.434838,"R$7,27 BRL",203,"0,87%",0.392307,92,"R$1,85 BRL",63,42,8,"R$217,30 BRL",1.274487,28,8,51,3852,998,3720,708536560751820,Gê Burger -> Digital Livre
2025-11-22,2025-11-22,"R$178,85 BRL",27763,17784,1.561122,"R$6,44 BRL",204,"0,73%",0.41422,115,"R$1,56 BRL",75,41,7,"R$351,40 BRL",1.964775,22,9,51,3882,1052,3737,708536560751820,Gê Burger -> Digital Livre
2025-11-23,2025-11-23,"R$187,60 BRL",26230,16968,1.545851,"R$7,15 BRL",197,"0,75%",0.354556,93,"R$2,02 BRL",63,41,12,"R$590,80 BRL",3.149254,26,17,57,3444,811,3306,708536560751820,Gê Burger -> Digital Livre
2025-11-24,2025-11-24,"R$0,00 BRL",0,0,0,,0,,,,,,,,,,,1,2,,,,708536560751820,Gê Burger -> Digital Livre
2025-11-25,2025-11-25,"R$147,39 BRL",27466,23671,1.160323,"R$5,37 BRL",215,"0,78%",0.389573,107,"R$1,38 BRL",74,30,4,"R$222,08 BRL",1.506751,4,7,27,1209,152,1062,708536560751820,Gê Burger -> Digital Livre
2025-11-26,2025-11-26,"R$153,51 BRL",28487,24321,1.171292,"R$5,39 BRL",184,"0,65%",0.298382,85,"R$1,81 BRL",64,28,6,"R$286,28 BRL",1.864895,19,6,47,996,139,860,708536560751820,Gê Burger -> Digital Livre
2025-11-27,2025-11-27,"R$167,07 BRL",28200,23181,1.216514,"R$5,92 BRL",195,"0,69%",0.361702,102,"R$1,64 BRL",78,37,6,"R$214,16 BRL",1.281858,12,5,31,1157,154,1011,708536560751820,Gê Burger -> Digital Livre
2025-11-28,2025-11-28,"R$150,66 BRL",11541,7825,1.474888,"R$13,05 BRL",131,"1,14%",0.554545,64,"R$2,35 BRL",51,29,2,"R$93,00 BRL",0.617284,2,2,18,788,131,687,708536560751820,Gê Burger -> Digital Livre
2025-11-29,2025-11-29,"R$100,95 BRL",8549,6131,1.394389,"R$11,81 BRL",142,"1,66%",0.842204,72,"R$1,40 BRL",40,23,8,"R$336,10 BRL",3.329371,19,8,28,698,78,598,708536560751820,Gê Burger -> Digital Livre
2025-11-30,2025-11-30,"R$100,50 BRL",10293,7261,1.417573,"R$9,76 BRL",142,"1,38%",0.641212,66,"R$1,52 BRL",37,28,,,,5,2,36,815,110,725,708536560751820,Gê Burger -> Digital Livre
2025-12-02,2025-12-02,"R$39,42 BRL",20295,19559,1.03763,"R$1,94 BRL",95,"0,47%",0.251293,51,"R$0,77 BRL",39,7,,,,,,,72,,3,708536560751820,Gê Burger -> Digital Livre
2025-12-03,2025-12-03,"R$181,52 BRL",40290,33758,1.193495,"R$4,51 BRL",257,"0,64%",0.404567,163,"R$1,11 BRL",109,42,4,"R$159,90 BRL",0.880895,11,2,46,1560,334,1297,708536560751820,Gê Burger -> Digital Livre
2025-12-04,2025-12-04,"R$193,12 BRL",39748,33436,1.188779,"R$4,86 BRL",285,"0,72%",0.432726,172,"R$1,12 BRL",85,28,4,"R$170,00 BRL",0.880282,10,5,34,1966,386,1676,708536560751820,Gê Burger -> Digital Livre
2025-12-05,2025-12-05,"R$156,41 BRL",16900,12373,1.365877,"R$9,26 BRL",184,"1,09%",0.698225,118,"R$1,33 BRL",46,14,4,"R$162,00 BRL",1.035739,16,2,31,1536,341,1314,708536560751820,Gê Burger -> Digital Livre
2025-12-06,2025-12-06,"R$168,75 BRL",18990,13423,1.414736,"R$8,89 BRL",263,"1,38%",0.774092,147,"R$1,15 BRL",55,28,12,"R$612,00 BRL",3.626667,20,12,48,2000,432,1747,708536560751820,Gê Burger -> Digital Livre
2025-12-07,2025-12-07,"R$221,77 BRL",27169,20310,1.337715,"R$8,16 BRL",377,"1,39%",0.791343,215,"R$1,03 BRL",85,38,10,"R$415,90 BRL",1.875366,30,8,56,3375,666,3014,708536560751820,Gê Burger -> Digital Livre
2025-12-08,2025-12-08,"R$25,78 BRL",3702,3630,1.019835,"R$6,96 BRL",81,"2,19%",2.188006,81,"R$0,32 BRL",,2,,,,7,,20,1251,388,1116,708536560751820,Gê Burger -> Digital Livre
2025-12-09,2025-12-09,"R$216,46 BRL",42054,34927,1.204054,"R$5,15 BRL",374,"0,89%",0.501736,211,"R$1,03 BRL",91,37,4,"R$150,30 BRL",0.694355,12,3,31,3216,555,2845,708536560751820,Gê Burger -> Digital Livre
2025-12-10,2025-12-10,"R$189,18 BRL",42785,34710,1.232642,"R$4,42 BRL",311,"0,73%",0.380975,163,"R$1,16 BRL",121,39,8,"R$195,80 BRL",1.034993,20,9,65,2307,311,2049,708536560751820,Gê Burger -> Digital Livre
2025-12-11,2025-12-11,"R$185,42 BRL",37731,31374,1.20262,"R$4,91 BRL",275,"0,73%",0.360446,136,"R$1,36 BRL",113,41,4,"R$173,90 BRL",0.937871,18,7,41,1843,234,1636,708536560751820,Gê Burger -> Digital Livre
2025-12-12,2025-12-12,"R$177,18 BRL",19086,13309,1.434067,"R$9,28 BRL",221,"1,16%",0.461071,88,"R$2,01 BRL",62,28,4,"R$93,80 BRL",0.529405,10,4,37,1639,209,1487,708536560751820,Gê Burger -> Digital Livre
2025-12-13,2025-12-13,"R$168,07 BRL",19817,14331,1.382807,"R$8,48 BRL",231,"1,17%",0.494525,98,"R$1,72 BRL",73,37,5,"R$206,40 BRL",1.22806,18,6,50,1933,203,1763,708536560751820,Gê Burger -> Digital Livre
2025-12-14,2025-12-14,"R$221,69 BRL",27489,19729,1.39333,"R$8,06 BRL",345,"1,26%",0.585689,161,"R$1,38 BRL",78,42,4,"R$147,80 BRL",0.666697,9,4,26,2497,442,2225,708536560751820,Gê Burger -> Digital Livre
2025-12-15,2025-12-15,"R$21,31 BRL",1065,998,1.067134,"R$20,01 BRL",25,"2,35%",2.441315,26,"R$0,82 BRL",,3,,,,5,,9,292,161,243,708536560751820,Gê Burger -> Digital Livre
2025-12-16,2025-12-16,"R$202,80 BRL",39677,34835,1.138998,"R$5,11 BRL",318,"0,80%",0.43098,171,"R$1,19 BRL",95,41,4,"R$134,90 BRL",0.665187,11,5,38,2369,439,2109,708536560751820,Gê Burger -> Digital Livre
2025-12-17,2025-12-17,"R$196,74 BRL",40606,35514,1.14338,"R$4,85 BRL",309,"0,76%",0.406344,165,"R$1,19 BRL",98,30,4,"R$173,50 BRL",0.881875,11,3,24,2308,388,2029,708536560751820,Gê Burger -> Digital Livre
2025-12-18,2025-12-18,"R$208,32 BRL",38619,32615,1.184087,"R$5,39 BRL",310,"0,80%",0.435019,168,"R$1,24 BRL",102,37,2,"R$55,50 BRL",0.266417,8,3,21,1737,328,1490,708536560751820,Gê Burger -> Digital Livre
2025-12-19,2025-12-19,"R$111,50 BRL",11345,7934,1.429922,"R$9,83 BRL",193,"1,70%",1.12825,128,"R$0,87 BRL",56,36,4,"R$190,00 BRL",1.704036,19,8,50,771,197,587,708536560751820,Gê Burger -> Digital Livre
2025-12-20,2025-12-20,"R$117,01 BRL",11717,7793,1.503529,"R$9,99 BRL",169,"1,44%",0.844926,99,"R$1,18 BRL",54,33,6,"R$200,90 BRL",1.716947,7,3,45,1294,265,1143,708536560751820,Gê Burger -> Digital Livre
2025-12-21,2025-12-21,"R$109,43 BRL",13748,9305,1.477485,"R$7,96 BRL",200,"1,45%",0.705557,97,"R$1,13 BRL",63,46,10,"R$401,30 BRL",3.667185,15,7,41,1417,192,1273,708536560751820,Gê Burger -> Digital Livre
2025-12-22,2025-12-22,"R$0,00 BRL",0,0,0,,0,,,,,,2,,,,,,3,,,,708536560751820,Gê Burger -> Digital Livre
2025-12-23,2025-12-23,"R$112,66 BRL",31526,25716,1.225929,"R$3,57 BRL",201,"0,64%",0.355262,112,"R$1,01 BRL",86,52,2,"R$62,90 BRL",0.558317,6,3,20,1646,223,1468,708536560751820,Gê Burger -> Digital Livre
2025-12-24,2025-12-24,"R$110,31 BRL",36968,32258,1.14601,"R$2,98 BRL",206,"0,56%",0.324605,120,"R$0,92 BRL",91,37,2,"R$75,40 BRL",0.683528,1,1,3,1944,230,1760,708536560751820,Gê Burger -> Digital Livre
2025-12-25,2025-12-25,"R$124,17 BRL",43182,36193,1.193104,"R$2,88 BRL",315,"0,73%",0.351999,152,"R$0,82 BRL",129,64,12,"R$442,60 BRL",3.564468,21,15,113,1398,148,1199,708536560751820,Gê Burger -> Digital Livre
2025-12-26,2025-12-26,"R$105,11 BRL",23298,16928,1.3763,"R$4,51 BRL",225,"0,97%",0.454975,106,"R$0,99 BRL",83,51,12,"R$571,30 BRL",5.435258,14,8,50,2020,239,1854,708536560751820,Gê Burger -> Digital Livre
2025-12-27,2025-12-27,"R$107,27 BRL",20935,15285,1.369643,"R$5,12 BRL",294,"1,40%",0.625746,131,"R$0,82 BRL",95,73,12,"R$560,80 BRL",5.22793,23,9,65,2293,261,2093,708536560751820,Gê Burger -> Digital Livre
2025-12-28,2025-12-28,"R$111,03 BRL",19574,13001,1.505576,"R$5,67 BRL",238,"1,22%",0.556861,109,"R$1,02 BRL",76,45,4,"R$133,00 BRL",1.197874,8,7,32,2108,238,1929,708536560751820,Gê Burger -> Digital Livre
2025-12-29,2025-12-29,"R$0,00 BRL",0,0,0,,0,,,,,,3,,,,,,1,,,,708536560751820,Gê Burger -> Digital Livre
2025-12-30,2025-12-30,"R$122,32 BRL",40770,36395,1.120209,"R$3,00 BRL",266,"0,65%",0.331126,135,"R$0,91 BRL",100,53,,,,8,1,27,2052,240,1860,708536560751820,Gê Burger -> Digital Livre
2025-12-31,2025-12-31,"R$25,31 BRL",23325,22962,1.015809,"R$1,09 BRL",47,"0,20%",0.137192,32,"R$0,79 BRL",22,7,,,,,,1,39,,,708536560751820,Gê Burger -> Digital Livre
2026-01-01,2026-01-01,"R$0,64 BRL",195,186,1.048387,"R$3,28 BRL",2,"1,03%",,,,,,,,,,,,32,1,32,708536560751820,Gê Burger -> Digital Livre
2026-01-02,2026-01-02,"R$93,03 BRL",27791,21193,1.311329,"R$3,35 BRL",344,"1,24%",0.593717,165,"R$0,56 BRL",146,109,,,,15,1,80,5199,613,4915,708536560751820,Gê Burger -> Digital Livre
2026-01-03,2026-01-03,"R$151,06 BRL",45005,35362,1.272694,"R$3,36 BRL",489,"1,09%",0.513276,231,"R$0,65 BRL",151,87,10,"R$423,80 BRL",2.805508,18,13,78,4169,510,3801,708536560751820,Gê Burger -> Digital Livre
2026-01-04,2026-01-04,"R$153,13 BRL",37268,28860,1.291337,"R$4,11 BRL",494,"1,33%",0.627885,234,"R$0,65 BRL",116,90,8,"R$299,90 BRL",1.958467,25,8,108,3695,472,3351,708536560751820,Gê Burger -> Digital Livre
2026-01-05,2026-01-05,"R$52,49 BRL",30249,26502,1.141386,"R$1,74 BRL",86,"0,28%",0.181824,55,"R$0,95 BRL",55,16,,,,1,,4,59,,,708536560751820,Gê Burger -> Digital Livre
2026-01-06,2026-01-06,"R$161,00 BRL",80134,60412,1.326458,"R$2,01 BRL",318,"0,40%",0.202161,162,"R$0,99 BRL",125,59,,,,7,3,33,3061,438,2818,708536560751820,Gê Burger -> Digital Livre
2026-01-07,2026-01-07,"R$66,59 BRL",38893,34697,1.120933,"R$1,71 BRL",128,"0,33%",0.213406,83,"R$0,80 BRL",43,14,,,,,,2,99,,,708536560751820,Gê Burger -> Digital Livre
2026-01-08,2026-01-08,"R$133,40 BRL",33362,28429,1.17352,"R$4,00 BRL",235,"0,70%",0.380673,127,"R$1,05 BRL",89,50,5,"R$281,80 BRL",2.112444,6,2,30,2646,397,2456,708536560751820,Gê Burger -> Digital Livre
2026-01-09,2026-01-09,"R$108,28 BRL",18276,13607,1.343132,"R$5,92 BRL",221,"1,21%",0.623769,114,"R$0,95 BRL",78,48,4,"R$187,80 BRL",1.734392,10,2,43,2469,355,2298,708536560751820,Gê Burger -> Digital Livre
2026-01-10,2026-01-10,"R$105,96 BRL",17226,12837,1.341902,"R$6,15 BRL",207,"1,20%",0.655985,113,"R$0,94 BRL",72,50,2,"R$89,90 BRL",0.848433,7,1,41,2095,293,1932,708536560751820,Gê Burger -> Digital Livre
2026-01-11,2026-01-11,"R$111,58 BRL",15599,10948,1.424826,"R$7,15 BRL",177,"1,13%",0.538496,84,"R$1,33 BRL",35,32,12,"R$485,70 BRL",4.352931,15,9,53,1327,251,1205,708536560751820,Gê Burger -> Digital Livre
2026-01-13,2026-01-13,"R$134,68 BRL",41407,37391,1.107406,"R$3,25 BRL",292,"0,71%",0.386408,160,"R$0,84 BRL",105,60,2,"R$94,90 BRL",0.704633,5,3,13,2025,392,1801,708536560751820,Gê Burger -> Digital Livre
2026-01-14,2026-01-14,"R$62,99 BRL",32459,32459,1,"R$1,94 BRL",146,"0,45%",0.255707,83,"R$0,76 BRL",50,13,,,,2,1,6,106,,,708536560751820,Gê Burger -> Digital Livre
2026-01-15,2026-01-15,"R$136,70 BRL",39910,36678,1.088118,"R$3,43 BRL",233,"0,58%",0.33325,133,"R$1,03 BRL",102,48,2,"R$73,40 BRL",0.536942,4,2,42,1870,343,1678,708536560751820,Gê Burger -> Digital Livre
2026-01-16,2026-01-16,"R$113,00 BRL",14420,10723,1.344773,"R$7,84 BRL",198,"1,37%",0.755895,109,"R$1,04 BRL",74,55,8,"R$435,90 BRL",3.857522,11,6,50,1444,307,1273,708536560751820,Gê Burger -> Digital Livre
2026-01-17,2026-01-17,"R$80,77 BRL",12191,9235,1.320087,"R$6,63 BRL",173,"1,42%",0.639816,78,"R$1,04 BRL",53,36,2,"R$91,00 BRL",1.126656,8,2,24,930,156,802,708536560751820,Gê Burger -> Digital Livre
2026-01-18,2026-01-18,"R$87,85 BRL",13581,10020,1.355389,"R$6,47 BRL",236,"1,74%",0.758412,103,"R$0,85 BRL",59,36,8,"R$289,40 BRL",3.294252,16,9,61,919,143,774,708536560751820,Gê Burger -> Digital Livre
2026-01-19,2026-01-19,"R$0,00 BRL",0,0,0,,0,,,,,,1,,,,1,,16,,,,708536560751820,Gê Burger -> Digital Livre
2026-01-20,2026-01-20,"R$104,61 BRL",34750,30936,1.123287,"R$3,01 BRL",257,"0,74%",0.348201,121,"R$0,86 BRL",78,38,2,"R$139,00 BRL",1.328745,5,2,25,1028,127,864,708536560751820,Gê Burger -> Digital Livre
2026-01-21,2026-01-21,"R$61,96 BRL",29110,27155,1.071994,"R$2,13 BRL",147,"0,50%",0.254208,74,"R$0,84 BRL",50,11,8,"R$332,00 BRL",5.358296,10,5,25,97,,2,708536560751820,Gê Burger -> Digital Livre
2026-01-22,2026-01-22,"R$102,53 BRL",35745,31347,1.140301,"R$2,87 BRL",190,"0,53%",0.274164,98,"R$1,05 BRL",71,44,2,"R$141,00 BRL",1.375207,4,3,12,803,115,669,708536560751820,Gê Burger -> Digital Livre
2026-01-23,2026-01-23,"R$104,97 BRL",14858,10436,1.423726,"R$7,06 BRL",213,"1,43%",0.726881,108,"R$0,97 BRL",76,49,4,"R$217,40 BRL",2.071068,14,3,47,1237,226,1079,708536560751820,Gê Burger -> Digital Livre
2026-01-24,2026-01-24,"R$111,04 BRL",14421,10613,1.358805,"R$7,70 BRL",217,"1,50%",0.603287,87,"R$1,28 BRL",53,46,10,"R$549,30 BRL",4.946866,31,10,107,1122,162,996,708536560751820,Gê Burger -> Digital Livre
2026-01-25,2026-01-25,"R$118,26 BRL",18564,12065,1.538666,"R$6,37 BRL",223,"1,20%",0.570998,106,"R$1,12 BRL",74,55,4,"R$204,50 BRL",1.729241,11,5,46,1219,227,1076,708536560751820,Gê Burger -> Digital Livre
2026-01-26,2026-01-26,"R$0,00 BRL",0,0,0,,0,,,,,,1,,,,,,,,,,708536560751820,Gê Burger -> Digital Livre
2026-01-27,2026-01-27,"R$168,16 BRL",44673,37741,1.183673,"R$3,76 BRL",359,"0,80%",0.438744,196,"R$0,86 BRL",140,72,8,"R$215,90 BRL",1.283896,12,4,42,1457,276,1193,708536560751820,Gê Burger -> Digital Livre
2026-01-28,2026-01-28,"R$64,82 BRL",28477,27295,1.043305,"R$2,28 BRL",141,"0,50%",0.26337,75,"R$0,86 BRL",53,10,2,"R$98,50 BRL",1.519593,5,1,7,102,,1,708536560751820,Gê Burger -> Digital Livre
2026-01-29,2026-01-29,"R$165,41 BRL",43265,36173,1.196058,"R$3,82 BRL",244,"0,56%",0.29354,127,"R$1,30 BRL",107,50,2,"R$110,00 BRL",0.665014,12,2,35,1231,229,1048,708536560751820,Gê Burger -> Digital Livre
2026-01-30,2026-01-30,"R$107,02 BRL",13756,9478,1.451361,"R$7,78 BRL",159,"1,16%",0.552486,76,"R$1,41 BRL",55,29,9,"R$388,50 BRL",3.630163,19,10,25,1151,221,1034,708536560751820,Gê Burger -> Digital Livre
2026-01-31,2026-01-31,"R$114,09 BRL",14848,10315,1.439457,"R$7,68 BRL",229,"1,54%",0.680226,101,"R$1,13 BRL",72,47,6,"R$290,80 BRL",2.548865,14,12,51,1160,208,1023,708536560751820,Gê Burger -> Digital Livre
2026-02-01,2026-02-01,"R$113,84 BRL",16702,12147,1.37499,"R$6,82 BRL",232,"1,39%",0.718477,120,"R$0,95 BRL",77,37,10,"R$450,80 BRL",3.959944,25,6,66,1241,164,1073,708536560751820,Gê Burger -> Digital Livre
2026-02-02,2026-02-02,"R$0,00 BRL",2,2,1,"R$0,00 BRL",0,"0,00%",,,,,,2,"R$129,00 BRL",,2,1,3,,,,708536560751820,Gê Burger -> Digital Livre
2026-02-03,2026-02-03,"R$121,07 BRL",37739,33792,1.116803,"R$3,21 BRL",255,"0,68%",0.347121,131,"R$0,92 BRL",103,48,,,,2,1,22,1331,162,1147,708536560751820,Gê Burger -> Digital Livre
2026-02-04,2026-02-04,"R$86,91 BRL",35453,32222,1.100273,"R$2,45 BRL",170,"0,48%",0.287705,102,"R$0,85 BRL",74,29,8,"R$313,40 BRL",3.606029,10,5,28,501,56,369,708536560751820,Gê Burger -> Digital Livre
2026-02-05,2026-02-05,"R$103,53 BRL",16664,12647,1.317625,"R$6,21 BRL",195,"1,17%",0.582093,97,"R$1,07 BRL",66,31,,,,6,4,25,1037,139,895,708536560751820,Gê Burger -> Digital Livre
2026-02-06,2026-02-06,"R$127,22 BRL",17021,12562,1.354959,"R$7,47 BRL",254,"1,49%",0.722637,123,"R$1,03 BRL",79,35,4,"R$292,90 BRL",2.302311,10,4,32,743,96,579,708536560751820,Gê Burger -> Digital Livre
2026-02-07,2026-02-07,"R$149,60 BRL",25447,18419,1.381563,"R$5,88 BRL",266,"1,05%",0.58946,150,"R$1,00 BRL",98,40,4,"R$137,00 BRL",0.915775,9,2,26,1265,251,1061,708536560751820,Gê Burger -> Digital Livre
2026-02-08,2026-02-08,"R$175,72 BRL",30147,22211,1.3573,"R$5,83 BRL",387,"1,28%",0.673367,203,"R$0,87 BRL",111,49,12,"R$591,70 BRL",3.367289,35,12,77,1458,137,1181,708536560751820,Gê Burger -> Digital Livre
2026-02-09,2026-02-09,"R$0,03 BRL",4,4,1,"R$7,50 BRL",0,"0,00%",,,,,,,,,1,,1,,,,708536560751820,Gê Burger -> Digital Livre
2026-02-10,2026-02-10,"R$158,20 BRL",42863,37212,1.15186,"R$3,69 BRL",323,"0,75%",0.429275,184,"R$0,86 BRL",119,39,2,"R$248,40 BRL",1.570164,9,2,24,1099,165,855,708536560751820,Gê Burger -> Digital Livre
2026-02-11,2026-02-11,"R$174,66 BRL",43839,38579,1.136344,"R$3,98 BRL",346,"0,79%",0.492712,216,"R$0,81 BRL",151,42,10,"R$443,20 BRL",2.537501,27,12,48,1128,141,861,708536560751820,Gê Burger -> Digital Livre
2026-02-12,2026-02-12,"R$168,85 BRL",36244,28958,1.251606,"R$4,66 BRL",259,"0,71%",0.435934,158,"R$1,07 BRL",103,34,6,"R$245,80 BRL",1.45573,8,4,16,1220,151,999,708536560751820,Gê Burger -> Digital Livre
2026-02-13,2026-02-13,"R$155,35 BRL",22950,16282,1.409532,"R$6,77 BRL",252,"1,10%",0.544662,125,"R$1,24 BRL",65,24,8,"R$453,00 BRL",2.915996,13,6,26,1022,144,841,708536560751820,Gê Burger -> Digital Livre
2026-02-14,2026-02-14,"R$156,53 BRL",23862,16334,1.460879,"R$6,56 BRL",281,"1,18%",0.557372,133,"R$1,18 BRL",74,31,10,"R$400,50 BRL",2.558615,18,10,31,1148,164,962,708536560751820,Gê Burger -> Digital Livre
2026-02-15,2026-02-15,"R$171,72 BRL",27499,19381,1.418864,"R$6,24 BRL",359,"1,31%",0.654569,180,"R$0,95 BRL",114,49,15,"R$775,71 BRL",4.517296,25,13,63,1281,164,1042,708536560751820,Gê Burger -> Digital Livre
2026-02-16,2026-02-16,"R$0,01 BRL",1,1,1,"R$10,00 BRL",0,"0,00%",,,,,1,,,,,,4,,,,708536560751820,Gê Burger -> Digital Livre
2026-02-17,2026-02-17,"R$20,29 BRL",22789,22453,1.014965,"R$0,89 BRL",53,"0,23%",0.179911,41,"R$0,49 BRL",40,7,,,,,,2,42,,,708536560751820,Gê Burger -> Digital Livre
2026-02-18,2026-02-18,"R$190,04 BRL",60305,53092,1.135859,"R$3,15 BRL",384,"0,64%",0.323356,195,"R$0,97 BRL",141,38,8,"R$330,30 BRL",1.738055,15,4,31,1539,185,1269,708536560751820,Gê Burger -> Digital Livre
2026-02-19,2026-02-19,"R$196,47 BRL",56613,50588,1.119099,"R$3,47 BRL",380,"0,67%",0.372706,211,"R$0,93 BRL",158,52,4,"R$114,90 BRL",0.584822,11,3,40,1370,154,1084,708536560751820,Gê Burger -> Digital Livre
2026-02-20,2026-02-20,"R$213,19 BRL",18669,13654,1.367292,"R$11,42 BRL",220,"1,18%",0.503508,94,"R$2,27 BRL",73,39,8,"R$410,70 BRL",1.926451,16,5,39,1312,156,1156,708536560751820,Gê Burger -> Digital Livre
2026-02-21,2026-02-21,"R$168,79 BRL",27280,19997,1.364205,"R$6,19 BRL",349,"1,28%",0.56085,153,"R$1,10 BRL",94,54,8,"R$275,30 BRL",1.631021,25,13,67,1504,169,1266,708536560751820,Gê Burger -> Digital Livre
2026-02-22,2026-02-22,"R$192,44 BRL",34239,24236,1.412733,"R$5,62 BRL",373,"1,09%",0.54032,185,"R$1,04 BRL",107,43,8,"R$398,80 BRL",2.072334,16,7,49,1442,195,1188,708536560751820,Gê Burger -> Digital Livre
2026-02-23,2026-02-23,"R$0,00 BRL",0,0,0,,0,,,,,,1,,,,,,1,,,,708536560751820,Gê Burger -> Digital Livre
2026-02-24,2026-02-24,"R$81,71 BRL",28488,24478,1.163821,"R$2,87 BRL",179,"0,63%",0.301881,86,"R$0,95 BRL",86,44,6,"R$305,40 BRL",3.737609,12,5,44,1280,194,1165,708536560751820,Gê Burger -> Digital Livre
2026-02-25,2026-02-25,"R$144,18 BRL",48050,40629,1.182653,"R$3,00 BRL",286,"0,60%",0.274714,132,"R$1,09 BRL",103,45,2,"R$67,00 BRL",0.464697,10,3,40,1992,250,1781,708536560751820,Gê Burger -> Digital Livre
2026-02-26,2026-02-26,"R$162,79 BRL",58203,48248,1.20633,"R$2,80 BRL",305,"0,52%",0.211329,123,"R$1,32 BRL",84,36,4,"R$104,00 BRL",0.63886,9,4,19,3064,326,2867,708536560751820,Gê Burger -> Digital Livre
2026-02-27,2026-02-27,"R$142,15 BRL",34210,28918,1.183,"R$4,16 BRL",275,"0,80%",0.266004,91,"R$1,56 BRL",51,36,10,"R$473,50 BRL",3.330988,19,10,52,2706,310,2536,708536560751820,Gê Burger -> Digital Livre
2026-02-28,2026-02-28,"R$150,12 BRL",38175,31524,1.210982,"R$3,93 BRL",272,"0,71%",0.285527,109,"R$1,38 BRL",63,52,14,"R$604,50 BRL",4.026779,24,10,54,2911,348,2742,708536560751820,Gê Burger -> Digital Livre
2026-03-01,2026-03-01,"R$160,09 BRL",51478,43840,1.174224,"R$3,11 BRL",293,"0,57%",0.250592,129,"R$1,24 BRL",72,53,10,"R$412,30 BRL",2.575426,16,9,41,3878,404,3663,708536560751820,Gê Burger -> Digital Livre
2026-03-02,2026-03-02,"R$23,88 BRL",25616,23800,1.076303,"R$0,93 BRL",75,"0,29%",0.074172,19,"R$1,26 BRL",,1,,,,,,,2133,196,2073,708536560751820,Gê Burger -> Digital Livre
2026-03-03,2026-03-03,"R$130,97 BRL",55567,45942,1.209503,"R$2,36 BRL",268,"0,48%",0.230353,128,"R$1,02 BRL",79,40,4,"R$286,80 BRL",2.189814,17,12,31,2854,265,2634,708536560751820,Gê Burger -> Digital Livre
2026-03-04,2026-03-04,"R$145,25 BRL",60546,51309,1.180027,"R$2,40 BRL",291,"0,48%",0.254352,154,"R$0,94 BRL",92,57,2,"R$95,90 BRL",0.660241,3,2,16,3116,354,2855,708536560751820,Gê Burger -> Digital Livre
2026-03-05,2026-03-05,"R$156,20 BRL",61981,52359,1.18377,"R$2,52 BRL",253,"0,41%",0.264597,164,"R$0,95 BRL",83,45,2,"R$164,00 BRL",1.049936,8,3,22,3069,311,2783,708536560751820,Gê Burger -> Digital Livre
2026-03-06,2026-03-06,"R$142,37 BRL",36927,32292,1.143534,"R$3,86 BRL",258,"0,70%",0.365586,135,"R$1,05 BRL",50,32,4,"R$147,50 BRL",1.036033,8,5,17,3027,296,2798,708536560751820,Gê Burger -> Digital Livre
2026-03-07,2026-03-07,"R$156,71 BRL",38621,32566,1.18593,"R$4,06 BRL",263,"0,68%",0.323658,125,"R$1,25 BRL",56,42,9,"R$418,20 BRL",2.668624,16,7,39,3174,321,2942,708536560751820,Gê Burger -> Digital Livre
2026-03-08,2026-03-08,"R$160,23 BRL",47115,39758,1.185045,"R$3,40 BRL",324,"0,69%",0.377799,178,"R$0,90 BRL",66,60,8,"R$340,20 BRL",2.123198,11,4,44,3311,322,3034,708536560751820,Gê Burger -> Digital Livre
2026-03-09,2026-03-09,"R$44,86 BRL",26675,26261,1.015765,"R$1,68 BRL",99,"0,37%",0.206186,55,"R$0,82 BRL",,2,,,,,,,1977,174,1839,708536560751820,Gê Burger -> Digital Livre
2026-03-10,2026-03-10,"R$140,21 BRL",53033,44804,1.183667,"R$2,64 BRL",230,"0,43%",0.239474,127,"R$1,10 BRL",69,51,,,,8,3,16,2712,266,2475,708536560751820,Gê Burger -> Digital Livre
2026-03-11,2026-03-11,"R$138,86 BRL",54156,46234,1.171346,"R$2,56 BRL",232,"0,43%",0.223429,121,"R$1,15 BRL",73,46,2,"R$61,80 BRL",0.445053,6,6,38,2577,278,2358,708536560751820,Gê Burger -> Digital Livre
2026-03-12,2026-03-12,"R$118,03 BRL",51484,41501,1.240548,"R$2,29 BRL",244,"0,47%",0.22337,115,"R$1,03 BRL",83,35,2,"R$145,50 BRL",1.232737,8,3,28,2454,260,2269,708536560751820,Gê Burger -> Digital Livre
2026-03-13,2026-03-13,"R$91,93 BRL",27955,25906,1.079094,"R$3,29 BRL",164,"0,59%",0.232517,65,"R$1,41 BRL",43,31,8,"R$257,90 BRL",2.805395,12,8,27,2263,243,2148,708536560751820,Gê Burger -> Digital Livre
2026-03-14,2026-03-14,"R$119,63 BRL",45994,38462,1.19583,"R$2,60 BRL",177,"0,38%",0.145671,67,"R$1,79 BRL",53,44,10,"R$746,90 BRL",6.243417,20,6,52,2778,356,2646,708536560751820,Gê Burger -> Digital Livre
2026-03-15,2026-03-15,"R$137,61 BRL",52366,45180,1.159053,"R$2,63 BRL",262,"0,50%",0.223427,117,"R$1,18 BRL",82,62,14,"R$791,50 BRL",5.751762,32,17,58,2683,330,2505,708536560751820,Gê Burger -> Digital Livre
2026-03-16,2026-03-16,"R$24,57 BRL",21215,20368,1.041585,"R$1,16 BRL",62,"0,29%",0.065991,14,"R$1,76 BRL",,,,,,,,,1826,196,1782,708536560751820,Gê Burger -> Digital Livre
2026-03-17,2026-03-17,"R$102,35 BRL",46718,39160,1.193003,"R$2,19 BRL",206,"0,44%",0.184083,86,"R$1,19 BRL",61,34,,,,7,1,14,2363,237,2224,708536560751820,Gê Burger -> Digital Livre
2026-03-18,2026-03-18,"R$112,45 BRL",50062,42706,1.172247,"R$2,25 BRL",191,"0,38%",0.175782,88,"R$1,28 BRL",66,36,2,"R$42,90 BRL",0.381503,4,2,16,2516,257,2362,708536560751820,Gê Burger -> Digital Livre
2026-03-19,2026-03-19,"R$113,52 BRL",49969,41496,1.204188,"R$2,27 BRL",220,"0,44%",0.184114,92,"R$1,23 BRL",67,36,8,"R$260,50 BRL",2.29475,15,9,34,2504,274,2343,708536560751820,Gê Burger -> Digital Livre
2026-03-20,2026-03-20,"R$93,79 BRL",27443,24934,1.100626,"R$3,42 BRL",166,"0,60%",0.214991,59,"R$1,59 BRL",28,19,2,"R$61,90 BRL",0.659985,3,1,21,2202,226,2096,708536560751820,Gê Burger -> Digital Livre
2026-03-21,2026-03-21,"R$95,43 BRL",29753,25307,1.175683,"R$3,21 BRL",197,"0,66%",0.245353,73,"R$1,31 BRL",38,29,6,"R$216,90 BRL",2.27287,13,4,51,2396,255,2264,708536560751820,Gê Burger -> Digital Livre
2026-03-22,2026-03-22,"R$103,05 BRL",34670,29858,1.161163,"R$2,97 BRL",207,"0,60%",0.242284,84,"R$1,23 BRL",38,35,6,"R$259,80 BRL",2.521106,16,5,41,2865,282,2727,708536560751820,Gê Burger -> Digital Livre
2026-03-23,2026-03-23,"R$44,34 BRL",22567,21411,1.053991,"R$1,96 BRL",99,"0,44%",0.190544,43,"R$1,03 BRL",,,,,,,,1,1870,170,1769,708536560751820,Gê Burger -> Digital Livre
2026-03-24,2026-03-24,"R$129,04 BRL",47878,40144,1.192656,"R$2,70 BRL",298,"0,62%",0.302853,145,"R$0,89 BRL",66,37,4,"R$235,80 BRL",1.82734,9,3,15,2652,286,2422,708536560751820,Gê Burger -> Digital Livre
2026-03-25,2026-03-25,"R$132,75 BRL",49944,41087,1.215567,"R$2,66 BRL",249,"0,50%",0.270303,135,"R$0,98 BRL",70,46,4,"R$223,90 BRL",1.686629,12,4,39,2614,255,2398,708536560751820,Gê Burger -> Digital Livre
2026-03-26,2026-03-26,"R$154,99 BRL",55404,44387,1.248203,"R$2,80 BRL",272,"0,49%",0.220201,122,"R$1,27 BRL",78,45,4,"R$109,80 BRL",0.708433,7,4,26,2915,302,2703,708536560751820,Gê Burger -> Digital Livre
2026-03-27,2026-03-27,"R$134,88 BRL",32957,28150,1.170764,"R$4,09 BRL",251,"0,76%",0.333768,110,"R$1,23 BRL",51,37,4,"R$146,50 BRL",1.086151,11,6,33,2693,293,2482,708536560751820,Gê Burger -> Digital Livre
2026-03-28,2026-03-28,"R$139,95 BRL",35528,28922,1.228407,"R$3,94 BRL",317,"0,89%",0.368723,131,"R$1,07 BRL",64,46,10,"R$510,20 BRL",3.645588,10,6,26,2947,339,2685,708536560751820,Gê Burger -> Digital Livre
2026-03-29,2026-03-29,"R$138,25 BRL",37038,32121,1.153077,"R$3,73 BRL",275,"0,74%",0.364491,135,"R$1,02 BRL",55,48,4,"R$161,90 BRL",1.171067,11,2,34,3199,330,2987,708536560751820,Gê Burger -> Digital Livre
2026-03-30,2026-03-30,"R$24,48 BRL",19713,19046,1.03502,"R$1,24 BRL",60,"0,30%",0.03551,7,"R$3,50 BRL",,,,,,,,2,1904,180,1872,708536560751820,Gê Burger -> Digital Livre
2026-03-31,2026-03-31,"R$118,67 BRL",47061,39061,1.204808,"R$2,52 BRL",238,"0,51%",0.203991,96,"R$1,24 BRL",63,45,6,"R$260,40 BRL",2.19432,13,5,12,3705,453,3537,708536560751820,Gê Burger -> Digital Livre
2026-04-01,2026-04-01,"R$134,23 BRL",60407,51572,1.171314,"R$2,22 BRL",284,"0,47%",0.241694,146,"R$0,92 BRL",120,68,8,"R$279,31 BRL",2.080831,14,6,43,2386,207,2173,708536560751820,Gê Burger -> Digital Livre
2026-04-02,2026-04-02,"R$139,72 BRL",61635,51402,1.199078,"R$2,27 BRL",320,"0,52%",0.243368,150,"R$0,93 BRL",113,63,6,"R$161,54 BRL",1.156169,11,5,25,2523,230,2291,708536560751820,Gê Burger -> Digital Livre
2026-04-03,2026-04-03,"R$31,10 BRL",24920,23980,1.039199,"R$1,25 BRL",83,"0,33%",0.05618,14,"R$2,22 BRL",3,1,,,,2,,3,2440,244,2397,708536560751820,Gê Burger -> Digital Livre
2026-04-04,2026-04-04,"R$106,55 BRL",38866,35561,1.092939,"R$2,74 BRL",248,"0,64%",0.257294,100,"R$1,07 BRL",64,47,2,"R$126,00 BRL",1.182543,11,3,32,3389,333,3225,708536560751820,Gê Burger -> Digital Livre
2026-04-05,2026-04-05,"R$113,75 BRL",44496,40052,1.110956,"R$2,56 BRL",278,"0,62%",0.231481,103,"R$1,10 BRL",61,48,14,"R$701,20 BRL",6.164396,22,10,52,3677,341,3496,708536560751820,Gê Burger -> Digital Livre
2026-04-06,2026-04-06,"R$24,38 BRL",25745,24602,1.04646,"R$0,95 BRL",66,"0,26%",0.023306,6,"R$4,06 BRL",,,,,,,,,2327,209,2294,708536560751820,Gê Burger -> Digital Livre
2026-04-07,2026-04-07,"R$88,89 BRL",51743,43205,1.197616,"R$1,72 BRL",170,"0,33%",0.112092,58,"R$1,53 BRL",51,41,,,,4,1,13,4148,495,4044,708536560751820,Gê Burger -> Digital Livre
2026-04-08,2026-04-08,"R$91,26 BRL",48053,42798,1.122786,"R$1,90 BRL",162,"0,34%",0.114457,55,"R$1,66 BRL",49,35,2,"R$64,90 BRL",0.711155,6,3,11,2604,270,2493,708536560751820,Gê Burger -> Digital Livre
2026-04-09,2026-04-09,"R$120,86 BRL",56776,49973,1.136134,"R$2,13 BRL",199,"0,35%",0.183176,104,"R$1,16 BRL",80,34,2,"R$27,00 BRL",0.223399,5,1,13,2854,402,2690,708536560751820,Gê Burger -> Digital Livre
2026-04-10,2026-04-10,"R$114,21 BRL",34449,30474,1.130439,"R$3,32 BRL",164,"0,48%",0.21481,74,"R$1,54 BRL",35,19,2,"R$59,00 BRL",0.516592,5,1,30,2739,398,2595,708536560751820,Gê Burger -> Digital Livre
2026-04-11,2026-04-11,"R$115,52 BRL",35387,30714,1.152146,"R$3,26 BRL",196,"0,55%",0.211942,75,"R$1,54 BRL",45,24,4,"R$139,80 BRL",1.21018,3,2,6,3157,359,3020,708536560751820,Gê Burger -> Digital Livre
2026-04-12,2026-04-12,"R$117,96 BRL",40727,37103,1.097674,"R$2,90 BRL",260,"0,64%",0.238171,97,"R$1,22 BRL",36,23,,,,3,1,19,3405,333,3244,708536560751820,Gê Burger -> Digital Livre
2026-04-13,2026-04-13,"R$24,86 BRL",23348,22895,1.019786,"R$1,06 BRL",69,"0,30%",0.051396,12,"R$2,07 BRL",,1,2,"R$45,00 BRL",1.810137,2,2,5,2004,211,1962,708536560751820,Gê Burger -> Digital Livre
2026-04-14,2026-04-14,"R$244,69 BRL",69403,55252,1.256117,"R$3,53 BRL",482,"0,69%",0.280968,195,"R$1,25 BRL",138,75,12,"R$495,60 BRL",2.02542,30,11,73,3715,477,3401,708536560751820,Gê Burger -> Digital Livre
2026-04-15,2026-04-15,"R$246,57 BRL",70056,56307,1.244179,"R$3,52 BRL",454,"0,65%",0.316889,222,"R$1,11 BRL",155,97,14,"R$415,06 BRL",1.683335,31,13,71,2877,394,2556,708536560751820,Gê Burger -> Digital Livre
2026-04-16,2026-04-16,"R$237,68 BRL",66947,54671,1.224543,"R$3,55 BRL",371,"0,55%",0.267376,179,"R$1,33 BRL",122,70,8,"R$249,40 BRL",1.04931,25,10,69,2595,363,2343,708536560751820,Gê Burger -> Digital Livre
2026-04-17,2026-04-17,"R$148,17 BRL",37093,33360,1.1119,"R$3,99 BRL",275,"0,74%",0.323511,120,"R$1,23 BRL",75,50,6,"R$318,50 BRL",2.149558,10,3,17,2619,293,2428,708536560751820,Gê Burger -> Digital Livre
2026-04-18,2026-04-18,"R$162,14 BRL",55423,43475,1.274825,"R$2,93 BRL",342,"0,62%",0.292297,162,"R$1,00 BRL",71,60,16,"R$567,80 BRL",3.501912,23,16,77,2125,186,1882,708536560751820,Gê Burger -> Digital Livre
2026-04-19,2026-04-19,"R$122,56 BRL",38138,33659,1.13307,"R$3,21 BRL",276,"0,72%",0.272694,104,"R$1,18 BRL",49,22,8,"R$301,70 BRL",2.461651,18,8,40,2760,252,2605,708536560751820,Gê Burger -> Digital Livre
2026-04-20,2026-04-20,"R$21,62 BRL",19937,19227,1.036927,"R$1,08 BRL",57,"0,29%",0.055174,11,"R$1,97 BRL",,,,,,,,14,1602,158,1576,708536560751820,Gê Burger -> Digital Livre
2026-04-21,2026-04-21,"R$220,02 BRL",48956,39823,1.22934,"R$4,49 BRL",438,"0,89%",0.453468,222,"R$0,99 BRL",159,113,9,"R$278,20 BRL",1.264431,29,9,88,2099,244,1793,708536560751820,Gê Burger -> Digital Livre
2026-04-22,2026-04-22,"R$239,94 BRL",43214,33366,1.295151,"R$5,55 BRL",369,"0,85%",0.513722,222,"R$1,08 BRL",131,61,6,"R$229,82 BRL",0.957823,22,10,82,1211,138,904,708536560751820,Gê Burger -> Digital Livre
2026-04-23,2026-04-23,"R$230,46 BRL",28174,19523,1.443118,"R$8,18 BRL",333,"1,18%",0.748917,211,"R$1,09 BRL",103,72,8,"R$379,81 BRL",1.648052,14,5,41,1391,182,1089,708536560751820,Gê Burger -> Digital Livre
2026-04-24,2026-04-24,"R$97,80 BRL",12819,9409,1.362419,"R$7,63 BRL",174,"1,36%",0.694282,89,"R$1,10 BRL",43,20,6,"R$180,90 BRL",1.849693,13,6,26,669,73,529,708536560751820,Gê Burger -> Digital Livre
2026-04-25,2026-04-25,"R$109,44 BRL",19040,16115,1.181508,"R$5,75 BRL",195,"1,02%",0.483193,92,"R$1,19 BRL",55,34,4,"R$196,00 BRL",1.790936,12,3,26,1161,148,1022,708536560751820,Gê Burger -> Digital Livre
2026-04-26,2026-04-26,"R$134,30 BRL",38852,35099,1.106926,"R$3,46 BRL",256,"0,66%",0.303717,118,"R$1,14 BRL",69,48,12,"R$432,20 BRL",3.218168,18,8,44,1878,234,1705,708536560751820,Gê Burger -> Digital Livre
2026-04-27,2026-04-27,"R$23,66 BRL",20709,20709,1,"R$1,14 BRL",27,"0,13%",0.057946,12,"R$1,97 BRL",,,,,,,,1,825,121,796,708536560751820,Gê Burger -> Digital Livre
2026-04-28,2026-04-28,"R$196,66 BRL",38779,32571,1.190599,"R$5,07 BRL",327,"0,84%",0.46159,179,"R$1,10 BRL",126,77,8,"R$304,70 BRL",1.549375,26,15,66,1528,177,1238,708536560751820,Gê Burger -> Digital Livre
2026-04-29,2026-04-29,"R$190,60 BRL",35853,29010,1.235884,"R$5,32 BRL",254,"0,71%",0.393273,141,"R$1,35 BRL",85,50,12,"R$632,00 BRL",3.315845,33,11,60,1507,202,1290,708536560751820,Gê Burger -> Digital Livre
2026-04-30,2026-04-30,"R$194,66 BRL",36629,29385,1.24652,"R$5,31 BRL",251,"0,69%",0.35218,129,"R$1,51 BRL",82,46,14,"R$580,80 BRL",2.983664,21,11,43,1505,187,1288,708536560751820,Gê Burger -> Digital Livre
2026-05-01,2026-05-01,"R$132,85 BRL",38045,32506,1.170399,"R$3,49 BRL",244,"0,64%",0.320673,122,"R$1,09 BRL",69,43,7,"R$301,00 BRL",2.265713,25,15,79,2017,237,1836,708536560751820,Gê Burger -> Digital Livre
2026-05-02,2026-05-02,"R$124,69 BRL",37730,32128,1.174365,"R$3,30 BRL",243,"0,64%",0.333952,126,"R$0,99 BRL",73,41,4,"R$216,90 BRL",1.739514,11,4,29,1987,244,1786,708536560751820,Gê Burger -> Digital Livre
2026-05-03,2026-05-03,"R$138,19 BRL",43690,39949,1.093644,"R$3,16 BRL",223,"0,51%",0.238041,104,"R$1,33 BRL",52,32,6,"R$248,40 BRL",1.797525,16,11,36,2218,288,2046,708536560751820,Gê Burger -> Digital Livre
2026-05-04,2026-05-04,"R$24,05 BRL",23607,22597,1.044696,"R$1,02 BRL",27,"0,11%",0.046596,11,"R$2,19 BRL",,,2,"R$77,50 BRL",3.222453,3,3,8,1099,133,1050,708536560751820,Gê Burger -> Digital Livre
2026-05-05,2026-05-05,"R$23,56 BRL",21397,21397,1,"R$1,10 BRL",29,"0,14%",0.028041,6,"R$3,93 BRL",,,,,,,,3,929,120,898,708536560751820,Gê Burger -> Digital Livre
2026-05-06,2026-05-06,"R$144,48 BRL",37130,33843,1.097125,"R$3,89 BRL",185,"0,50%",0.269324,100,"R$1,44 BRL",62,30,2,"R$77,90 BRL",0.539175,8,4,26,987,101,821,708536560751820,Gê Burger -> Digital Livre
2026-05-07,2026-05-07,"R$188,50 BRL",39797,34803,1.143493,"R$4,74 BRL",212,"0,53%",0.314094,125,"R$1,51 BRL",84,33,6,"R$290,60 BRL",1.541645,11,7,50,1315,162,1119,708536560751820,Gê Burger -> Digital Livre
2026-05-08,2026-05-08,"R$176,43 BRL",40913,36025,1.135684,"R$4,31 BRL",281,"0,69%",0.410627,168,"R$1,05 BRL",145,64,6,"R$226,70 BRL",1.284929,16,6,50,1153,132,897,708536560751820,Gê Burger -> Digital Livre
2026-05-09,2026-05-09,"R$133,31 BRL",80612,71972,1.120047,"R$1,65 BRL",261,"0,32%",0.191039,154,"R$0,87 BRL",44,4,2,"R$56,50 BRL",0.423824,4,3,12,1918,192,1695,708536560751820,Gê Burger -> Digital Livre
2026-05-10,2026-05-10,"R$126,16 BRL",77552,75113,1.032471,"R$1,63 BRL",250,"0,32%",0.19084,148,"R$0,85 BRL",61,5,2,"R$45,00 BRL",0.35669,1,2,11,1341,101,1152,708536560751820,Gê Burger -> Digital Livre
2026-05-11,2026-05-11,"R$65,82 BRL",60174,59990,1.003067,"R$1,09 BRL",161,"0,27%",0.176156,106,"R$0,62 BRL",19,1,,,,,,1,455,28,329,708536560751820,Gê Burger -> Digital Livre
2026-05-12,2026-05-12,"R$96,34 BRL",63590,59184,1.074446,"R$1,52 BRL",221,"0,35%",0.281491,179,"R$0,54 BRL",31,1,,,,,,1,325,9,106,708536560751820,Gê Burger -> Digital Livre
2026-05-13,2026-05-13,"R$296,18 BRL",86213,76415,1.128221,"R$3,44 BRL",493,"0,57%",0.393212,339,"R$0,87 BRL",146,54,8,"R$329,60 BRL",1.112837,18,4,47,765,34,295,708536560751820,Gê Burger -> Digital Livre
2026-05-14,2026-05-14,"R$326,04 BRL",87152,77052,1.13108,"R$3,74 BRL",517,"0,59%",0.407334,355,"R$0,92 BRL",141,48,10,"R$308,40 BRL",0.945896,12,9,33,752,57,267,708536560751820,Gê Burger -> Digital Livre
2026-05-15,2026-05-15,"R$362,11 BRL",91539,81942,1.117119,"R$3,96 BRL",544,"0,59%",0.406384,372,"R$0,97 BRL",130,25,6,"R$212,00 BRL",0.585457,9,6,47,799,59,311,708536560751820,Gê Burger -> Digital Livre
2026-05-16,2026-05-16,"R$200,76 BRL",77545,69834,1.110419,"R$2,59 BRL",414,"0,53%",0.371397,288,"R$0,70 BRL",60,3,2,"R$117,00 BRL",0.582785,3,4,6,645,61,268,708536560751820,Gê Burger -> Digital Livre
2026-05-17,2026-05-17,"R$211,44 BRL",86912,80079,1.085328,"R$2,43 BRL",405,"0,47%",0.334821,291,"R$0,73 BRL",73,12,2,"R$73,00 BRL",0.345252,7,4,20,643,53,286,708536560751820,Gê Burger -> Digital Livre
2026-05-18,2026-05-18,"R$64,41 BRL",56497,54644,1.03391,"R$1,14 BRL",115,"0,20%",0.14337,81,"R$0,80 BRL",18,1,,,,,,,493,27,397,708536560751820,Gê Burger -> Digital Livre
2026-05-19,2026-05-19,"R$236,50 BRL",75259,65591,1.147398,"R$3,14 BRL",387,"0,51%",0.287009,216,"R$1,09 BRL",100,43,2,"R$23,68 BRL",0.100127,2,2,17,745,91,424,708536560751820,Gê Burger -> Digital Livre
2026-05-20,2026-05-20,"R$264,45 BRL",70192,63491,1.105543,"R$3,77 BRL",408,"0,58%",0.321974,226,"R$1,17 BRL",91,61,6,"R$182,76 BRL",0.691095,8,7,29,1586,205,1263,708536560751820,Gê Burger -> Digital Livre
2026-05-21,2026-05-21,"R$282,89 BRL",70367,58299,1.207002,"R$4,02 BRL",399,"0,57%",0.31691,223,"R$1,27 BRL",113,64,12,"R$522,58 BRL",1.84729,19,8,67,1599,208,1282,708536560751820,Gê Burger -> Digital Livre
2026-05-22,2026-05-22,"R$188,39 BRL",60606,54313,1.115865,"R$3,11 BRL",301,"0,50%",0.2673,162,"R$1,16 BRL",54,27,6,"R$218,40 BRL",1.159297,6,3,29,1249,140,1033,708536560751820,Gê Burger -> Digital Livre
2026-05-23,2026-05-23,"R$196,38 BRL",64486,57180,1.127772,"R$3,05 BRL",349,"0,54%",0.27758,179,"R$1,10 BRL",63,27,8,"R$366,60 BRL",1.866789,12,7,27,2089,211,1859,708536560751820,Gê Burger -> Digital Livre
2026-05-24,2026-05-24,"R$124,41 BRL",59036,51600,1.144109,"R$2,11 BRL",258,"0,44%",0.255776,151,"R$0,82 BRL",59,38,2,"R$156,80 BRL",1.260349,8,3,26,1964,206,1771,708536560751820,Gê Burger -> Digital Livre
2026-05-25,2026-05-25,"R$19,10 BRL",16020,15963,1.003571,"R$1,19 BRL",45,"0,28%",0.168539,27,"R$0,71 BRL",,1,,,,,,2,319,23,291,708536560751820,Gê Burger -> Digital Livre
2026-05-26,2026-05-26,"R$19,70 BRL",16153,16033,1.007485,"R$1,22 BRL",68,"0,42%",0.278586,45,"R$0,44 BRL",2,,,,,,,,52,,,708536560751820,Gê Burger -> Digital Livre
2026-05-27,2026-05-27,"R$139,11 BRL",28692,22926,1.251505,"R$4,85 BRL",197,"0,69%",0.386867,111,"R$1,25 BRL",82,39,8,"R$181,73 BRL",1.306376,9,5,28,772,77,612,708536560751820,Gê Burger -> Digital Livre
2026-05-28,2026-05-28,"R$104,79 BRL",22786,17701,1.287272,"R$4,60 BRL",136,"0,60%",0.298429,68,"R$1,54 BRL",54,40,6,"R$315,00 BRL",3.006012,11,4,30,1211,163,1117,708536560751820,Gê Burger -> Digital Livre
2026-05-29,2026-05-29,"R$304,94 BRL",39922,26958,1.480896,"R$7,64 BRL",238,"0,60%",0.320625,128,"R$2,38 BRL",113,31,4,"R$226,80 BRL",0.743753,16,5,29,2762,391,2574,708536560751820,Gê Burger -> Digital Livre
2026-05-30,2026-05-30,"R$332,17 BRL",39878,27758,1.436631,"R$8,33 BRL",250,"0,63%",0.25578,102,"R$3,26 BRL",79,19,6,"R$346,00 BRL",1.041635,11,4,40,3504,502,3320,708536560751820,Gê Burger -> Digital Livre
2026-05-31,2026-05-31,"R$306,52 BRL",48755,38138,1.278384,"R$6,29 BRL",264,"0,54%",0.22972,112,"R$2,74 BRL",77,31,8,"R$457,50 BRL",1.492562,8,4,18,4174,622,3984,708536560751820,Gê Burger -> Digital Livre
2026-06-01,2026-06-01,"R$22,25 BRL",22063,21497,1.026329,"R$1,01 BRL",56,"0,25%",0.122377,27,"R$0,82 BRL",,2,,,,1,,1,1315,101,1280,708536560751820,Gê Burger -> Digital Livre
2026-06-02,2026-06-02,"R$17,68 BRL",15531,15051,1.031892,"R$1,14 BRL",42,"0,27%",0.057949,9,"R$1,96 BRL",,,,,,,,,1455,151,1444,708536560751820,Gê Burger -> Digital Livre
2026-06-03,2026-06-03,"R$83,80 BRL",24929,21681,1.149809,"R$3,36 BRL",118,"0,47%",0.212604,53,"R$1,58 BRL",40,24,4,"R$194,50 BRL",2.321002,4,4,11,1831,191,1748,708536560751820,Gê Burger -> Digital Livre
2026-06-04,2026-06-04,"R$145,92 BRL",30264,24978,1.211626,"R$4,82 BRL",197,"0,65%",0.251123,76,"R$1,92 BRL",62,47,,,,8,3,20,2793,376,2671,708536560751820,Gê Burger -> Digital Livre
2026-06-05,2026-06-05,"R$146,98 BRL",29134,24530,1.187689,"R$5,04 BRL",206,"0,71%",0.271161,79,"R$1,86 BRL",55,26,2,"R$106,00 BRL",0.721187,9,2,58,2907,463,2785,708536560751820,Gê Burger -> Digital Livre
2026-06-06,2026-06-06,"R$132,86 BRL",26582,21821,1.218184,"R$5,00 BRL",146,"0,55%",0.255812,68,"R$1,95 BRL",40,24,10,"R$383,22 BRL",2.88439,12,8,29,1726,248,1632,708536560751820,Gê Burger -> Digital Livre
2026-06-07,2026-06-07,"R$92,57 BRL",25952,23553,1.101855,"R$3,57 BRL",137,"0,53%",0.173397,45,"R$2,06 BRL",25,13,10,"R$554,90 BRL",5.994383,12,7,33,2814,372,2752,708536560751820,Gê Burger -> Digital Livre
2026-06-08,2026-06-08,"R$19,02 BRL",16965,16804,1.009581,"R$1,12 BRL",54,"0,32%",0.100206,17,"R$1,12 BRL",,,,,,,,,1211,116,1190,708536560751820,Gê Burger -> Digital Livre
2026-06-09,2026-06-09,"R$53,39 BRL",20253,19622,1.032158,"R$2,64 BRL",101,"0,50%",0.153064,31,"R$1,72 BRL",6,1,2,"R$102,70 BRL",1.923581,1,2,2,2201,303,2149,708536560751820,Gê Burger -> Digital Livre
2026-06-10,2026-06-10,"R$92,05 BRL",20849,18161,1.148009,"R$4,42 BRL",117,"0,56%",0.220634,46,"R$2,00 BRL",24,17,2,"R$32,50 BRL",0.353069,3,1,14,2135,292,2053,708536560751820,Gê Burger -> Digital Livre
2026-06-11,2026-06-11,"R$105,03 BRL",22720,21752,1.044502,"R$4,62 BRL",106,"0,47%",0.228873,52,"R$2,02 BRL",29,9,2,"R$108,50 BRL",1.033038,8,1,18,1756,250,1674,708536560751820,Gê Burger -> Digital Livre
2026-06-12,2026-06-12,"R$145,66 BRL",28317,24770,1.143197,"R$5,14 BRL",168,"0,59%",0.236607,67,"R$2,17 BRL",51,10,3,"R$47,00 BRL",0.322669,3,2,10,1990,215,1903,708536560751820,Gê Burger -> Digital Livre
2026-06-13,2026-06-13,"R$139,76 BRL",30880,26200,1.178626,"R$4,53 BRL",154,"0,50%",0.216969,67,"R$2,09 BRL",51,12,4,"R$137,00 BRL",0.980252,12,7,17,1898,245,1813,708536560751820,Gê Burger -> Digital Livre
2026-06-14,2026-06-14,"R$154,51 BRL",34179,29550,1.15665,"R$4,52 BRL",209,"0,61%",0.266245,91,"R$1,70 BRL",73,34,8,"R$326,80 BRL",2.115073,6,4,15,2910,393,2797,708536560751820,Gê Burger -> Digital Livre
2026-06-15,2026-06-15,"R$19,69 BRL",16618,16425,1.01175,"R$1,18 BRL",48,"0,29%",0.084246,14,"R$1,41 BRL",,1,,,,1,,2,1540,139,1523,708536560751820,Gê Burger -> Digital Livre
2026-06-16,2026-06-16,"R$49,18 BRL",20461,19474,1.050683,"R$2,40 BRL",76,"0,37%",0.151508,31,"R$1,59 BRL",4,,,,,,,5,1188,93,1139,708536560751820,Gê Burger -> Digital Livre
2026-06-17,2026-06-17,"R$57,32 BRL",19330,18389,1.051172,"R$2,97 BRL",105,"0,54%",0.222452,43,"R$1,33 BRL",12,4,,,,7,2,8,1326,135,1263,708536560751820,Gê Burger -> Digital Livre
2026-06-18,2026-06-18,"R$105,92 BRL",24489,20383,1.201442,"R$4,33 BRL",114,"0,47%",0.232758,57,"R$1,86 BRL",20,15,,,,1,,14,1419,139,1339,708536560751820,Gê Burger -> Digital Livre
2026-06-19,2026-06-19,"R$153,66 BRL",17840,12460,1.431782,"R$8,61 BRL",167,"0,94%",0.588565,105,"R$1,46 BRL",57,24,8,"R$363,00 BRL",2.362358,8,6,20,1107,113,972,708536560751820,Gê Burger -> Digital Livre
2026-06-20,2026-06-20,"R$169,47 BRL",17103,11128,1.536934,"R$9,91 BRL",176,"1,03%",0.602234,103,"R$1,65 BRL",57,32,4,"R$147,00 BRL",0.86741,6,2,27,1142,131,1007,708536560751820,Gê Burger -> Digital Livre
2026-06-21,2026-06-21,"R$171,16 BRL",17980,12919,1.391749,"R$9,52 BRL",194,"1,08%",0.567297,102,"R$1,68 BRL",52,32,8,"R$298,40 BRL",1.743398,18,6,34,1239,123,1080,708536560751820,Gê Burger -> Digital Livre
2026-06-22,2026-06-22,"R$40,51 BRL",2868,2696,1.063798,"R$14,12 BRL",40,"1,39%",1.3947,40,"R$1,01 BRL",,1,2,"R$172,00 BRL",4.245865,,,,598,75,543,708536560751820,Gê Burger -> Digital Livre
2026-06-23,2026-06-23,"R$91,03 BRL",8557,7229,1.183705,"R$10,64 BRL",101,"1,18%",0.806357,69,"R$1,32 BRL",10,2,,,,,,,527,59,443,708536560751820,Gê Burger -> Digital Livre
2026-06-24,2026-06-24,"R$81,40 BRL",7748,6176,1.254534,"R$10,51 BRL",119,"1,54%",1.019618,79,"R$1,03 BRL",25,5,,,,1,1,6,561,46,451,708536560751820,Gê Burger -> Digital Livre
2026-06-25,2026-06-25,"R$127,43 BRL",12851,8286,1.550929,"R$9,92 BRL",124,"0,96%",0.630301,81,"R$1,57 BRL",18,3,2,"R$108,00 BRL",0.847524,3,1,18,569,49,461,708536560751820,Gê Burger -> Digital Livre
2026-06-26,2026-06-26,"R$130,73 BRL",12065,6889,1.751343,"R$10,84 BRL",132,"1,09%",0.563614,68,"R$1,92 BRL",42,26,4,"R$236,00 BRL",1.805247,7,3,48,215,13,122,708536560751820,Gê Burger -> Digital Livre
2026-06-27,2026-06-27,"R$139,64 BRL",14726,6934,2.123738,"R$9,48 BRL",115,"0,78%",0.359908,53,"R$2,63 BRL",37,17,6,"R$271,70 BRL",1.945718,13,6,48,168,23,105,708536560751820,Gê Burger -> Digital Livre
2026-06-28,2026-06-28,"R$149,51 BRL",13527,7154,1.89083,"R$11,05 BRL",119,"0,88%",0.458343,62,"R$2,41 BRL",34,13,8,"R$296,40 BRL",1.982476,9,7,34,110,2,31,708536560751820,Gê Burger -> Digital Livre
2026-06-29,2026-06-29,"R$0,00 BRL",0,0,0,,0,,,,,,,,,,,1,,,,,708536560751820,Gê Burger -> Digital Livre
2026-06-30,2026-06-30,"R$95,26 BRL",10096,5786,1.744901,"R$9,44 BRL",104,"1,03%",0.455626,46,"R$2,07 BRL",22,6,8,"R$217,70 BRL",2.285324,8,5,20,52,,,708536560751820,Gê Burger -> Digital Livre
2026-07-01,2026-07-01,"R$86,58 BRL",16103,13384,1.203153,"R$5,38 BRL",103,"0,64%",0.347761,56,"R$1,55 BRL",15,9,2,"R$89,00 BRL",1.027951,4,2,22,6436,3481,6318,708536560751820,Gê Burger -> Digital Livre
2026-07-02,2026-07-02,"R$100,86 BRL",23865,21355,1.117537,"R$4,23 BRL",104,"0,44%",0.234653,56,"R$1,80 BRL",15,11,2,"R$79,90 BRL",0.792187,,1,12,12088,7360,11953,708536560751820,Gê Burger -> Digital Livre
2026-07-03,2026-07-03,"R$89,78 BRL",19675,17761,1.107764,"R$4,56 BRL",110,"0,56%",0.269377,53,"R$1,69 BRL",18,11,2,"R$143,50 BRL",1.598352,5,2,19,9495,5784,9389,708536560751820,Gê Burger -> Digital Livre
2026-07-04,2026-07-04,"R$92,54 BRL",22952,19783,1.160188,"R$4,03 BRL",109,"0,47%",0.243987,56,"R$1,65 BRL",19,16,,,,,,8,10667,6319,10548,708536560751820,Gê Burger -> Digital Livre
2026-07-05,2026-07-05,"R$111,52 BRL",31939,27949,1.14276,"R$3,49 BRL",132,"0,41%",0.19412,62,"R$1,80 BRL",13,8,4,"R$165,90 BRL",1.487626,5,3,17,14125,8215,13975,708536560751820,Gê Burger -> Digital Livre
2026-07-06,2026-07-06,"R$29,79 BRL",15625,15166,1.030265,"R$1,91 BRL",34,"0,22%",0.1216,19,"R$1,57 BRL",,,,,,2,,6,9356,5707,9289,708536560751820,Gê Burger -> Digital Livre
2026-07-07,2026-07-07,"R$60,22 BRL",10689,8469,1.262132,"R$5,63 BRL",79,"0,74%",0.420994,45,"R$1,34 BRL",17,11,2,"R$125,00 BRL",2.075722,4,1,19,2628,1432,2562,708536560751820,Gê Burger -> Digital Livre
2026-07-08,2026-07-08,"R$62,47 BRL",11243,9028,1.245348,"R$5,56 BRL",82,"0,73%",0.38246,43,"R$1,45 BRL",13,10,,,,2,,8,3112,1760,3035,708536560751820,Gê Burger -> Digital Livre
2026-07-09,2026-07-09,"R$64,00 BRL",11730,9818,1.194744,"R$5,46 BRL",117,"1,00%",0.383632,45,"R$1,42 BRL",17,12,,,,2,2,21,2957,1689,2872,708536560751820,Gê Burger -> Digital Livre
2026-07-10,2026-07-10,"R$67,61 BRL",10444,8950,1.166927,"R$6,47 BRL",110,"1,05%",0.517043,54,"R$1,25 BRL",21,10,2,"R$208,00 BRL",3.076468,3,2,13,2833,1654,2753,708536560751820,Gê Burger -> Digital Livre
2026-07-11,2026-07-11,"R$67,47 BRL",11467,9491,1.208197,"R$5,88 BRL",123,"1,07%",0.505799,58,"R$1,16 BRL",19,6,4,"R$128,90 BRL",1.910479,2,2,4,3008,1711,2912,708536560751820,Gê Burger -> Digital Livre
2026-07-12,2026-07-12,"R$71,54 BRL",12614,10367,1.216745,"R$5,67 BRL",128,"1,01%",0.523228,66,"R$1,08 BRL",20,8,4,"R$195,00 BRL",2.725748,9,4,26,3395,1896,3299,708536560751820,Gê Burger -> Digital Livre
2026-07-13,2026-07-13,"R$10,28 BRL",5166,5166,1,"R$1,99 BRL",14,"0,27%",0.058072,3,"R$3,43 BRL",,,,,,,,,2899,1711,2883,708536560751820,Gê Burger -> Digital Livre
2026-07-14,2026-07-14,"R$64,50 BRL",14154,12201,1.160069,"R$4,56 BRL",112,"0,79%",0.459234,65,"R$0,99 BRL",28,12,,,,,,5,3951,1919,3851,708536560751820,Gê Burger -> Digital Livre
2026-07-15,2026-07-15,"R$71,90 BRL",12846,10937,1.174545,"R$5,60 BRL",110,"0,86%",0.451502,58,"R$1,24 BRL",31,7,2,"R$53,00 BRL",0.737135,4,1,12,3010,1442,2923,708536560751820,Gê Burger -> Digital Livre
2026-07-16,2026-07-16,"R$45,87 BRL",7766,6562,1.183481,"R$5,91 BRL",77,"0,99%",0.437806,34,"R$1,35 BRL",13,5,,,,1,1,7,2178,1155,2125,708536560751820,Gê Burger -> Digital Livre
2026-07-17,2026-07-17,"R$46,28 BRL",6429,5210,1.233973,"R$7,20 BRL",72,"1,12%",0.65329,42,"R$1,10 BRL",19,11,2,"R$124,00 BRL",2.679343,4,1,16,1645,897,1589,708536560751820,Gê Burger -> Digital Livre
2026-07-18,2026-07-18,"R$42,34 BRL",6276,5522,1.136545,"R$6,75 BRL",70,"1,12%",0.525813,33,"R$1,28 BRL",13,4,,,,,,2,1593,864,1545,708536560751820,Gê Burger -> Digital Livre
2026-07-19,2026-07-19,"R$42,96 BRL",9829,8383,1.172492,"R$4,37 BRL",89,"0,91%",0.508699,50,"R$0,86 BRL",4,2,4,"R$224,80 BRL",5.232775,6,2,13,2000,1107,1936,708536560751820,Gê Burger -> Digital Livre
2026-07-20,2026-07-20,"R$6,01 BRL",2626,2623,1.001144,"R$2,29 BRL",4,"0,15%",,,,,,,,,,,,1548,968,1544,708536560751820,Gê Burger -> Digital Livre
2026-07-21,2026-07-21,"R$30,53 BRL",6775,6332,1.069962,"R$4,51 BRL",72,"1,06%",0.590406,40,"R$0,76 BRL",1,,,,,,,,1735,1050,1681,708536560751820,Gê Burger -> Digital Livre
2026-07-22,2026-07-22,"R$30,85 BRL",6150,5637,1.091006,"R$5,02 BRL",61,"0,99%",0.536585,33,"R$0,93 BRL",12,3,2,"R$99,00 BRL",3.209076,1,1,2,1664,960,1624,708536560751820,Gê Burger -> Digital Livre
2026-07-23,2026-07-23,"R$31,86 BRL",6437,6136,1.049055,"R$4,95 BRL",72,"1,12%",0.528196,34,"R$0,94 BRL",5,3,,,,1,,3,1659,1014,1607,708536560751820,Gê Burger -> Digital Livre
2026-07-24,2026-07-24,"R$33,35 BRL",6957,6581,1.057134,"R$4,79 BRL",70,"1,01%",0.618083,43,"R$0,78 BRL",6,2,,,,1,,4,1531,917,1476,708536560751820,Gê Burger -> Digital Livre
2026-07-25,2026-07-25,"R$33,40 BRL",6689,6298,1.062083,"R$4,99 BRL",63,"0,94%",0.508297,34,"R$0,98 BRL",3,2,,,,2,1,7,1423,857,1378,708536560751820,Gê Burger -> Digital Livre
2026-07-26,2026-07-26,"R$37,57 BRL",7492,6663,1.124418,"R$5,01 BRL",77,"1,03%",0.560598,42,"R$0,89 BRL",14,5,4,"R$236,00 BRL",6.281608,4,2,20,1879,1115,1825,708536560751820,Gê Burger -> Digital Livre
2026-07-27,2026-07-27,"R$5,98 BRL",2449,2376,1.030724,"R$2,44 BRL",9,"0,37%",0.081666,2,"R$2,99 BRL",,,,,,,,,1458,916,1450,708536560751820,Gê Burger -> Digital Livre
2026-07-28,2026-07-28,"R$44,60 BRL",6447,5374,1.199665,"R$6,92 BRL",65,"1,01%",0.496355,32,"R$1,39 BRL",18,10,,,,1,1,1,1583,891,1532,708536560751820,Gê Burger -> Digital Livre
2026-07-29,2026-07-29,"R$49,94 BRL",7198,6055,1.18877,"R$6,94 BRL",71,"0,99%",0.611281,44,"R$1,14 BRL",19,9,,,,1,,8,1370,797,1307,708536560751820,Gê Burger -> Digital Livre
2026-07-30,2026-07-30,"R$45,50 BRL",6660,5845,1.139435,"R$6,83 BRL",54,"0,81%",0.315315,21,"R$2,17 BRL",5,2,,,,4,1,11,1350,787,1312,708536560751820,Gê Burger -> Digital Livre
2026-07-31,2026-07-31,"R$100,76 BRL",14223,12041,1.181214,"R$7,08 BRL",130,"0,91%",0.5695,81,"R$1,24 BRL",40,25,5,"R$219,00 BRL",2.173482,9,3,17,2456,1078,2342,708536560751820,Gê Burger -> Digital Livre
2026-08-01,2026-08-01,"R$75,90 BRL",9564,7329,1.304953,"R$7,94 BRL",134,"1,40%",0.941029,90,"R$0,84 BRL",58,35,4,"R$189,00 BRL",2.490119,5,3,22,1905,982,1800,708536560751820,Gê Burger -> Digital Livre
2026-08-02,2026-08-02,"R$78,93 BRL",12995,10068,1.290723,"R$6,07 BRL",134,"1,03%",0.500192,65,"R$1,21 BRL",29,25,4,"R$201,40 BRL",2.551628,9,3,39,2535,1329,2442,708536560751820,Gê Burger -> Digital Livre
2026-08-03,2026-08-03,"R$5,95 BRL",2785,2723,1.022769,"R$2,14 BRL",8,"0,29%",,,,,,,,,,,,1597,945,1591,708536560751820,Gê Burger -> Digital Livre
2026-08-04,2026-08-04,"R$51,94 BRL",7942,6547,1.213075,"R$6,54 BRL",73,"0,92%",0.49106,39,"R$1,33 BRL",21,9,2,"R$164,50 BRL",3.167116,5,2,14,1884,958,1828,708536560751820,Gê Burger -> Digital Livre
2026-08-05,2026-08-05,"R$82,73 BRL",11738,9512,1.23402,"R$7,05 BRL",113,"0,96%",0.485602,57,"R$1,45 BRL",29,17,1,,,1,1,9,1825,865,1750,708536560751820,Gê Burger -> Digital Livre
2026-08-06,2026-08-06,"R$80,56 BRL",10861,8762,1.239557,"R$7,42 BRL",127,"1,17%",0.745788,81,"R$0,99 BRL",38,26,2,,,2,3,8,2154,1091,2045,708536560751820,Gê Burger -> Digital Livre
2026-08-07,2026-08-07,"R$109,90 BRL",13714,9855,1.391578,"R$8,01 BRL",114,"0,83%",0.503135,69,"R$1,59 BRL",40,27,5,"R$153,10 BRL",1.393085,7,4,18,1856,936,1769,708536560751820,Gê Burger -> Digital Livre
2026-08-08,2026-08-08,"R$91,44 BRL",10401,6984,1.489261,"R$8,79 BRL",103,"0,99%",0.644169,67,"R$1,36 BRL",46,30,3,"R$58,00 BRL",0.634296,6,4,11,1979,983,1887,708536560751820,Gê Burger -> Digital Livre
2026-08-09,2026-08-09,"R$77,54 BRL",12196,9780,1.247035,"R$6,36 BRL",105,"0,86%",0.516563,63,"R$1,23 BRL",34,16,2,"R$107,00 BRL",1.379933,3,2,23,2025,1050,1948,708536560751820,Gê Burger -> Digital Livre
2026-08-10,2026-08-10,"R$6,06 BRL",2763,2587,1.068032,"R$2,19 BRL",8,"0,29%",0.108578,3,"R$2,02 BRL",,,,,,,,,1550,955,1544,708536560751820,Gê Burger -> Digital Livre
2026-08-11,2026-08-11,"R$49,68 BRL",8569,7234,1.184545,"R$5,80 BRL",69,"0,81%",0.501809,43,"R$1,16 BRL",13,,,,,2,1,7,1787,839,1687,708536560751820,Gê Burger -> Digital Livre
2026-08-12,2026-08-12,"R$58,67 BRL",8167,6534,1.249923,"R$7,18 BRL",61,"0,75%",0.440798,36,"R$1,63 BRL",20,9,1,,,2,1,5,2077,768,1947,708536560751820,Gê Burger -> Digital Livre
2026-08-13,2026-08-13,"R$61,90 BRL",7855,6125,1.282449,"R$7,88 BRL",73,"0,93%",0.534691,42,"R$1,47 BRL",21,4,4,"R$158,90 BRL",2.567044,5,8,18,1805,659,1696,708536560751820,Gê Burger -> Digital Livre
2026-08-14,2026-08-14,"R$67,85 BRL",8285,6366,1.301445,"R$8,19 BRL",79,"0,95%",0.57936,48,"R$1,41 BRL",29,11,2,"R$94,30 BRL",1.389831,5,3,14,2094,854,1986,708536560751820,Gê Burger -> Digital Livre
2026-08-15,2026-08-15,"R$65,59 BRL",7673,5600,1.370179,"R$8,55 BRL",72,"0,94%",0.534341,41,"R$1,60 BRL",18,11,2,"R$105,00 BRL",1.600854,7,2,32,811,253,733,708536560751820,Gê Burger -> Digital Livre
2026-08-16,2026-08-16,"R$64,92 BRL",6866,4532,1.515004,"R$9,46 BRL",102,"1,49%",0.844742,58,"R$1,12 BRL",19,8,2,,,7,4,11,582,121,502,708536560751820,Gê Burger -> Digital Livre
2026-08-17,2026-08-17,"R$7,22 BRL",954,892,1.069507,"R$7,57 BRL",30,"3,14%",2.830189,27,"R$0,27 BRL",,,,,,,,,219,50,174,708536560751820,Gê Burger -> Digital Livre
2026-08-18,2026-08-18,"R$39,86 BRL",3784,2900,1.304828,"R$10,53 BRL",47,"1,24%",0.792812,30,"R$1,33 BRL",12,5,2,"R$145,00 BRL",3.637732,6,3,10,312,50,263,708536560751820,Gê Burger -> Digital Livre
2026-08-19,2026-08-19,"R$46,92 BRL",4300,3660,1.174863,"R$10,91 BRL",65,"1,51%",0.953488,41,"R$1,14 BRL",18,10,,,,2,,3,292,34,232,708536560751820,Gê Burger -> Digital Livre
2026-08-20,2026-08-20,"R$43,81 BRL",4046,3230,1.252632,"R$10,83 BRL",68,"1,68%",1.161641,47,"R$0,93 BRL",16,7,,,,7,,12,330,48,270,708536560751820,Gê Burger -> Digital Livre
2026-08-21,2026-08-21,"R$70,37 BRL",4897,3547,1.380603,"R$14,37 BRL",72,"1,47%",0.857668,42,"R$1,68 BRL",22,8,2,"R$132,00 BRL",1.875799,6,1,14,384,49,325,708536560751820,Gê Burger -> Digital Livre
