id,name,adset_id,campaign_id,creative_id,status,effective_status,objective,created_time,amount_spent,impressions,reach,frequency,cpm,clicks,ctr,website_ctr,actions:link_click,cost_per_link_click,landing_page_view,results,results_value,cost_per_result.value,actions:omni_purchase,purchase_roas,video_thruplay_watched_actions,video_p25_watched_actions,video_p100_watched_actions,results.indicator,results.value
120233532890840690,AD - Foodporn Teste,120233532890850690,120233532885890690,1716215502428045,ACTIVE,ADSET_PAUSED,OUTCOME_SALES,2025-10-08T15:47:07-0300,"R$4.999,96 BRL",701482,233860,2.999581,"R$7,13 BRL",10330,"1,47%",0.749556,5258,"R$0,95 BRL",338,actions:onsite_conversion.messaging_conversation_started_7d,1100,"R$4,55 BRL (Messaging conversations started)",45,0.395923,16,4,,,
120205274749820690,AD - DUPLA RIB E ONION,120205274749630690,120205274749610690,120206480046520690,ACTIVE,ADSET_PAUSED,OUTCOME_ENGAGEMENT,2024-02-10T12:26:54-0300,"R$2.892,90 BRL",573445,108368,5.291645,"R$5,04 BRL",8055,"1,40%",0.570761,3273,"R$0,88 BRL",234,actions:onsite_conversion.messaging_conversation_started_7d,824,"R$3,51 BRL (Messaging conversations started)",69,40.276505,,,,,
120211872965360690,AD - GÊ BOX INSTA,120211840912890690,120211840808940690,120211873541330690,PAUSED,PAUSED,OUTCOME_SALES,2024-09-18T17:16:10-0300,"R$2.798,94 BRL",458562,134749,3.403083,"R$6,10 BRL",9630,"2,10%",0.719859,3301,"R$0,85 BRL",2559,actions:offsite_conversion.fb_pixel_purchase,436,"R$6,42 BRL (Website purchases)",436,512.54222,16480,49248,12081,,
120239568773450690,AD - Novo 04,120239568773410690,120239568773420690,860671539839540,ACTIVE,CAMPAIGN_PAUSED,OUTCOME_SALES,2026-01-23T12:57:41-0300,"R$2.736,57 BRL",399905,81441,4.910365,"R$6,84 BRL",4796,"1,20%",0.544879,2179,"R$1,26 BRL",1784,actions:offsite_conversion.fb_pixel_purchase,272,"R$10,06 BRL (Website purchases)",272,4.503565,5572,19384,3218,,
120209458911190690,AD  GÊ BOX,120205274749630690,120205274749610690,120209459176560690,ACTIVE,ADSET_PAUSED,OUTCOME_ENGAGEMENT,2024-05-21T12:20:57-0300,"R$2.357,92 BRL",367217,71412,5.142231,"R$6,42 BRL",3834,"1,04%",0.402214,1477,"R$1,60 BRL",101,actions:onsite_conversion.messaging_conversation_started_7d,430,"R$5,48 BRL (Messaging conversations started)",107,129.935324,68,8,,,
120212788305800690,POST 17/09/24,120212788305810690,120212332355730690,120212788303150690,ACTIVE,ADSET_PAUSED,OUTCOME_SALES,2024-10-21T09:57:58-0300,"R$2.325,82 BRL",343284,128260,2.67647,"R$6,78 BRL",7243,"2,11%",0.802834,2756,"R$0,84 BRL",2187,actions:offsite_conversion.fb_pixel_purchase,304,"R$7,65 BRL (Website purchases)",304,434.922875,12982,38838,9513,,
120224524065080690,AD - GÊ BOX (2),120224523597450690,120224523597420690,9843620785733095,ACTIVE,CAMPAIGN_PAUSED,OUTCOME_SALES,2025-05-23T17:57:50-0300,"R$2.229,49 BRL",149231,60260,2.476452,"R$14,94 BRL",2146,"1,44%",0.59371,886,"R$2,52 BRL",135,actions:onsite_conversion.messaging_conversation_started_7d,441,"R$5,06 BRL (Messaging conversations started)",14,0.537881,4163,11379,1884,,
120241298805830690,AD - Foodporn Teste,120241298805840690,120233532885890690,911501264761813,ACTIVE,ADSET_PAUSED,OUTCOME_SALES,2026-02-25T17:00:41-0300,"R$2.093,89 BRL",293477,117692,2.493602,"R$7,13 BRL",4477,"1,53%",0.778937,2286,"R$0,92 BRL",110,actions:onsite_conversion.messaging_conversation_started_7d,446,"R$4,69 BRL (Messaging conversations started)",12,0.232295,1,,,,
120212330841200690,POST - 23/08/24,120212330723260690,120212330723240690,120212331065100690,PAUSED,PAUSED,OUTCOME_AWARENESS,2024-10-04T16:27:47-0300,"R$2.055,99 BRL",2479228,345408,7.17768,"R$0,83 BRL",3609,"0,15%",0.088374,2191,"R$0,94 BRL",551,reach,345408,"R$5,95 BRL (Reach)",3,0.099709,,,,,
120229845917970690,AD - Video Cupom,120229845840460690,120229845840390690,841850545041237,PAUSED,PAUSED,OUTCOME_SALES,2025-08-05T14:27:27-0300,"R$1.651,44 BRL",139747,60829,2.297375,"R$11,82 BRL",2299,"1,65%",0.708423,990,"R$1,67 BRL",88,actions:onsite_conversion.messaging_conversation_started_7d,354,"R$4,67 BRL (Messaging conversations started)",27,1.409982,4935,12556,2259,,
120229155767860690,AD - Parceria,120229155767870690,120227813792370690,1482031489480671,ACTIVE,ADSET_PAUSED,OUTCOME_ENGAGEMENT,2025-07-28T15:04:47-0300,"R$1.587,36 BRL",412131,187730,2.195339,"R$3,85 BRL",2290,"0,56%",0.118894,490,"R$3,24 BRL",27,video_thruplay_watched_actions,46527,"R$0,03 BRL (video_thruplay_watched_actions)",3,0.137461,46527,55411,11437,,
120233927941930690,AD - Novo 04,120233927906850690,120233532885890690,843961327975056,ACTIVE,ADSET_PAUSED,OUTCOME_SALES,2025-10-14T14:43:39-0300,"R$1.577,05 BRL",138910,57703,2.407327,"R$11,35 BRL",1696,"1,22%",0.517601,719,"R$2,19 BRL",106,actions:onsite_conversion.messaging_conversation_started_7d,247,"R$6,38 BRL (Messaging conversations started)",32,0.769411,2640,8519,1558,,
120246128291470690,ADReels - Imã,120246128291460690,120246128288360690,2073714156860826,ACTIVE,ACTIVE,OUTCOME_SALES,2026-05-20T20:35:50-0300,"R$1.526,24 BRL",154515,26313,5.872192,"R$9,88 BRL",1217,"0,79%",0.449147,694,"R$2,20 BRL",477,actions:offsite_conversion.fb_pixel_purchase,109,"R$14,00 BRL (Website purchases)",109,3.126199,2354,12802,2391,,
120229845840400690,AD - GÊ BOX (2),120229845840460690,120229845840390690,9843620785733095,ACTIVE,CAMPAIGN_PAUSED,OUTCOME_SALES,2025-08-05T14:27:27-0300,"R$1.505,63 BRL",87635,42587,2.057788,"R$17,18 BRL",1214,"1,39%",0.550009,482,"R$3,12 BRL",48,actions:onsite_conversion.messaging_conversation_started_7d,219,"R$6,88 BRL (Messaging conversations started)",11,0.381767,2123,5930,987,,
120213290074540690,POST - 17/10/24,120212327930300690,120212327930110690,120213290122770690,PAUSED,PAUSED,OUTCOME_ENGAGEMENT,2024-11-12T13:02:13-0300,"R$1.499,72 BRL",501700,191246,2.623323,"R$2,99 BRL",21214,"4,23%",0.160056,803,"R$1,87 BRL",145,actions:post_engagement,39007,"R$0,04 BRL (Post engagements)",,,,,,,
120233772359430690,AD - Novo 04,120233757591150690,120233757591140690,706314742036956,ACTIVE,CAMPAIGN_PAUSED,OUTCOME_SALES,2025-10-11T23:13:03-0300,"R$1.454,07 BRL",202575,55675,3.638527,"R$7,18 BRL",2555,"1,26%",0.482784,978,"R$1,49 BRL",768,actions:offsite_conversion.fb_pixel_purchase,145,"R$10,03 BRL (Website purchases)",145,4.44112,3026,10485,1787,,
120241299170820690,AD - Reels Manaus em Dobro,120241299170810690,120241299170800690,1616380796340748,ACTIVE,CAMPAIGN_PAUSED,OUTCOME_ENGAGEMENT,2026-02-25T17:21:43-0300,"R$1.356,14 BRL",1187340,336917,3.524132,"R$1,14 BRL",3297,"0,28%",0.047754,567,"R$2,39 BRL",4,actions:post_engagement,103168,"R$0,01 BRL (Post engagements)",,,9927,22636,3167,,
120212332355810690,POST 17/09/24,120212332355760690,120212332355730690,120212788303150690,ACTIVE,ADSET_PAUSED,OUTCOME_SALES,2024-10-21T09:55:46-0300,"R$1.320,80 BRL",132799,21261,6.246131,"R$9,95 BRL",2015,"1,52%",0.690517,917,"R$1,44 BRL",671,actions:offsite_conversion.fb_pixel_purchase,230,"R$5,74 BRL (Website purchases)",230,598.102741,2778,7636,2085,,
120211840912900690,AD - GÊ BOX VÍDEO NOVO,120211840912890690,120211840808940690,120210346106340690,ACTIVE,CAMPAIGN_PAUSED,OUTCOME_SALES,2024-09-17T12:58:38-0300,"R$1.211,62 BRL",205618,72867,2.821826,"R$5,89 BRL",3541,"1,72%",0.684765,1408,"R$0,86 BRL",957,actions:offsite_conversion.fb_pixel_purchase,204,"R$5,94 BRL (Website purchases)",204,542.114425,8124,22970,3518,,
120248211605390690,ADI - FoodPorn,120247411476940690,120247411302050690,873801395774735,ACTIVE,ACTIVE,OUTCOME_ENGAGEMENT,2026-06-15T19:26:14-0300,"R$1.208,75 BRL",120731,41934,2.879072,"R$10,01 BRL",2296,"1,90%",0.974895,1177,"R$1,03 BRL",67,actions:onsite_conversion.messaging_conversation_started_7d,364,"R$3,32 BRL (Messaging conversations started)",14,0.457828,,,,,
120227744207830690,AD - GÊ BOX cupom,120227744207850690,120227744207810690,1101805265195499,ACTIVE,CAMPAIGN_PAUSED,OUTCOME_SALES,2025-07-08T16:33:51-0300,"R$1.207,29 BRL",244519,55176,4.431619,"R$4,94 BRL",3261,"1,33%",0.552922,1352,"R$0,89 BRL",1110,actions:offsite_conversion.fb_pixel_purchase,83,"R$14,55 BRL (Website purchases)",83,5.856928,50,7,,,
120225240640430690,AD - Gê Amazônico Quarta,120225240581770690,120225170496270690,1706317750348080,ACTIVE,CAMPAIGN_PAUSED,OUTCOME_AWARENESS,2025-06-04T17:24:53-0300,"R$1.134,00 BRL",922712,401816,2.296355,"R$1,23 BRL",1905,"0,21%",0.140672,1298,"R$0,87 BRL",370,reach,401816,"R$2,82 BRL (Reach)",1,0.081129,5,,,,
120210052262060690,AD  GÊ BOX VÍDEO NOVO,120210052197080690,120205274749610690,120210052431850690,ACTIVE,ADSET_PAUSED,OUTCOME_ENGAGEMENT,2024-06-19T17:11:13-0300,"R$1.079,60 BRL",171672,59310,2.894487,"R$6,29 BRL",2334,"1,36%",0.419404,720,"R$1,50 BRL",40,actions:onsite_conversion.messaging_conversation_started_7d,189,"R$5,71 BRL (Messaging conversations started)",8,26.46369,7411,19673,3300,,
120209222225700690,AD - Gê Box,120208994788280690,120203967962960690,120209223151990690,ACTIVE,ADSET_PAUSED,OUTCOME_AWARENESS,2024-05-15T13:48:57-0300,"R$1.078,04 BRL",802259,97415,8.235477,"R$1,34 BRL",1043,"0,13%",0.05497,441,"R$2,44 BRL",126,reach,97415,"R$11,07 BRL (Reach)",11,39.386572,29226,182027,29379,,
120245245253760690,ADI - FoodPorn,120245245253740690,120245243455420690,1777187453246307,ACTIVE,CAMPAIGN_PAUSED,OUTCOME_AWARENESS,2026-05-08T20:16:53-0300,"R$985,10 BRL",830797,321594,2.583372,"R$1,19 BRL",2186,"0,26%",0.174531,1450,"R$0,68 BRL",2,reach,321594,"R$3,06 BRL (Reach)",,,,,,,
120216275665910690,POST - 18/02/25,120212327930300690,120212327930110690,1135658314505856,PAUSED,PAUSED,OUTCOME_ENGAGEMENT,2025-02-21T11:04:33-0300,"R$965,16 BRL",375835,157023,2.393503,"R$2,57 BRL",2697,"0,72%",0.002927,11,"R$87,74 BRL",2,actions:post_engagement,94467,"R$0,01 BRL (Post engagements)",,,24237,45503,8043,,
120229845918010690,AD - Video Cupom,120229845840380690,120229845840390690,1047197640568529,PAUSED,PAUSED,OUTCOME_SALES,2025-08-05T14:27:27-0300,"R$871,22 BRL",67951,34638,1.961747,"R$12,82 BRL",1187,"1,75%",0.749069,509,"R$1,71 BRL",71,actions:onsite_conversion.messaging_conversation_started_7d,230,"R$3,79 BRL (Messaging conversations started)",17,1.461399,2727,6816,1234,,
120225302540890690,AD - Gê Onion — Quinta,120225302527870690,120225170496270690,696573593109764,ACTIVE,ADSET_PAUSED,OUTCOME_AWARENESS,2025-06-05T11:41:27-0300,"R$833,22 BRL",632188,295100,2.142284,"R$1,32 BRL",1157,"0,18%",0.12955,819,"R$1,02 BRL",226,reach,295100,"R$2,82 BRL (Reach)",,,2,1,,,
120225170496290690,AD - Gê Rib Terça,120225170496280690,120225170496270690,1499583694347917,PAUSED,PAUSED,OUTCOME_AWARENESS,2025-06-03T16:11:49-0300,"R$810,32 BRL",706061,303415,2.327047,"R$1,15 BRL",1465,"0,21%",0.147438,1041,"R$0,78 BRL",280,reach,303415,"R$2,67 BRL (Reach)",,,,,,,
120228304333690690,AD - GÊ BOX cupom,120228304333700690,120227744207810690,1101805265195499,ACTIVE,CAMPAIGN_PAUSED,OUTCOME_SALES,2025-07-17T11:47:48-0300,"R$738,16 BRL",161085,41479,3.883531,"R$4,58 BRL",1702,"1,06%",0.54195,873,"R$0,85 BRL",714,actions:offsite_conversion.fb_pixel_purchase,45,"R$16,40 BRL (Website purchases)",45,4.472879,23,5,1,,
120237984282280690,AD - Novo 04,120237983806680690,120237983806670690,860671539839540,ACTIVE,CAMPAIGN_PAUSED,OUTCOME_SALES,2025-12-19T15:02:51-0300,"R$737,80 BRL",113537,38760,2.929231,"R$6,50 BRL",1467,"1,29%",0.531104,603,"R$1,22 BRL",507,actions:offsite_conversion.fb_pixel_purchase,62,"R$11,90 BRL (Website purchases)",62,3.848875,1807,6032,1070,,
120212788305820690,AD 02,120212788305810690,120212332355730690,120212788302930690,ACTIVE,ADSET_PAUSED,OUTCOME_SALES,2024-10-21T09:57:58-0300,"R$714,80 BRL",120584,48852,2.468353,"R$5,93 BRL",1657,"1,37%",0.567239,684,"R$1,05 BRL",477,actions:offsite_conversion.fb_pixel_purchase,91,"R$7,85 BRL (Website purchases)",91,304.637101,11432,52638,11435,,
120240345836110690,AD - Novo 05.02.26_5,120240345524810690,120240345524780690,1904249177125306,ACTIVE,CAMPAIGN_PAUSED,OUTCOME_SALES,2026-02-05T22:59:04-0300,"R$702,57 BRL",102112,22629,4.51244,"R$6,88 BRL",905,"0,89%",0.394665,403,"R$1,74 BRL",280,actions:offsite_conversion.fb_pixel_purchase,62,"R$11,33 BRL (Website purchases)",62,4.036466,1368,6210,1193,,
120216275665900690,POST - 08/02/25,120212327930300690,120212327930110690,645558811170174,PAUSED,PAUSED,OUTCOME_ENGAGEMENT,2025-02-21T11:04:33-0300,"R$696,26 BRL",306554,180646,1.696987,"R$2,27 BRL",3621,"1,18%",0.000979,3,"R$232,09 BRL",6,actions:post_engagement,108918,"R$0,01 BRL (Post engagements)",,,28138,92791,27417,,
120237984063540690,AD - GÊ BOX VÍDEO NOVO,120237983806680690,120237983806670690,902894665598002,PAUSED,PAUSED,OUTCOME_SALES,2025-12-19T15:02:45-0300,"R$677,13 BRL",149198,58021,2.571448,"R$4,54 BRL",1838,"1,23%",0.558989,834,"R$0,81 BRL",631,actions:offsite_conversion.fb_pixel_purchase,35,"R$19,35 BRL (Website purchases)",35,2.269874,4213,13179,1690,,
120245173436720690,ADI - FoodPorn,120245173436600690,120233532885890690,35276806355298386,ACTIVE,CAMPAIGN_PAUSED,OUTCOME_SALES,2026-05-07T21:52:13-0300,"R$631,94 BRL",83566,47026,1.777017,"R$7,56 BRL",1393,"1,67%",0.922624,771,"R$0,82 BRL",47,actions:onsite_conversion.messaging_conversation_started_7d,189,"R$3,34 BRL (Messaging conversations started)",2,0.071209,2,,,,
120245173505650690,ADV - FoodPorn,120245173436600690,120233532885890690,3927720237358189,ACTIVE,CAMPAIGN_PAUSED,OUTCOME_SALES,2026-05-07T21:52:13-0300,"R$611,56 BRL",49786,25720,1.935692,"R$12,28 BRL",345,"0,69%",0.335436,167,"R$3,66 BRL",6,actions:onsite_conversion.messaging_conversation_started_7d,32,"R$19,11 BRL (Messaging conversations started)",4,0.235463,805,1583,300,,
120200283214210690,AD - GE ONION,120200283214260690,120200283214200690,120200283482480690,PAUSED,PAUSED,LINK_CLICKS,2023-11-02T00:14:41-0300,"R$600,78 BRL",185191,55419,3.341652,"R$3,24 BRL",2192,"1,18%",0.747337,1384,"R$0,43 BRL",732,actions:omni_landing_page_view,732,"R$0,82 BRL (Landing page views)",18,1.032491,,,,,
120229845840440690,AD - GÊ BOX (2),120229845840380690,120229845840390690,9843620785733095,ACTIVE,CAMPAIGN_PAUSED,OUTCOME_SALES,2025-08-05T14:27:27-0300,"R$595,60 BRL",37587,23244,1.617062,"R$15,85 BRL",499,"1,33%",0.53742,202,"R$2,95 BRL",24,actions:onsite_conversion.messaging_conversation_started_7d,100,"R$5,96 BRL (Messaging conversations started)",2,0.054567,890,2376,393,,
120239568773430690,AD - Novo 17.01.26,120239568773410690,120239568773420690,2671759093171589,ACTIVE,CAMPAIGN_PAUSED,OUTCOME_SALES,2026-01-23T12:57:41-0300,"R$570,93 BRL",74646,19619,3.804781,"R$7,65 BRL",579,"0,78%",0.451464,337,"R$1,69 BRL",201,actions:offsite_conversion.fb_pixel_purchase,50,"R$11,42 BRL (Website purchases)",50,4.312262,2651,3282,487,,
120232260613370690,AD - Reels 14.09,120232260613360690,120232081996780690,2632258390452194,ACTIVE,CAMPAIGN_PAUSED,OUTCOME_SALES,2025-09-15T17:11:08-0300,"R$557,73 BRL",46072,18391,2.505138,"R$12,11 BRL",626,"1,36%",0.438444,202,"R$2,76 BRL",21,actions:onsite_conversion.messaging_conversation_started_7d,77,"R$7,24 BRL (Messaging conversations started)",,,2740,10033,2685,,
23854466647020689,Criativo 01,23854466647010689,23854466646990689,23856757434890689,ACTIVE,CAMPAIGN_PAUSED,OUTCOME_ENGAGEMENT,2023-06-01T23:19:45-0300,"R$533,30 BRL",211760,92172,2.297444,"R$2,52 BRL",1368,"0,65%",0.069418,147,"R$3,63 BRL",1,video_thruplay_watched_actions,16362,"R$0,03 BRL (video_thruplay_watched_actions)",,,16362,22720,5430,,
23854061175480689,Criativo 01,23854061175520689,23854061175490689,23854061453220689,ACTIVE,CAMPAIGN_PAUSED,OUTCOME_ENGAGEMENT,2023-05-17T23:43:26-0300,"R$531,69 BRL",257594,109552,2.35134,"R$2,06 BRL",1181,"0,46%",0.003494,9,"R$59,08 BRL",,actions:post_engagement,111878,"R$0,00 BRL (Post engagements)",,,26710,114328,26652,,
120234016293910690,AD - Formato Novo,120234016293920690,120227813792370690,1611775203527035,ACTIVE,ADSET_PAUSED,OUTCOME_ENGAGEMENT,2025-10-15T23:59:51-0300,"R$528,84 BRL",44373,29942,1.481965,"R$11,92 BRL",127,"0,29%",0.132964,59,"R$8,96 BRL",,video_thruplay_watched_actions,10649,"R$0,05 BRL (video_thruplay_watched_actions)",,,10649,794,154,,
120217686926160690,POST - 13/03/25,120212330723260690,120212330723240690,979954527105310,ACTIVE,CAMPAIGN_PAUSED,OUTCOME_AWARENESS,2025-03-14T17:54:55-0300,"R$526,19 BRL",492345,156312,3.149758,"R$1,07 BRL",1000,"0,20%",0.040419,199,"R$2,64 BRL",95,reach,156312,"R$3,37 BRL (Reach)",1,0.08552,3626,16498,1627,,
120212788283440690,AD 02,120212332355760690,120212332355730690,120212788302930690,ACTIVE,ADSET_PAUSED,OUTCOME_SALES,2024-10-21T09:55:46-0300,"R$505,36 BRL",48832,14214,3.435486,"R$10,35 BRL",741,"1,52%",0.602064,294,"R$1,72 BRL",203,actions:offsite_conversion.fb_pixel_purchase,52,"R$9,72 BRL (Website purchases)",52,348.45243,4253,17451,4262,,
120210819999280690,AD - GÊ BOX VÍDEO NOVO,120210819999260690,120210345926650690,120210346106340690,ACTIVE,CAMPAIGN_PAUSED,OUTCOME_SALES,2024-08-02T11:42:07-0300,"R$499,98 BRL",95022,35710,2.660935,"R$5,26 BRL",2206,"2,32%",0.724043,688,"R$0,73 BRL",501,actions:offsite_conversion.fb_pixel_purchase,93,"R$5,38 BRL (Website purchases)",93,464.562182,4447,12675,1887,,
120208994788270690,AD - TODO DIA,120208994788280690,120203967962960690,120208999452340690,PAUSED,PAUSED,OUTCOME_AWARENESS,2024-05-09T20:16:46-0300,"R$489,94 BRL",407822,61436,6.63816,"R$1,20 BRL",676,"0,17%",0.094404,385,"R$1,27 BRL",110,reach,61436,"R$7,97 BRL (Reach)",4,0.387803,,,,,
120215485413310690,AD 02,120215485413290690,120215485413360690,120212788302930690,ACTIVE,ADSET_PAUSED,OUTCOME_SALES,2025-02-06T19:37:16-0300,"R$486,12 BRL",44270,8872,4.989856,"R$10,98 BRL",485,"1,10%",0.467585,207,"R$2,35 BRL",127,actions:offsite_conversion.fb_pixel_purchase,48,"R$10,13 BRL (Website purchases)",48,342.727722,2968,12578,2995,,
120203967962970690,AD - FACHADA,120203967962990690,120203967962960690,120203967977470690,PAUSED,PAUSED,OUTCOME_AWARENESS,2024-01-10T17:59:51-0300,"R$482,38 BRL",160603,62379,2.574632,"R$3,00 BRL",443,"0,28%",0.140097,225,"R$2,14 BRL",,reach,62379,"R$7,73 BRL (Reach)",4,0.422903,,,,,
120215485413370690,AD 02,120215485413300690,120215485413360690,120212788302930690,ACTIVE,ADSET_PAUSED,OUTCOME_SALES,2025-02-06T19:37:16-0300,"R$465,51 BRL",75835,40339,1.879942,"R$6,14 BRL",871,"1,15%",0.418013,317,"R$1,47 BRL",209,actions:offsite_conversion.fb_pixel_purchase,35,"R$13,30 BRL (Website purchases)",35,228.376404,7567,34489,7562,,
120237142653150690,AD - Novo G10,120237142653130690,120236955146140690,1634493787923255,ACTIVE,CAMPAIGN_PAUSED,OUTCOME_SALES,2025-12-05T19:30:50-0300,"R$463,21 BRL",72346,31112,2.325341,"R$6,40 BRL",856,"1,18%",0.355237,257,"R$1,80 BRL",206,actions:offsite_conversion.fb_pixel_purchase,28,"R$16,54 BRL (Website purchases)",28,2.576801,1023,5995,650,,
120212327930500690,POST - 29/08/24,120212327930300690,120212327930110690,120212328866370690,PAUSED,PAUSED,OUTCOME_ENGAGEMENT,2024-10-04T15:44:08-0300,"R$460,22 BRL",168042,79423,2.115785,"R$2,74 BRL",8131,"4,84%",0.127944,215,"R$2,14 BRL",31,actions:post_engagement,13243,"R$0,03 BRL (Post engagements)",,,,,,,
120249304781040690,ADReels - 17 de jun de 2026,120249304744410690,120249304744400690,1988053795180927,ACTIVE,CAMPAIGN_PAUSED,OUTCOME_ENGAGEMENT,2026-07-01T19:14:23-0300,"R$455,50 BRL",210028,141330,1.486082,"R$2,17 BRL",622,"0,30%",0.110461,232,"R$1,96 BRL",,actions:post_engagement,126488,"R$0,00 BRL (Post engagements)",,,76896,177759,76170,,
120233757591160690,AD - Novo 01,120233757591150690,120233757591140690,1144896561149466,ACTIVE,CAMPAIGN_PAUSED,OUTCOME_SALES,2025-10-11T23:13:03-0300,"R$452,75 BRL",45827,14834,3.089322,"R$9,88 BRL",431,"0,94%",0.414603,190,"R$2,38 BRL",143,actions:offsite_conversion.fb_pixel_purchase,26,"R$17,41 BRL (Website purchases)",26,2.837151,611,2001,364,,
120213529524280690,AD 02,120213529524270690,120212792744250690,120213529525640690,ACTIVE,ADSET_PAUSED,OUTCOME_ENGAGEMENT,2024-11-22T02:30:33-0300,"R$445,97 BRL",40444,21272,1.901279,"R$11,03 BRL",559,"1,38%",0.506874,205,"R$2,18 BRL",32,actions:onsite_conversion.messaging_conversation_started_7d,118,"R$3,78 BRL (Messaging conversations started)",8,30.12669,1863,4856,864,,
120227813792360690,AD - Parceria,120227813792350690,120227813792370690,1482031489480671,ACTIVE,ADSET_PAUSED,OUTCOME_ENGAGEMENT,2025-07-09T15:36:55-0300,"R$412,78 BRL",72712,32203,2.257926,"R$5,68 BRL",363,"0,50%",0.145781,106,"R$3,89 BRL",8,video_thruplay_watched_actions,7420,"R$0,06 BRL (video_thruplay_watched_actions)",,,7420,8562,2065,,
120233927906840690,AD - Foodporn Teste,120233927906850690,120233532885890690,1161394202792294,ACTIVE,ADSET_PAUSED,OUTCOME_SALES,2025-10-14T13:36:24-0300,"R$402,82 BRL",50833,35228,1.442972,"R$7,92 BRL",743,"1,46%",0.741644,377,"R$1,07 BRL",21,actions:onsite_conversion.messaging_conversation_started_7d,67,"R$6,01 BRL (Messaging conversations started)",2,0.190904,,,,,
120213290022790690,POST - 19/10/24,120212327930300690,120212327930110690,120213290123060690,PAUSED,PAUSED,OUTCOME_ENGAGEMENT,2024-11-12T13:02:13-0300,"R$395,30 BRL",90226,40529,2.226208,"R$4,38 BRL",5510,"6,11%",0.129674,117,"R$3,38 BRL",12,actions:post_engagement,10360,"R$0,04 BRL (Post engagements)",,,,,,,
120246128160670690,AD - CARROSSEL FOODPORN,120246128159910690,120246128159740690,1954328992624441,ACTIVE,CAMPAIGN_PAUSED,OUTCOME_SALES,2026-05-20T20:25:11-0300,"R$378,30 BRL",46159,14192,3.252466,"R$8,20 BRL",398,"0,86%",0.426786,197,"R$1,92 BRL",148,actions:offsite_conversion.fb_pixel_purchase,26,"R$14,55 BRL (Website purchases)",26,3.422205,343,1920,347,,
120247411476930690,ADReels - GeRib,120247411476940690,120247411302050690,1520340116400676,ACTIVE,ACTIVE,OUTCOME_ENGAGEMENT,2026-06-04T20:06:22-0300,"R$375,35 BRL",24076,11683,2.060772,"R$15,59 BRL",408,"1,69%",0.548264,132,"R$2,84 BRL",11,actions:onsite_conversion.messaging_conversation_started_7d,57,"R$6,59 BRL (Messaging conversations started)",5,0.370321,1171,992,173,,
120245245253710690,ADReels - GeRib 11 de nov de 2025,120245245253740690,120245243455420690,26592325457085283,ACTIVE,CAMPAIGN_PAUSED,OUTCOME_AWARENESS,2026-05-08T20:14:16-0300,"R$367,41 BRL",296336,137434,2.156206,"R$1,24 BRL",849,"0,29%",0.043532,129,"R$2,85 BRL",1,reach,137434,"R$2,67 BRL (Reach)",,,2919,7792,962,,
120217510222630690,AD 10,120217510222570690,120212792744250690,671381642121896,ACTIVE,CAMPAIGN_PAUSED,OUTCOME_ENGAGEMENT,2025-03-10T13:13:48-0300,"R$365,03 BRL",40750,17575,2.318634,"R$8,96 BRL",626,"1,54%",0.743558,303,"R$1,20 BRL",58,actions:onsite_conversion.messaging_conversation_started_7d,125,"R$2,92 BRL (Messaging conversations started)",8,98.182067,,,,,
120244310302450690,AD - Reels Influêncer,120244310302460690,120244310302440690,947488071472791,ACTIVE,CAMPAIGN_PAUSED,OUTCOME_AWARENESS,2026-04-25T16:21:51-0300,"R$363,44 BRL",312530,135247,2.310809,"R$1,16 BRL",384,"0,12%",0.045756,143,"R$2,54 BRL",,reach,135247,"R$2,69 BRL (Reach)",2,0.29716,1772,2955,388,,
120216291196750690,AD 07,120215485413290690,120215485413360690,532297633209154,ACTIVE,ADSET_PAUSED,OUTCOME_SALES,2025-02-21T14:29:32-0300,"R$361,06 BRL",42634,6962,6.123815,"R$8,47 BRL",505,"1,18%",0.476146,203,"R$1,78 BRL",138,actions:offsite_conversion.fb_pixel_purchase,18,"R$20,06 BRL (Website purchases)",18,212.647233,,,,,
120245681220310690,ADV - FoodPorn,120245681220290690,120233532885890690,3927720237358189,ACTIVE,ADSET_PAUSED,OUTCOME_SALES,2026-05-14T20:25:26-0300,"R$360,78 BRL",25727,13619,1.889052,"R$14,02 BRL",237,"0,92%",0.373149,96,"R$3,76 BRL",4,actions:onsite_conversion.messaging_conversation_started_7d,33,"R$10,93 BRL (Messaging conversations started)",4,0.526637,502,943,203,,
120214475387140690,AD 02,120214475387120690,120212792744250690,542627365462462,PAUSED,PAUSED,OUTCOME_ENGAGEMENT,2025-01-02T13:19:24-0300,"R$353,42 BRL",36971,19540,1.892068,"R$9,56 BRL",529,"1,43%",0.659977,244,"R$1,45 BRL",23,actions:onsite_conversion.messaging_conversation_started_7d,114,"R$3,10 BRL (Messaging conversations started)",5,20.442816,1652,4269,787,,
120210052197120690,AD  GÊ BOX,120210052197080690,120205274749610690,120210052432420690,PAUSED,PAUSED,OUTCOME_ENGAGEMENT,2024-06-19T17:11:13-0300,"R$352,39 BRL",74107,27959,2.65056,"R$4,76 BRL",814,"1,10%",0.388627,288,"R$1,22 BRL",11,actions:onsite_conversion.messaging_conversation_started_7d,61,"R$5,78 BRL (Messaging conversations started)",21,197.063481,7,7,,,
120248556098010690,ADI - FoodPorn,120248556098000690,120247411302050690,873801395774735,ACTIVE,ACTIVE,OUTCOME_ENGAGEMENT,2026-06-20T19:14:35-0300,"R$351,27 BRL",65005,48921,1.328775,"R$5,40 BRL",737,"1,13%",0.738405,480,"R$0,73 BRL",22,actions:onsite_conversion.messaging_conversation_started_7d,165,"R$2,13 BRL (Messaging conversations started)",4,0.555129,,,,,
120237984063530690,AD 01,120237983806680690,120237983806670690,1504693414165055,ACTIVE,CAMPAIGN_PAUSED,OUTCOME_SALES,2025-12-19T15:02:45-0300,"R$350,36 BRL",46886,20758,2.258695,"R$7,47 BRL",461,"0,98%",0.494817,232,"R$1,51 BRL",179,actions:offsite_conversion.fb_pixel_purchase,26,"R$13,48 BRL (Website purchases)",26,3.27663,1624,8407,1629,,
120229845840420690,AD - GÊ BOX (2),120229845840470690,120229845840390690,1767895443837078,ACTIVE,CAMPAIGN_PAUSED,OUTCOME_SALES,2025-08-05T14:27:27-0300,"R$348,86 BRL",19561,12958,1.509569,"R$17,83 BRL",265,"1,35%",0.552119,108,"R$3,23 BRL",11,actions:onsite_conversion.messaging_conversation_started_7d,52,"R$6,71 BRL (Messaging conversations started)",3,0.589921,426,1228,202,,
120225007410010690,AD - GÊ BOX (2),120225007410000690,120225007386020690,1864865320960483,ACTIVE,CAMPAIGN_PAUSED,OUTCOME_SALES,2025-05-31T09:18:40-0300,"R$341,61 BRL",43872,22366,1.961549,"R$7,79 BRL",553,"1,26%",0.471827,207,"R$1,65 BRL",174,actions:offsite_conversion.fb_pixel_purchase,30,"R$11,39 BRL (Website purchases)",30,56.812213,689,2003,320,,
120236955146150690,AD - G10-2,120236955146200690,120236955146140690,1509154007077267,ACTIVE,CAMPAIGN_PAUSED,OUTCOME_SALES,2025-12-02T23:47:09-0300,"R$334,35 BRL",48238,10388,4.643627,"R$6,93 BRL",258,"0,53%",0.306812,148,"R$2,26 BRL",102,actions:offsite_conversion.fb_pixel_purchase,20,"R$16,72 BRL (Website purchases)",20,2.621205,,,,,
120248211436810690,ADReels - 31 de mar de 2026,120246128291460690,120246128288360690,1474440364366683,PAUSED,PAUSED,OUTCOME_SALES,2026-06-15T19:15:19-0300,"R$333,45 BRL",33023,8790,3.756883,"R$10,10 BRL",138,"0,42%",0.154438,51,"R$6,54 BRL",9,actions:offsite_conversion.fb_pixel_purchase,18,"R$18,53 BRL (Website purchases)",18,2.136452,,,,,
120236120580910690,AD - G10-2,120233757591150690,120233757591140690,1509154007077267,ACTIVE,CAMPAIGN_PAUSED,OUTCOME_SALES,2025-11-17T22:32:59-0300,"R$323,23 BRL",45356,14347,3.161358,"R$7,13 BRL",271,"0,60%",0.352765,160,"R$2,02 BRL",111,actions:offsite_conversion.fb_pixel_purchase,27,"R$11,97 BRL (Website purchases)",27,3.773474,,3,,,
23861403164950689,AD - 4 BURGERS,23861403164900689,23861403164910689,23859406561630689,ACTIVE,CAMPAIGN_PAUSED,OUTCOME_SALES,2023-10-05T00:22:18-0300,"R$321,64 BRL",93592,40609,2.304711,"R$3,44 BRL",1166,"1,25%",0.364347,341,"R$0,94 BRL",243,actions:offsite_conversion.fb_pixel_purchase,21,"R$15,32 BRL (Website purchases)",21,2.064544,6,2,,,
120224532621800690,AD - GÊ BOX (2),120224532621720690,120224532621730690,9843620785733095,ACTIVE,CAMPAIGN_PAUSED,OUTCOME_SALES,2025-05-23T20:16:08-0300,"R$315,17 BRL",19341,13618,1.420253,"R$16,30 BRL",290,"1,50%",0.646295,125,"R$2,52 BRL",24,actions:onsite_conversion.messaging_conversation_started_7d,76,"R$4,15 BRL (Messaging conversations started)",3,22.630009,561,1532,272,,
120217510222560690,AD 08,120217510222570690,120212792744250690,644669898257377,ACTIVE,CAMPAIGN_PAUSED,OUTCOME_ENGAGEMENT,2025-03-10T13:13:48-0300,"R$308,97 BRL",37589,24911,1.508932,"R$8,22 BRL",320,"0,85%",0.422996,159,"R$1,94 BRL",10,actions:onsite_conversion.messaging_conversation_started_7d,47,"R$6,57 BRL (Messaging conversations started)",6,118.086869,,2,,,
120209502066640690,AD - QUINTA,120209501188910690,120209501188780690,120209502200330690,ACTIVE,CAMPAIGN_PAUSED,OUTCOME_AWARENESS,2024-05-22T13:37:46-0300,"R$307,63 BRL",265310,129805,2.043912,"R$1,16 BRL",259,"0,0976%",0.054276,144,"R$2,14 BRL",24,reach,129805,"R$2,37 BRL (Reach)",2,0.409583,5,1,,,
120212792744400690,AD 02,120212792744360690,120212792744250690,120212332080140690,ACTIVE,ADSET_PAUSED,OUTCOME_ENGAGEMENT,2024-10-21T13:25:20-0300,"R$305,84 BRL",29053,15540,1.869562,"R$10,53 BRL",465,"1,60%",0.598905,174,"R$1,76 BRL",36,actions:onsite_conversion.messaging_conversation_started_7d,106,"R$2,89 BRL (Messaging conversations started)",10,58.55905,1461,3743,709,,
120209502056390690,AD - QUARTA,120209501188910690,120209501188780690,120209502203360690,ACTIVE,CAMPAIGN_PAUSED,OUTCOME_AWARENESS,2024-05-22T13:37:52-0300,"R$301,95 BRL",261873,128425,2.039112,"R$1,15 BRL",264,"0,10%",0.053843,141,"R$2,14 BRL",38,reach,128425,"R$2,35 BRL (Reach)",1,0.198377,6,,,,
120228919627630690,AD - Video Cupom,120228919627640690,120227744207810690,1416933076226228,ACTIVE,ADSET_PAUSED,OUTCOME_SALES,2025-07-26T16:11:39-0300,"R$290,60 BRL",47102,15583,3.022653,"R$6,17 BRL",606,"1,29%",0.535009,252,"R$1,15 BRL",198,actions:offsite_conversion.fb_pixel_purchase,12,"R$24,22 BRL (Website purchases)",12,3.671025,1075,2984,449,,
120212330841210690,POST - 29/08/24,120212330723260690,120212330723240690,120212331064970690,PAUSED,PAUSED,OUTCOME_AWARENESS,2024-10-04T16:27:47-0300,"R$285,87 BRL",270650,102149,2.649561,"R$1,06 BRL",790,"0,29%",0.123407,334,"R$0,86 BRL",106,reach,102149,"R$2,80 BRL (Reach)",,,,,,,
120209501189000690,AD - TERÇA,120209501188910690,120209501188780690,120209502200370690,ACTIVE,CAMPAIGN_PAUSED,OUTCOME_AWARENESS,2024-05-22T13:37:46-0300,"R$288,42 BRL",266107,120584,2.206818,"R$1,08 BRL",379,"0,14%",0.077412,206,"R$1,40 BRL",73,reach,120584,"R$2,39 BRL (Reach)",,,6,2,,,
120224523597380690,AD - Ge Rib,120224523597440690,120224523597420690,1231870988380777,ACTIVE,CAMPAIGN_PAUSED,OUTCOME_SALES,2025-05-23T17:49:27-0300,"R$286,35 BRL",15929,9573,1.663951,"R$17,98 BRL",301,"1,89%",0.489673,78,"R$3,67 BRL",11,actions:onsite_conversion.messaging_conversation_started_7d,46,"R$6,23 BRL (Messaging conversations started)",4,29.745416,306,578,129,,
120208999699340690,AD - DUPLA RIB E ONION,120208999670750690,120205274749610690,120208999767550690,ACTIVE,ADSET_PAUSED,OUTCOME_ENGAGEMENT,2024-05-09T20:34:32-0300,"R$283,08 BRL",60076,28402,2.115203,"R$4,71 BRL",800,"1,33%",0.496038,298,"R$0,95 BRL",45,actions:onsite_conversion.messaging_conversation_started_7d,59,"R$4,80 BRL (Messaging conversations started)",14,47.325986,,,,,
120209504392190690,AD - SEXTA,120209501188910690,120209501188780690,120210205546760690,ACTIVE,CAMPAIGN_PAUSED,OUTCOME_AWARENESS,2024-05-22T14:48:36-0300,"R$274,27 BRL",233889,118909,1.966958,"R$1,17 BRL",244,"0,10%",0.059857,140,"R$1,96 BRL",40,reach,118909,"R$2,31 BRL (Reach)",2,0.940679,2,,,,
120214475387150690,AD 03,120214475387120690,120212792744250690,456484887396305,PAUSED,PAUSED,OUTCOME_ENGAGEMENT,2025-01-02T13:19:24-0300,"R$271,57 BRL",34654,17043,2.033327,"R$7,84 BRL",368,"1,06%",0.406879,141,"R$1,93 BRL",17,actions:onsite_conversion.messaging_conversation_started_7d,83,"R$3,27 BRL (Messaging conversations started)",8,69.067644,4586,17742,4562,,
120211840912910690,AD - CARROSSEL FOODPORN,120211840912890690,120211840808940690,120210820047340690,ACTIVE,CAMPAIGN_PAUSED,OUTCOME_SALES,2024-09-17T12:58:38-0300,"R$270,64 BRL",39661,11316,3.50486,"R$6,82 BRL",363,"0,92%",0.347949,138,"R$1,96 BRL",67,actions:offsite_conversion.fb_pixel_purchase,43,"R$6,29 BRL (Website purchases)",43,257.153045,194,1062,193,,
120217511247230690,PAREDÃO (TERÇA-FEIRA),120217511247270690,120212792744250690,1936445726885268,PAUSED,PAUSED,OUTCOME_ENGAGEMENT,2025-03-10T13:47:20-0300,"R$269,38 BRL",38113,25339,1.504124,"R$7,07 BRL",301,"0,79%",0.364705,139,"R$1,94 BRL",17,actions:onsite_conversion.messaging_conversation_started_7d,35,"R$7,70 BRL (Messaging conversations started)",6,19.104611,2,,,,
120205274931980690,AD - INSTA FINAL DE SEMANA,120205274749630690,120205274749610690,120206480048900690,PAUSED,PAUSED,OUTCOME_ENGAGEMENT,2024-02-10T12:22:46-0300,"R$267,44 BRL",33826,14681,2.304066,"R$7,91 BRL",447,"1,32%",0.490747,166,"R$1,61 BRL",,actions:onsite_conversion.messaging_conversation_started_7d,43,"R$6,22 BRL (Messaging conversations started)",4,0.489829,,,,,
120224444858820690,AD - GÊ BOX (2),120224444858810690,120224443839790690,1864865320960483,ACTIVE,CAMPAIGN_PAUSED,OUTCOME_SALES,2025-05-22T18:34:43-0300,"R$262,16 BRL",26261,13952,1.882239,"R$9,98 BRL",372,"1,42%",0.605461,159,"R$1,65 BRL",137,actions:offsite_conversion.fb_pixel_purchase,15,"R$17,48 BRL (Website purchases)",15,197.280668,593,1607,266,,
120245517580570690,Post do Instagram: Quem é o @ que sempre fala...,120245517579380690,120245517578580690,1298207665087800,ACTIVE,CAMPAIGN_PAUSED,LINK_CLICKS,2026-05-12T15:18:33-0300,"R$260,05 BRL",68588,45674,1.501686,"R$3,79 BRL",667,"0,97%",0.976847,670,"R$0,39 BRL",3,profile_visit_view,665,"R$0,39 BRL (Instagram profile visits)",,,,,,,
120224523597390690,AD - Ge Rib,120224523597450690,120224523597420690,1664142727605478,ACTIVE,CAMPAIGN_PAUSED,OUTCOME_SALES,2025-05-23T17:49:44-0300,"R$248,98 BRL",13389,8186,1.635597,"R$18,60 BRL",264,"1,97%",0.560161,75,"R$3,32 BRL",8,actions:onsite_conversion.messaging_conversation_started_7d,40,"R$6,22 BRL (Messaging conversations started)",2,0.751064,264,482,82,,
120200344549640690,AD - FACHADA,120200344064940690,120200344064960690,120201116719710690,ACTIVE,CAMPAIGN_PAUSED,OUTCOME_AWARENESS,2023-11-03T20:37:20-0300,"R$248,21 BRL",73287,45875,1.597537,"R$3,39 BRL",740,"1,01%",0.113253,83,"R$2,99 BRL",,reach,45875,"R$5,41 BRL (Reach)",,,3623,6009,942,,
120234828773720690,"Anúncio de Visitas ao perfil do Instagram: A GeBurger vai mudar o seu dia
Estamos te...",120234828770950690,120234828770560690,1476149263642127,ACTIVE,CAMPAIGN_PAUSED,LINK_CLICKS,2025-10-27T18:12:56-0300,"R$245,75 BRL",16324,10070,1.621053,"R$15,05 BRL",273,"1,67%",1.727518,282,"R$0,87 BRL",11,profile_visit_view,284,"R$0,87 BRL (Instagram profile visits)",,,947,1863,391,,
120231518007120690,Post do Instagram: Quando o marketing não pode...,120231518007060690,120231518006910690,1109295677384778,ACTIVE,CAMPAIGN_PAUSED,LINK_CLICKS,2025-09-02T21:04:31-0300,"R$245,78 BRL",38545,17665,2.181998,"R$6,38 BRL",287,"0,74%",0.752367,290,"R$0,85 BRL",4,profile_visit_view,299,"R$0,82 BRL (Instagram profile visits)",,,1826,6850,1834,,
120248478393980690,Post do Instagram: Esse é o GeBurger te chamando...,120248478388860690,120248478388460690,992365853608332,ACTIVE,CAMPAIGN_PAUSED,LINK_CLICKS,2026-06-19T10:11:57-0300,"R$245,57 BRL",18812,11895,1.581505,"R$13,05 BRL",240,"1,28%",1.254518,236,"R$1,04 BRL",1,profile_visit_view,229,"R$1,07 BRL (Instagram profile visits)",,,378,1223,229,,
120216291532880690,AD 07,120216291532830690,120215485413360690,532297633209154,ACTIVE,CAMPAIGN_PAUSED,OUTCOME_SALES,2025-02-21T14:31:45-0300,"R$242,20 BRL",49075,19578,2.50664,"R$4,94 BRL",630,"1,28%",0.525726,258,"R$0,94 BRL",180,actions:offsite_conversion.fb_pixel_purchase,16,"R$15,14 BRL (Website purchases)",16,265.199009,,,,,
120216276613710690,POST - 08/02/25,120212330723260690,120212330723240690,1061736219054601,PAUSED,PAUSED,OUTCOME_AWARENESS,2025-02-21T11:17:11-0300,"R$240,93 BRL",249807,93593,2.669078,"R$0,96 BRL",407,"0,16%",0.054442,136,"R$1,77 BRL",44,reach,93593,"R$2,57 BRL (Reach)",,,1502,9994,1487,,
120237213159520690,AD - VideoNovo Cupom,120237213159510690,120233532885890690,1582126006137394,ACTIVE,ADSET_PAUSED,OUTCOME_SALES,2025-12-07T12:02:53-0300,"R$240,58 BRL",18218,10882,1.674141,"R$13,21 BRL",258,"1,42%",0.636733,116,"R$2,07 BRL",17,actions:onsite_conversion.messaging_conversation_started_7d,42,"R$5,73 BRL (Messaging conversations started)",5,0.392801,543,2310,363,,
120240617357470690,AD - TX Grátis,120240617357480690,120225170496270690,1839020613479574,ACTIVE,CAMPAIGN_PAUSED,OUTCOME_AWARENESS,2026-02-11T10:34:09-0300,"R$236,84 BRL",223308,141136,1.582219,"R$1,06 BRL",481,"0,22%",0.149121,333,"R$0,71 BRL",90,reach,141136,"R$1,68 BRL (Reach)",,,2,1,,,
120217511906210690,COMBO GE BURGER (QUARTA-FEIRA),120217511247270690,120212792744250690,3939145299639613,ACTIVE,ADSET_PAUSED,OUTCOME_ENGAGEMENT,2025-03-10T13:47:20-0300,"R$233,92 BRL",29143,17757,1.641212,"R$8,03 BRL",223,"0,77%",0.346567,101,"R$2,32 BRL",3,actions:onsite_conversion.messaging_conversation_started_7d,19,"R$12,31 BRL (Messaging conversations started)",4,34.699897,,,,,
120209224436840690,AD - Gê Box,120209224436830690,120209223227360690,120209225428770690,ACTIVE,ADSET_PAUSED,OUTCOME_SALES,2024-05-15T14:46:26-0300,"R$229,00 BRL",31598,6209,5.089064,"R$7,25 BRL",421,"1,33%",0.487373,154,"R$1,49 BRL",109,actions:offsite_conversion.fb_pixel_purchase,37,"R$6,19 BRL (Website purchases)",37,320.401747,2454,9378,2456,,
120217909950250690,POST - 19/03/25,120212330723260690,120212330723240690,625544237031668,ACTIVE,CAMPAIGN_PAUSED,OUTCOME_AWARENESS,2025-03-21T15:40:07-0300,"R$227,69 BRL",210503,88560,2.376953,"R$1,08 BRL",311,"0,15%",0.033254,70,"R$3,25 BRL",34,reach,88560,"R$2,57 BRL (Reach)",,,933,1825,232,,
23856813006940689,AD-02,23856812927110689,23856812927060689,23856813058150689,ACTIVE,CAMPAIGN_PAUSED,LINK_CLICKS,2023-07-29T19:02:20-0300,"R$221,35 BRL",31077,16264,1.910785,"R$7,12 BRL",300,"0,97%",0.399009,124,"R$1,79 BRL",6,actions:onsite_conversion.messaging_conversation_started_7d,35,"R$6,32 BRL (Messaging conversations started)",2,,,,,,
120210345926710690,AD - GÊ BOX VÍDEO NOVO,120210345926670690,120210345926650690,120210346106340690,ACTIVE,ADSET_PAUSED,OUTCOME_SALES,2024-07-06T12:15:22-0300,"R$220,18 BRL",27815,7291,3.814977,"R$7,92 BRL",456,"1,64%",0.600395,167,"R$1,32 BRL",102,actions:offsite_conversion.fb_pixel_purchase,31,"R$7,10 BRL (Website purchases)",31,376.813062,968,2531,427,,
120216291196760690,AD 04 (COM PREÇO),120215485413290690,120215485413360690,596184439954834,ACTIVE,ADSET_PAUSED,OUTCOME_SALES,2025-02-21T14:29:32-0300,"R$217,54 BRL",25080,5796,4.327122,"R$8,67 BRL",185,"0,74%",0.370813,93,"R$2,34 BRL",54,actions:offsite_conversion.fb_pixel_purchase,14,"R$15,54 BRL (Website purchases)",14,231.438816,,5,,,
120216291532850690,AD 02,120216291532830690,120215485413360690,120212788302930690,ACTIVE,CAMPAIGN_PAUSED,OUTCOME_SALES,2025-02-21T14:31:45-0300,"R$215,46 BRL",31996,18160,1.761894,"R$6,73 BRL",403,"1,26%",0.437555,140,"R$1,54 BRL",96,actions:offsite_conversion.fb_pixel_purchase,12,"R$17,96 BRL (Website purchases)",12,165.855843,3041,13715,3035,,
120243914986400690,ADI - GeAmazonico1,120243914986390690,120243462107720690,992520379876786,ACTIVE,ADSET_PAUSED,OUTCOME_SALES,2026-04-20T21:59:27-0300,"R$214,08 BRL",28608,13826,2.069145,"R$7,48 BRL",296,"1,03%",0.594239,170,"R$1,26 BRL",140,actions:offsite_conversion.fb_pixel_purchase,12,"R$17,84 BRL (Website purchases)",12,2.462257,5,,,,
120250075360650690,ADV - Burgers 24.07,120250075360640690,120250075360630690,1941449129885961,PAUSED,PAUSED,OUTCOME_SALES,2026-07-31T20:37:28-0300,"R$211,81 BRL",19996,7016,2.850057,"R$10,59 BRL",198,"0,99%",0.735147,147,"R$1,44 BRL",108,actions:offsite_conversion.fb_pixel_purchase,11,"R$19,26 BRL (Website purchases)",11,2.402625,477,658,80,,
120245570294800690,ADI - Gê Classic_1,120245570293080690,120233532885890690,1665404204605524,ACTIVE,ADSET_PAUSED,OUTCOME_SALES,2026-05-13T09:18:09-0300,"R$209,38 BRL",18269,10319,1.770423,"R$11,46 BRL",183,"1,00%",0.530954,97,"R$2,16 BRL",6,actions:onsite_conversion.messaging_conversation_started_7d,20,"R$10,47 BRL (Messaging conversations started)",4,0.508167,5,1,1,,
120243462107770690,ADI - Gê Rib,120243462107780690,120243462107720690,1739948787376472,ACTIVE,ADSET_PAUSED,OUTCOME_SALES,2026-04-13T19:55:57-0300,"R$203,20 BRL",33887,20442,1.657715,"R$6,00 BRL",421,"1,24%",0.575442,195,"R$1,04 BRL",167,actions:offsite_conversion.fb_pixel_purchase,28,"R$7,26 BRL (Website purchases)",28,4.470276,,,,,
120216276613720690,POST - 14/02/25,120212330723260690,120212330723240690,650129961023389,PAUSED,PAUSED,OUTCOME_AWARENESS,2025-02-21T11:17:11-0300,"R$201,91 BRL",192321,79592,2.416336,"R$1,05 BRL",179,"0,0931%",0.045757,88,"R$2,29 BRL",30,reach,79592,"R$2,54 BRL (Reach)",1,0.396216,1021,7722,1008,,
120245515017140690,ADI - Gê Classic_1,120245515017120690,120245515017160690,4466063447015055,ACTIVE,ADSET_PAUSED,OUTCOME_SALES,2026-05-12T15:26:07-0300,"R$201,74 BRL",24933,11121,2.241975,"R$8,09 BRL",243,"0,97%",0.557494,139,"R$1,45 BRL",111,actions:offsite_conversion.fb_pixel_purchase,20,"R$10,09 BRL (Website purchases)",20,3.685932,12,1,,,
120246024698580690,ADI - Gê Salad — 2,120246024577530690,120245515017160690,1545665986917869,ACTIVE,ADSET_PAUSED,OUTCOME_SALES,2026-05-19T09:20:41-0300,"R$201,06 BRL",24789,10236,2.421747,"R$8,11 BRL",216,"0,87%",0.516358,128,"R$1,57 BRL",93,actions:offsite_conversion.fb_pixel_purchase,20,"R$10,05 BRL (Website purchases)",20,3.451805,9,,,,
120210820026090690,AD - CARROSSEL FOODPORN,120210819999260690,120210345926650690,120210820047340690,ACTIVE,CAMPAIGN_PAUSED,OUTCOME_SALES,2024-08-01T15:00:49-0300,"R$199,14 BRL",41266,14003,2.94694,"R$4,83 BRL",442,"1,07%",0.237484,98,"R$2,03 BRL",66,actions:offsite_conversion.fb_pixel_purchase,36,"R$5,53 BRL (Website purchases)",36,345.124033,,,,,
120212792744410690,AD 03,120212792744360690,120212792744250690,120212332080250690,ACTIVE,ADSET_PAUSED,OUTCOME_ENGAGEMENT,2024-10-21T13:25:20-0300,"R$198,12 BRL",18611,11130,1.672147,"R$10,65 BRL",247,"1,33%",0.451346,84,"R$2,36 BRL",20,actions:onsite_conversion.messaging_conversation_started_7d,52,"R$3,81 BRL (Messaging conversations started)",2,35.124672,2909,10333,2904,,
120215485413320690,AD 01,120215485413290690,120215485413360690,120212788302920690,ACTIVE,ADSET_PAUSED,OUTCOME_SALES,2025-02-06T19:37:16-0300,"R$196,05 BRL",17229,5291,3.256284,"R$11,38 BRL",201,"1,17%",0.551396,95,"R$2,06 BRL",57,actions:offsite_conversion.fb_pixel_purchase,17,"R$11,53 BRL (Website purchases)",17,161.178781,613,2736,617,,
120233927941960690,AD - Novo 02,120233927906850690,120233532885890690,1084112373930752,ACTIVE,ADSET_PAUSED,OUTCOME_SALES,2025-10-14T14:43:39-0300,"R$189,20 BRL",12554,8909,1.409137,"R$15,07 BRL",174,"1,39%",0.525729,66,"R$2,87 BRL",7,actions:onsite_conversion.messaging_conversation_started_7d,33,"R$5,73 BRL (Messaging conversations started)",4,1.172833,343,1023,195,,
120213529524240690,AD 03,120213529524270690,120212792744250690,120213529525760690,ACTIVE,ADSET_PAUSED,OUTCOME_ENGAGEMENT,2024-11-22T02:30:33-0300,"R$179,39 BRL",19936,11572,1.722779,"R$9,00 BRL",239,"1,20%",0.511637,102,"R$1,76 BRL",19,actions:onsite_conversion.messaging_conversation_started_7d,59,"R$3,04 BRL (Messaging conversations started)",9,107.528848,2760,10556,2747,,
120209223228080690,AD - Gê Box,120209223227640690,120209223227360690,120209224716070690,ACTIVE,ADSET_PAUSED,OUTCOME_SALES,2024-05-15T14:31:24-0300,"R$178,10 BRL",36992,19806,1.867717,"R$4,81 BRL",398,"1,08%",0.340614,126,"R$1,41 BRL",92,actions:offsite_conversion.fb_pixel_purchase,9,"R$19,79 BRL (Website purchases)",9,66.040427,4205,17259,4199,,
120236955296750690,Post do Instagram: Para finalizar seu dia...,120236955294340690,120236955293860690,1055764606635247,ACTIVE,CAMPAIGN_PAUSED,LINK_CLICKS,2025-12-02T23:50:42-0300,"R$177,47 BRL",21485,17122,1.254818,"R$8,26 BRL",446,"2,08%",2.04794,440,"R$0,40 BRL",9,profile_visit_view,428,"R$0,41 BRL (Instagram profile visits)",,,2201,6350,2204,,
120210935545590690,AD - CARROSSEL FOODPORN 2,120210935506950690,120203967962960690,120210935556710690,ACTIVE,CAMPAIGN_PAUSED,OUTCOME_AWARENESS,2024-08-07T19:47:31-0300,"R$176,86 BRL",136831,35784,3.823804,"R$1,29 BRL",154,"0,11%",0.057735,79,"R$2,24 BRL",1,reach,35784,"R$4,94 BRL (Reach)",2,0.429718,,,,,
120209000223580690,Publicação do Instagram: Todo dia uma promo...,120209000223530690,120209000223500690,120209000222460690,ACTIVE,CAMPAIGN_PAUSED,LINK_CLICKS,2024-05-09T20:53:30-0300,"R$175,97 BRL",42235,18888,2.236076,"R$4,17 BRL",283,"0,67%",0.679531,287,"R$0,61 BRL",5,profile_visit_view,301,"R$0,58 BRL (Instagram profile visits)",,,,,,,
120224524065070690,AD - GÊ BOX (2),120224523597440690,120224523597420690,9843620785733095,ACTIVE,CAMPAIGN_PAUSED,OUTCOME_SALES,2025-05-23T17:57:50-0300,"R$175,64 BRL",12555,10032,1.251495,"R$13,99 BRL",172,"1,37%",0.549582,69,"R$2,55 BRL",8,actions:onsite_conversion.messaging_conversation_started_7d,42,"R$4,18 BRL (Messaging conversations started)",2,0.983831,318,976,149,,
120212788138410690,AD 01,120212332355760690,120212332355730690,120212788302920690,ACTIVE,ADSET_PAUSED,OUTCOME_SALES,2024-10-21T09:55:46-0300,"R$173,81 BRL",17305,7462,2.319083,"R$10,04 BRL",170,"0,98%",0.560532,97,"R$1,79 BRL",66,actions:offsite_conversion.fb_pixel_purchase,32,"R$5,43 BRL (Website purchases)",32,667.450665,551,2477,554,,
120221074221470690,POST - 13/04/25,120221074221490690,120212332355730690,709818184888353,ACTIVE,ADSET_PAUSED,OUTCOME_SALES,2025-04-28T23:14:25-0300,"R$173,47 BRL",27219,12939,2.10364,"R$6,37 BRL",400,"1,47%",0.613542,167,"R$1,04 BRL",122,actions:offsite_conversion.fb_pixel_purchase,14,"R$12,39 BRL (Website purchases)",14,236.725082,1912,3818,829,,
120210935253400690,AD - DUPLA RIB E ONION,120210935253380690,120205274749610690,120210935318190690,ACTIVE,ADSET_PAUSED,OUTCOME_ENGAGEMENT,2024-08-07T19:32:37-0300,"R$171,97 BRL",30356,13808,2.198436,"R$5,67 BRL",376,"1,24%",0.556727,169,"R$1,02 BRL",16,actions:onsite_conversion.messaging_conversation_started_7d,38,"R$4,53 BRL (Messaging conversations started)",2,0.407048,,,,,
120217510222580690,AD 07,120217510222570690,120212792744250690,9506951472681470,PAUSED,PAUSED,OUTCOME_ENGAGEMENT,2025-03-10T13:13:48-0300,"R$170,94 BRL",16947,12995,1.304117,"R$10,09 BRL",127,"0,75%",0.430755,73,"R$2,34 BRL",10,actions:onsite_conversion.messaging_conversation_started_7d,21,"R$8,14 BRL (Messaging conversations started)",2,32.201357,1,24,1,,
120212328880490690,POST - 04/06/24,120212328880470690,120212328880460690,120212330700240690,ACTIVE,CAMPAIGN_PAUSED,OUTCOME_ENGAGEMENT,2024-10-04T16:02:40-0300,"R$165,93 BRL",105230,43800,2.402511,"R$1,58 BRL",141,"0,13%",0.050366,53,"R$3,13 BRL",25,video_thruplay_watched_actions,44328,"R$0,00 BRL (video_thruplay_watched_actions)",,,44328,90856,43761,,
23862127549750689,AD - REELS A VIDA,23862126500040689,23862126496550689,120203968009580690,PAUSED,PAUSED,OUTCOME_ENGAGEMENT,2023-10-17T16:16:36-0300,"R$160,90 BRL",47418,24287,1.952403,"R$3,39 BRL",206,"0,43%",0.126534,60,"R$2,68 BRL",2,actions:post_engagement,14300,"R$0,01 BRL (Post engagements)",,,6813,16405,6613,,
120200283214240690,AD - CUPOM P30,120200283214260690,120200283214200690,120201752897230690,PAUSED,PAUSED,LINK_CLICKS,2023-11-02T00:14:42-0300,"R$158,92 BRL",33472,12555,2.666029,"R$4,75 BRL",387,"1,16%",0.81262,272,"R$0,58 BRL",152,actions:omni_landing_page_view,152,"R$1,05 BRL (Landing page views)",8,1.33369,,,,,
120245078757870690,ADI - Gê Box 6 a 8 de Maio,120245078757860690,120233532885890690,1954043438811455,ACTIVE,ADSET_PAUSED,OUTCOME_SALES,2026-05-06T16:41:27-0300,"R$153,99 BRL",19047,12078,1.577,"R$8,08 BRL",196,"1,03%",0.635271,121,"R$1,27 BRL",10,actions:onsite_conversion.messaging_conversation_started_7d,23,"R$6,70 BRL (Messaging conversations started)",6,1.809208,1,,,,
120217510222660690,AD 08 (PREÇO),120217510222570690,120212792744250690,3979682908974423,ACTIVE,CAMPAIGN_PAUSED,OUTCOME_ENGAGEMENT,2025-03-10T13:13:48-0300,"R$152,47 BRL",25489,13970,1.824553,"R$5,98 BRL",202,"0,79%",0.408019,104,"R$1,47 BRL",8,actions:onsite_conversion.messaging_conversation_started_7d,24,"R$6,35 BRL (Messaging conversations started)",5,76.925953,,,,,
120247895063560690,ADImagem - Ge Para Dois,120247895063580690,120247895063570690,1313439090772956,PAUSED,WITH_ISSUES,OUTCOME_SALES,2026-06-11T21:58:44-0300,"R$149,39 BRL",27229,19311,1.410025,"R$5,49 BRL",175,"0,64%",0.367256,100,"R$1,49 BRL",7,,,Not available (Website purchases),,,,,,actions:offsite_conversion.fb_pixel_purchase,Not available
120212788305790690,AD 01,120212788305810690,120212332355730690,120212788302920690,ACTIVE,ADSET_PAUSED,OUTCOME_SALES,2024-10-21T09:57:58-0300,"R$148,72 BRL",20232,11862,1.705615,"R$7,35 BRL",196,"0,97%",0.420127,85,"R$1,75 BRL",58,actions:offsite_conversion.fb_pixel_purchase,6,"R$24,79 BRL (Website purchases)",6,164.484938,725,3583,727,,
120237617304920690,Post do Instagram: Aqui na Ge tem tudo que você...,120237617301900690,120237617301260690,1195879725262683,ACTIVE,CAMPAIGN_PAUSED,LINK_CLICKS,2025-12-13T22:06:04-0300,"R$146,49 BRL",7231,5437,1.329961,"R$20,26 BRL",223,"3,08%",3.332872,241,"R$0,61 BRL",5,profile_visit_view,248,"R$0,59 BRL (Instagram profile visits)",,,1085,3300,1087,,
120230749821270690,AD - GÊ BOX IMG Novo,120230749821280690,120230749744780690,652564517875429,ACTIVE,CAMPAIGN_PAUSED,OUTCOME_SALES,2025-08-19T17:42:29-0300,"R$143,86 BRL",21480,7574,2.836018,"R$6,70 BRL",162,"0,75%",0.456238,98,"R$1,47 BRL",76,actions:offsite_conversion.fb_pixel_purchase,5,"R$28,77 BRL (Website purchases)",5,2.758237,25,92,22,,
120229891871980690,Post do Instagram: Não gosta de hambúrguer? Sem...,120229891871530690,120229891867760690,1452539712456439,ACTIVE,CAMPAIGN_PAUSED,LINK_CLICKS,2025-08-06T11:40:01-0300,"R$143,53 BRL",16812,10090,1.666204,"R$8,54 BRL",212,"1,26%",1.290745,217,"R$0,66 BRL",2,profile_visit_view,213,"R$0,67 BRL (Instagram profile visits)",,,1050,3316,1052,,
120228304952060690,Publicação do Instagram: Bateu vontade? A gente...,120228304951700690,120228304951650690,627994106443748,ACTIVE,CAMPAIGN_PAUSED,LINK_CLICKS,2025-07-17T11:55:06-0300,"R$143,27 BRL",20029,10906,1.836512,"R$7,15 BRL",154,"0,77%",0.773878,155,"R$0,92 BRL",2,profile_visit_view,161,"R$0,89 BRL (Instagram profile visits)",,,749,3317,749,,
120212331730600690,AD 02,120212331118140690,120212331118100690,120212332080140690,ACTIVE,CAMPAIGN_PAUSED,OUTCOME_ENGAGEMENT,2024-10-04T17:49:39-0300,"R$143,00 BRL",16910,10373,1.630194,"R$8,46 BRL",279,"1,65%",0.591366,100,"R$1,43 BRL",25,actions:onsite_conversion.messaging_conversation_started_7d,58,"R$2,47 BRL (Messaging conversations started)",13,224.513287,765,1956,388,,
120230944808520690,Post do Instagram: Algo de errado não está certo...,120230944808180690,120230944807510690,4310890505800476,ACTIVE,CAMPAIGN_PAUSED,LINK_CLICKS,2025-08-22T12:03:39-0300,"R$142,93 BRL",24661,11724,2.103463,"R$5,80 BRL",233,"0,94%",0.948867,234,"R$0,61 BRL",4,profile_visit_view,236,"R$0,61 BRL (Instagram profile visits)",,,744,1429,640,,
120206480079200690,AD - COMBO DOIS,120203967962990690,120203967962960690,120206480140880690,PAUSED,PAUSED,OUTCOME_AWARENESS,2024-03-07T01:29:52-0300,"R$141,84 BRL",63947,34489,1.854127,"R$2,22 BRL",157,"0,25%",0.126667,81,"R$1,75 BRL",,reach,34489,"R$4,11 BRL (Reach)",,,,,,,
120242342203610690,Post do Instagram: Arrasta pro lado e vê o que te...,120242342202450690,120242342202290690,955882250217330,ACTIVE,CAMPAIGN_PAUSED,LINK_CLICKS,2026-03-22T19:10:17-0300,"R$141,58 BRL",17368,12047,1.441687,"R$8,15 BRL",251,"1,45%",1.427913,248,"R$0,57 BRL",11,profile_visit_view,255,"R$0,56 BRL (Instagram profile visits)",,,,,,,
120241579279930690,"Post do Instagram: O nome dele é Clássico, e você...",120241579268450690,120241579267830690,743159322209573,ACTIVE,CAMPAIGN_PAUSED,LINK_CLICKS,2026-03-04T12:51:57-0300,"R$141,39 BRL",23155,12962,1.786376,"R$6,11 BRL",339,"1,46%",1.494278,346,"R$0,41 BRL",17,profile_visit_view,355,"R$0,40 BRL (Instagram profile visits)",,,2,,,,
120211840809000690,AD - GÊ BOX VÍDEO NOVO,120211840808970690,120211840808940690,120210346106340690,ACTIVE,ADSET_PAUSED,OUTCOME_SALES,2024-09-17T12:55:40-0300,"R$140,30 BRL",21322,17135,1.244354,"R$6,58 BRL",392,"1,84%",0.628459,134,"R$1,05 BRL",99,actions:offsite_conversion.fb_pixel_purchase,12,"R$11,69 BRL (Website purchases)",12,298.837491,1030,2878,486,,
120225007414240690,AD - GÊ BOX (2),120225007414230690,120225007386020690,1864865320960483,ACTIVE,CAMPAIGN_PAUSED,OUTCOME_SALES,2025-05-31T09:18:41-0300,"R$140,25 BRL",17704,10445,1.694974,"R$7,92 BRL",210,"1,19%",0.446227,79,"R$1,78 BRL",62,actions:offsite_conversion.fb_pixel_purchase,11,"R$12,75 BRL (Website purchases)",11,6.633868,278,784,122,,
120211873552180690,AD - GÊ BOX INSTA,120211840808970690,120211840808940690,120211873541330690,ACTIVE,ADSET_PAUSED,OUTCOME_SALES,2024-09-18T17:18:03-0300,"R$139,90 BRL",16870,13162,1.28172,"R$8,29 BRL",383,"2,27%",0.71725,121,"R$1,16 BRL",100,actions:offsite_conversion.fb_pixel_purchase,14,"R$9,99 BRL (Website purchases)",14,374.833452,607,1714,429,,
120232082836360690,AD - Foodporn Teste,120232082836370690,120232081996780690,1957893358367005,ACTIVE,ADSET_PAUSED,OUTCOME_SALES,2025-09-12T15:48:10-0300,"R$138,34 BRL",23800,11212,2.122726,"R$5,81 BRL",320,"1,34%",0.445378,106,"R$1,31 BRL",73,actions:offsite_conversion.fb_pixel_purchase,2,"R$69,17 BRL (Website purchases)",2,1.596791,35,151,32,,
120204239089930690,AD - REELS BURGER DO MÊS,23862126500040689,23862126496550689,120204239210410690,ACTIVE,CAMPAIGN_PAUSED,OUTCOME_ENGAGEMENT,2024-01-18T10:36:22-0300,"R$136,68 BRL",35807,11453,3.12643,"R$3,82 BRL",118,"0,33%",0.114503,41,"R$3,33 BRL",,actions:post_engagement,6597,"R$0,02 BRL (Post engagements)",,,2089,6653,2080,,
120209224081680690,AD - Gê Box,120209224081690690,120209223227360690,120209224639600690,ACTIVE,CAMPAIGN_PAUSED,OUTCOME_SALES,2024-05-15T14:29:39-0300,"R$134,50 BRL",22029,11020,1.999002,"R$6,11 BRL",278,"1,26%",0.408552,90,"R$1,49 BRL",87,actions:offsite_conversion.fb_pixel_purchase,23,"R$5,85 BRL (Website purchases)",23,371.268401,2213,8877,2211,,
120216275500520690,POST - 31/01/25,120212327930300690,120212327930110690,1748168525729047,PAUSED,PAUSED,OUTCOME_ENGAGEMENT,2025-02-21T11:04:33-0300,"R$133,00 BRL",60140,35007,1.717942,"R$2,21 BRL",3797,"6,31%",0.106418,64,"R$2,08 BRL",21,actions:post_engagement,4891,"R$0,03 BRL (Post engagements)",,,,,,,
120224532621740690,AD - GÊ BOX (2),120224532621790690,120224532621730690,9843620785733095,ACTIVE,CAMPAIGN_PAUSED,OUTCOME_SALES,2025-05-23T20:16:19-0300,"R$127,97 BRL",9713,7749,1.253452,"R$13,18 BRL",151,"1,55%",0.617729,60,"R$2,13 BRL",9,actions:onsite_conversion.messaging_conversation_started_7d,30,"R$4,27 BRL (Messaging conversations started)",2,110.336798,248,669,108,,
120244465961100690,ADI - GeTropical1,120243463150390690,120233532885890690,1603510670710191,ACTIVE,ADSET_PAUSED,OUTCOME_SALES,2026-04-27T20:47:39-0300,"R$125,16 BRL",10806,5760,1.876042,"R$11,58 BRL",137,"1,27%",0.758838,82,"R$1,53 BRL",12,actions:onsite_conversion.messaging_conversation_started_7d,32,"R$3,91 BRL (Messaging conversations started)",10,2.265101,6,,,,
120216276613700690,POST - 05/02/25,120212330723260690,120212330723240690,915477200771028,PAUSED,PAUSED,OUTCOME_AWARENESS,2025-02-21T11:17:11-0300,"R$121,40 BRL",107640,51271,2.099432,"R$1,13 BRL",163,"0,15%",0.044593,48,"R$2,53 BRL",20,reach,51271,"R$2,37 BRL (Reach)",,,589,1327,187,,
120237984063520690,AD - CARROSSEL FOODPORN,120237983806680690,120237983806670690,4307111026223786,ACTIVE,CAMPAIGN_PAUSED,OUTCOME_SALES,2025-12-19T15:02:48-0300,"R$123,46 BRL",22249,6697,3.322234,"R$5,55 BRL",143,"0,64%",0.310126,69,"R$1,79 BRL",39,actions:offsite_conversion.fb_pixel_purchase,18,"R$6,86 BRL (Website purchases)",18,6.206869,81,508,81,,
120217686926130690,POST - 21/02/25,120212330723260690,120212330723240690,1193136225704207,ACTIVE,CAMPAIGN_PAUSED,OUTCOME_AWARENESS,2025-03-14T18:02:47-0300,"R$123,44 BRL",120278,63105,1.905998,"R$1,03 BRL",204,"0,17%",0.052379,63,"R$1,96 BRL",32,reach,63105,"R$1,96 BRL (Reach)",,,1827,4023,427,,
120216291532890690,AD 04 (COM PREÇO),120216291532830690,120215485413360690,596184439954834,ACTIVE,CAMPAIGN_PAUSED,OUTCOME_SALES,2025-02-21T14:31:45-0300,"R$122,11 BRL",22356,11877,1.882294,"R$5,46 BRL",183,"0,82%",0.308642,69,"R$1,77 BRL",45,actions:offsite_conversion.fb_pixel_purchase,8,"R$15,26 BRL (Website purchases)",8,188.532471,,1,,,
120228304333710690,AD - GÊ BOX cupom — 02,120228304333700690,120227744207810690,1928714321286915,ACTIVE,CAMPAIGN_PAUSED,OUTCOME_SALES,2025-07-17T11:47:48-0300,"R$121,28 BRL",26408,12062,2.189355,"R$4,59 BRL",133,"0,50%",0.268858,71,"R$1,71 BRL",60,actions:offsite_conversion.fb_pixel_purchase,7,"R$17,33 BRL (Website purchases)",7,4.94723,,,,,
120213290259270690,POST - 17/10/24,120212330723260690,120212330723240690,120213290277440690,PAUSED,PAUSED,OUTCOME_AWARENESS,2024-11-12T13:07:07-0300,"R$116,48 BRL",116949,71179,1.643027,"R$1,00 BRL",421,"0,36%",0.163319,191,"R$0,61 BRL",54,reach,71179,"R$1,64 BRL (Reach)",,,,,,,
120246128160680690,AD - GÊ BOX VÍDEO NOVO,120246128159910690,120246128159740690,1251521047053719,ACTIVE,CAMPAIGN_PAUSED,OUTCOME_SALES,2026-05-20T20:25:11-0300,"R$118,23 BRL",16123,9718,1.659086,"R$7,33 BRL",205,"1,27%",0.61403,99,"R$1,19 BRL",79,actions:offsite_conversion.fb_pixel_purchase,12,"R$9,85 BRL (Website purchases)",12,5.339592,393,1381,161,,
120217510222650690,AD 07 (preço),120217510222570690,120212792744250690,1357028168657265,ACTIVE,CAMPAIGN_PAUSED,OUTCOME_ENGAGEMENT,2025-03-10T13:13:48-0300,"R$113,09 BRL",13866,10512,1.319064,"R$8,16 BRL",90,"0,65%",0.34617,48,"R$2,36 BRL",3,actions:onsite_conversion.messaging_conversation_started_7d,7,"R$16,16 BRL (Messaging conversations started)",2,70.465116,1,,,,
120243915103500690,ADI - GeAmazonico3,120243463150390690,120233532885890690,27084964387762550,PAUSED,PAUSED,OUTCOME_SALES,2026-04-20T22:04:43-0300,"R$112,91 BRL",10759,6406,1.679519,"R$10,49 BRL",105,"0,98%",0.566967,61,"R$1,85 BRL",4,actions:onsite_conversion.messaging_conversation_started_7d,10,"R$11,29 BRL (Messaging conversations started)",2,0.504827,,,,,
120217511906220690,DIA DO CAÇULA (QUINTA-FEIRA),120217511247270690,120212792744250690,1670571680547330,ACTIVE,ADSET_PAUSED,OUTCOME_ENGAGEMENT,2025-03-10T13:47:20-0300,"R$112,56 BRL",13297,7616,1.74593,"R$8,47 BRL",110,"0,83%",0.323381,43,"R$2,62 BRL",1,actions:onsite_conversion.messaging_conversation_started_7d,11,"R$10,23 BRL (Messaging conversations started)",2,94.126688,,,,,
120248477702970690,ADI - Ge Amazônico + fritas,120248476524000690,120248476524020690,4284413191776205,ACTIVE,CAMPAIGN_PAUSED,OUTCOME_SALES,2026-06-19T09:56:30-0300,"R$112,49 BRL",15603,9846,1.584704,"R$7,21 BRL",131,"0,84%",0.422996,66,"R$1,70 BRL",11,actions:offsite_conversion.fb_pixel_purchase,2,"R$56,25 BRL (Website purchases)",2,1.1201,,,,,
120210935506960690,AD - CARROSSEL FOODPORN,120210935506950690,120203967962960690,120210935557030690,ACTIVE,CAMPAIGN_PAUSED,OUTCOME_AWARENESS,2024-08-07T19:47:31-0300,"R$111,98 BRL",86335,30142,2.864276,"R$1,30 BRL",97,"0,11%",0.063705,55,"R$2,04 BRL",,reach,30142,"R$3,72 BRL (Reach)",3,3.643508,,,,,
120213529524260690,AD 05,120213529524270690,120212792744250690,120213529526390690,ACTIVE,ADSET_PAUSED,OUTCOME_ENGAGEMENT,2024-11-22T02:30:33-0300,"R$111,44 BRL",18034,10644,1.694288,"R$6,18 BRL",223,"1,24%",0.582234,105,"R$1,06 BRL",13,actions:onsite_conversion.messaging_conversation_started_7d,38,"R$2,93 BRL (Messaging conversations started)",3,2.234386,,,,,
120243463157910690,ADI - Gê Rib,120243463150390690,120233532885890690,3309439935893508,PAUSED,PAUSED,OUTCOME_SALES,2026-04-13T21:29:36-0300,"R$111,03 BRL",11310,6825,1.657143,"R$9,82 BRL",137,"1,21%",0.636605,72,"R$1,54 BRL",10,actions:onsite_conversion.messaging_conversation_started_7d,30,"R$3,70 BRL (Messaging conversations started)",,,,,,,
120212328431600690,POST - 23/08/24,120212327930300690,120212327930110690,120212328866490690,PAUSED,PAUSED,OUTCOME_ENGAGEMENT,2024-10-04T15:44:08-0300,"R$110,69 BRL",24461,14140,1.729915,"R$4,53 BRL",1938,"7,92%",0.126732,31,"R$3,57 BRL",2,actions:post_engagement,3016,"R$0,04 BRL (Post engagements)",,,,,,,
120246629258170690,ADI - Gê Rib_2691_2,120246629124390690,120245515017160690,1327396952096957,ACTIVE,CAMPAIGN_PAUSED,OUTCOME_SALES,2026-05-26T14:22:36-0300,"R$109,43 BRL",13377,4902,2.728886,"R$8,18 BRL",110,"0,82%",0.553188,74,"R$1,48 BRL",45,actions:offsite_conversion.fb_pixel_purchase,4,"R$27,36 BRL (Website purchases)",4,1.759115,3,,,,
120227735216020690,Publicação do Instagram: Aquela vozinha que fica...,120227735215500690,120227735215460690,711955614933787,ACTIVE,CAMPAIGN_PAUSED,LINK_CLICKS,2025-07-08T12:44:05-0300,"R$108,51 BRL",18799,11158,1.6848,"R$5,77 BRL",198,"1,05%",1.069206,201,"R$0,54 BRL",6,profile_visit_view,203,"R$0,53 BRL (Instagram profile visits)",,,1476,1808,983,,
120227808336290690,Publicação do Instagram: Essa é a nossa GeBurger…...,120227808336090690,120227808335820690,24299056859782655,ACTIVE,CAMPAIGN_PAUSED,LINK_CLICKS,2025-07-09T13:28:18-0300,"R$108,50 BRL",21422,10321,2.075574,"R$5,06 BRL",91,"0,42%",0.424797,91,"R$1,19 BRL",1,profile_visit_view,96,"R$1,13 BRL (Instagram profile visits)",,,547,2686,550,,
120226958063450690,AD - GÊ BOX VÍDEO NOVO,120226958063440690,120226897894620690,120210346106340690,ACTIVE,CAMPAIGN_PAUSED,OUTCOME_SALES,2025-06-26T16:24:50-0300,"R$108,44 BRL",16453,13449,1.223362,"R$6,59 BRL",320,"1,94%",0.656415,108,"R$1,00 BRL",89,actions:offsite_conversion.fb_pixel_purchase,2,"R$54,22 BRL (Website purchases)",2,1.422907,650,2109,265,,
120210099318950690,Publicação do Instagram: Se reunir para comer...,120210099318540690,120210099318520690,120210099317840690,ACTIVE,CAMPAIGN_PAUSED,LINK_CLICKS,2024-06-22T11:23:55-0300,"R$107,85 BRL",20518,11563,1.774453,"R$5,26 BRL",151,"0,74%",0.735939,151,"R$0,71 BRL",4,profile_visit_view,172,"R$0,63 BRL (Instagram profile visits)",,,,,,,
120225007386220690,AD - GÊ BOX (2),120225007386230690,120225007386020690,1864865320960483,ACTIVE,CAMPAIGN_PAUSED,OUTCOME_SALES,2025-05-31T09:18:41-0300,"R$107,76 BRL",13066,8235,1.586642,"R$8,25 BRL",174,"1,33%",0.535742,70,"R$1,54 BRL",65,actions:offsite_conversion.fb_pixel_purchase,8,"R$13,47 BRL (Website purchases)",8,7.435041,215,558,93,,
120200283214220690,AD - GE AMERICAN,120200283214260690,120200283214200690,120200283482520690,ACTIVE,CAMPAIGN_PAUSED,LINK_CLICKS,2023-11-02T00:14:41-0300,"R$106,72 BRL",18100,8377,2.160678,"R$5,90 BRL",239,"1,32%",0.712707,129,"R$0,83 BRL",64,actions:omni_landing_page_view,64,"R$1,67 BRL (Landing page views)",4,0.925787,,,,,
120217686926150690,POST - 26/02/25,120212330723260690,120212330723240690,1329337554852293,ACTIVE,CAMPAIGN_PAUSED,OUTCOME_AWARENESS,2025-03-14T18:02:47-0300,"R$106,38 BRL",102889,57889,1.77735,"R$1,03 BRL",92,"0,0894%",0.023326,24,"R$4,43 BRL",7,reach,57889,"R$1,84 BRL (Reach)",,,450,2078,269,,
120235750598570690,AD - TX,120235750598560690,120235750598550690,2026161178185571,PAUSED,PAUSED,OUTCOME_SALES,2025-11-11T16:39:04-0300,"R$105,00 BRL",15596,6479,2.407162,"R$6,73 BRL",84,"0,54%",0.359066,56,"R$1,88 BRL",37,actions:offsite_conversion.fb_pixel_purchase,6,"R$17,50 BRL (Website purchases)",6,1.978095,,6,,,
120250340145450690,ADI - 3 de jul de 2026,120250340145440690,120250340145410690,876469665297333,ACTIVE,CAMPAIGN_PAUSED,OUTCOME_SALES,2026-08-11T11:54:42-0300,"R$102,38 BRL",11960,3455,3.46165,"R$8,56 BRL",64,"0,54%",0.317726,38,"R$2,69 BRL",16,actions:offsite_conversion.fb_pixel_purchase,2,"R$51,19 BRL (Website purchases)",2,1.132057,217,1219,221,,
120216276613690690,POST - 18/02/25,120212330723260690,120212330723240690,646506354411474,PAUSED,PAUSED,OUTCOME_AWARENESS,2025-02-21T11:17:11-0300,"R$101,54 BRL",93654,49338,1.898212,"R$1,08 BRL",109,"0,12%",0.037372,35,"R$2,90 BRL",10,reach,49338,"R$2,06 BRL (Reach)",,,377,929,113,,
120215485413380690,AD 01,120215485413300690,120215485413360690,120212788302920690,ACTIVE,ADSET_PAUSED,OUTCOME_SALES,2025-02-06T19:37:16-0300,"R$101,15 BRL",13256,9450,1.402751,"R$7,63 BRL",156,"1,18%",0.467713,62,"R$1,63 BRL",36,actions:offsite_conversion.fb_pixel_purchase,10,"R$10,12 BRL (Website purchases)",10,140.982699,594,3248,596,,
120212328431580690,POST - 18/08/24,120212327930300690,120212327930110690,120212328866620690,PAUSED,PAUSED,OUTCOME_ENGAGEMENT,2024-10-04T15:44:08-0300,"R$99,56 BRL",21745,13863,1.568564,"R$4,58 BRL",1160,"5,33%",0.105771,23,"R$4,33 BRL",6,actions:post_engagement,2370,"R$0,04 BRL (Post engagements)",,,,,,,
120236177436990690,AD - Black 02,120236177436980690,120227813792370690,834972112571860,ACTIVE,ADSET_PAUSED,OUTCOME_ENGAGEMENT,2025-11-18T21:56:20-0300,"R$98,18 BRL",29448,18965,1.552755,"R$3,33 BRL",132,"0,45%",0.115458,34,"R$2,89 BRL",,video_thruplay_watched_actions,3668,"R$0,03 BRL (video_thruplay_watched_actions)",,,3668,14256,3593,,
120210562729940690,AD - GÊ BOX VÍDEO NOVO,120210562729950690,120210345926650690,120210562806250690,ACTIVE,ADSET_PAUSED,OUTCOME_SALES,2024-07-17T21:39:42-0300,"R$98,08 BRL",20285,11080,1.830776,"R$4,84 BRL",253,"1,25%",0.483116,98,"R$1,00 BRL",59,actions:offsite_conversion.fb_pixel_purchase,4,"R$24,52 BRL (Website purchases)",4,155.28956,610,2002,238,,
120248922999810690,ADI - Promo Festival,120248922999870690,120248922999800690,1478669467346421,ACTIVE,CAMPAIGN_PAUSED,OUTCOME_SALES,2026-06-25T22:31:57-0300,"R$97,28 BRL",10827,4135,2.61838,"R$8,98 BRL",107,"0,99%",0.591115,64,"R$1,52 BRL",46,actions:offsite_conversion.fb_pixel_purchase,6,"R$16,21 BRL (Website purchases)",6,3.11472,5,3,1,,
120227026383760690,AD - 3 BURGERS,120227026383670690,120227026383680690,1375780710805764,ACTIVE,CAMPAIGN_PAUSED,OUTCOME_SALES,2025-06-27T20:57:27-0300,"R$97,27 BRL",17893,5610,3.189483,"R$5,44 BRL",138,"0,77%",0.234729,42,"R$2,32 BRL",29,actions:offsite_conversion.fb_pixel_purchase,10,"R$9,73 BRL (Website purchases)",10,8.873239,4,24,4,,
120212030117250690,AD - GE WEEK SETEMBRO,120205274749630690,120205274749610690,120212030532870690,PAUSED,PAUSED,OUTCOME_ENGAGEMENT,2024-09-24T21:59:19-0300,"R$96,41 BRL",9504,6525,1.456552,"R$10,14 BRL",177,"1,86%",0.757576,72,"R$1,34 BRL",7,actions:onsite_conversion.messaging_conversation_started_7d,33,"R$2,92 BRL (Messaging conversations started)",9,332.848978,,,,,
23859402361850689,AD - 4 BURGERS,23859402361840689,23859395383330689,23859406561630689,ACTIVE,CAMPAIGN_PAUSED,OUTCOME_SALES,2023-09-27T15:01:51-0300,"R$95,60 BRL",10239,1668,6.138489,"R$9,34 BRL",147,"1,44%",0.34183,35,"R$2,73 BRL",24,actions:offsite_conversion.fb_pixel_purchase,7,"R$13,66 BRL (Website purchases)",7,2.82364,,,,,
120210935253390690,AD - GÊ BOX,120210935253380690,120205274749610690,120209459158150690,PAUSED,PAUSED,OUTCOME_ENGAGEMENT,2024-08-07T19:32:37-0300,"R$93,51 BRL",17315,9471,1.828212,"R$5,40 BRL",147,"0,85%",0.363846,63,"R$1,48 BRL",1,actions:onsite_conversion.messaging_conversation_started_7d,13,"R$7,19 BRL (Messaging conversations started)",6,184.037001,2,1,,,
120242856313930690,ADI - Gê Tropical - GW,120239568773410690,120239568773420690,2446042012519648,PAUSED,PAUSED,OUTCOME_SALES,2026-03-31T16:51:59-0300,"R$93,47 BRL",16486,9907,1.664076,"R$5,67 BRL",245,"1,49%",0.740022,122,"R$0,77 BRL",93,actions:offsite_conversion.fb_pixel_purchase,14,"R$6,68 BRL (Website purchases)",14,4.716487,4,1,,,
120235753516220690,AD - G10,120235750598560690,120235750598550690,1567337484276828,ACTIVE,CAMPAIGN_PAUSED,OUTCOME_SALES,2025-11-11T16:39:04-0300,"R$92,28 BRL",12415,6605,1.879637,"R$7,43 BRL",103,"0,83%",0.563834,70,"R$1,32 BRL",55,actions:offsite_conversion.fb_pixel_purchase,2,"R$46,14 BRL (Website purchases)",2,0.708713,1,,,,
120227813595410690,AD - GÊ BOX cupom — 02,120227744207850690,120227744207810690,1928714321286915,ACTIVE,CAMPAIGN_PAUSED,OUTCOME_SALES,2025-07-09T15:24:46-0300,"R$90,69 BRL",16193,7717,2.098354,"R$5,60 BRL",125,"0,77%",0.358179,58,"R$1,56 BRL",43,actions:offsite_conversion.fb_pixel_purchase,1,"R$90,69 BRL (Website purchases)",1,0.634028,1,1,,,
120239805472470690,AD - Gê Onion,120239805472450690,120239805472460690,1427789718710614,ACTIVE,CAMPAIGN_PAUSED,OUTCOME_SALES,2026-01-26T12:23:27-0300,"R$89,93 BRL",15636,9429,1.658288,"R$5,75 BRL",94,"0,60%",0.358148,56,"R$1,61 BRL",30,actions:offsite_conversion.fb_pixel_purchase,8,"R$11,24 BRL (Website purchases)",8,3.045702,3,,,,
120201750880640690,AD - CUPOM P30,120201750879620690,120201750879600690,120201752728210690,ACTIVE,CAMPAIGN_PAUSED,OUTCOME_AWARENESS,2023-12-06T15:55:54-0300,"R$89,34 BRL",86319,23755,3.633719,"R$1,03 BRL",94,"0,11%",0.074144,64,"R$1,40 BRL",21,reach,23755,"R$3,76 BRL (Reach)",2,1.602865,,,,,
120245078887440690,ADI - Gê Box 6 a 8 de Maio,120245078887430690,120245078887450690,1529545805367565,ACTIVE,CAMPAIGN_PAUSED,OUTCOME_SALES,2026-05-06T17:04:50-0300,"R$87,23 BRL",14457,9794,1.476108,"R$6,03 BRL",190,"1,31%",0.767794,111,"R$0,79 BRL",92,actions:offsite_conversion.fb_pixel_purchase,6,"R$14,54 BRL (Website purchases)",6,2.598877,2,,,,
120210935253420690,AD - CARROSSEL FOODPORN,120210935253380690,120205274749610690,120210935307640690,ACTIVE,ADSET_PAUSED,OUTCOME_ENGAGEMENT,2024-08-07T19:31:43-0300,"R$84,51 BRL",10015,5893,1.699474,"R$8,44 BRL",76,"0,76%",0.339491,34,"R$2,49 BRL",2,actions:onsite_conversion.messaging_conversation_started_7d,13,"R$6,50 BRL (Messaging conversations started)",1,0.720625,,,,,
120244466071800690,ADI - GeTropical1,120244466015310690,120243462107720690,27770898922498750,ACTIVE,ADSET_PAUSED,OUTCOME_SALES,2026-04-27T20:55:40-0300,"R$82,66 BRL",9391,4969,1.889917,"R$8,80 BRL",135,"1,44%",0.947716,89,"R$0,93 BRL",72,actions:offsite_conversion.fb_pixel_purchase,13,"R$6,36 BRL (Website purchases)",13,6.867893,6,,,,
120245243455440690,ADI - FoodPorn,120245243455430690,120245243455420690,990870960073622,ACTIVE,CAMPAIGN_PAUSED,OUTCOME_AWARENESS,2026-05-08T20:15:49-0300,"R$81,86 BRL",67833,25352,2.675647,"R$1,21 BRL",198,"0,29%",0.175431,119,"R$0,69 BRL",,reach,25352,"R$3,23 BRL (Reach)",,,,,,,
120208999454780690,AD - Ge Rib,120208994788280690,120203967962960690,120208999574540690,PAUSED,PAUSED,OUTCOME_AWARENESS,2024-05-09T20:19:44-0300,"R$81,35 BRL",64015,21655,2.95613,"R$1,27 BRL",116,"0,18%",0.074982,48,"R$1,69 BRL",17,reach,21655,"R$3,76 BRL (Reach)",,,,,,,
120232260613350690,AD - Foodporn Teste,120232260613360690,120232081996780690,2208594429608524,ACTIVE,CAMPAIGN_PAUSED,OUTCOME_SALES,2025-09-15T17:11:08-0300,"R$81,29 BRL",11012,7273,1.514093,"R$7,38 BRL",141,"1,28%",0.653832,72,"R$1,13 BRL",7,actions:onsite_conversion.messaging_conversation_started_7d,24,"R$3,39 BRL (Messaging conversations started)",,,,,,,
120210151397840690,AD - GE Week 06,120205274749630690,120205274749610690,120210151403200690,PAUSED,PAUSED,OUTCOME_ENGAGEMENT,2024-06-25T18:02:01-0300,"R$77,59 BRL",8237,4924,1.672827,"R$9,42 BRL",90,"1,09%",0.509894,42,"R$1,85 BRL",3,actions:onsite_conversion.messaging_conversation_started_7d,16,"R$4,85 BRL (Messaging conversations started)",2,116.373244,,,,,
23856812927160689,AD-01,23856812927110689,23856812927060689,23856813058340689,ACTIVE,CAMPAIGN_PAUSED,LINK_CLICKS,2023-07-29T19:02:20-0300,"R$77,10 BRL",11396,7106,1.603715,"R$6,77 BRL",131,"1,15%",0.508951,58,"R$1,33 BRL",6,actions:onsite_conversion.messaging_conversation_started_7d,22,"R$3,50 BRL (Messaging conversations started)",1,,,,,,
120243096733700690,AD - Novo 07.04.26,120239568773410690,120239568773420690,1642114873608033,PAUSED,PAUSED,OUTCOME_SALES,2026-04-05T22:21:09-0300,"R$77,06 BRL",10682,5145,2.07619,"R$7,21 BRL",85,"0,80%",0.402546,43,"R$1,79 BRL",32,actions:offsite_conversion.fb_pixel_purchase,4,"R$19,27 BRL (Website purchases)",4,1.814171,174,766,133,,
120242540333200690,ADReels - GeRib,120225170496280690,120225170496270690,1318797193424764,ACTIVE,CAMPAIGN_PAUSED,OUTCOME_AWARENESS,2026-03-26T13:40:58-0300,"R$76,64 BRL",74323,56725,1.310234,"R$1,03 BRL",185,"0,25%",0.065928,49,"R$1,56 BRL",19,reach,56725,"R$1,35 BRL (Reach)",1,,728,549,46,,
120216285984110690,AD 08 (PREÇO),120214475387120690,120212792744250690,2719818525072611,ACTIVE,ADSET_PAUSED,OUTCOME_ENGAGEMENT,2025-02-21T14:10:04-0300,"R$74,33 BRL",11219,6859,1.635661,"R$6,63 BRL",83,"0,74%",0.356538,40,"R$1,86 BRL",4,actions:onsite_conversion.messaging_conversation_started_7d,14,"R$5,31 BRL (Messaging conversations started)",,,,,,,
120217686497890690,AD 07,120217686497960690,120215485413360690,532297633209154,ACTIVE,CAMPAIGN_PAUSED,OUTCOME_SALES,2025-03-14T17:21:37-0300,"R$73,18 BRL",11899,7823,1.521028,"R$6,15 BRL",168,"1,41%",0.72275,86,"R$0,85 BRL",46,actions:offsite_conversion.fb_pixel_purchase,2,"R$36,59 BRL (Website purchases)",2,139.327685,,,,,
120245681220300690,ADI - FoodPorn,120245681220290690,120233532885890690,35276806355298386,ACTIVE,ADSET_PAUSED,OUTCOME_SALES,2026-05-14T20:25:26-0300,"R$72,69 BRL",10816,10091,1.071846,"R$6,72 BRL",122,"1,13%",0.66568,72,"R$1,01 BRL",6,actions:onsite_conversion.messaging_conversation_started_7d,17,"R$4,28 BRL (Messaging conversations started)",,,,,,,
120201753065610690,AD - CUPOM,120201753065590690,120201753065600690,120201753755170690,ACTIVE,CAMPAIGN_PAUSED,OUTCOME_SALES,2023-12-06T16:09:56-0300,"R$75,00 BRL",15604,5564,2.804457,"R$4,81 BRL",119,"0,76%",0.320431,50,"R$1,50 BRL",33,actions:offsite_conversion.fb_pixel_purchase,4,"R$18,75 BRL (Website purchases)",4,0.767467,,,,,
120208291885700690,AD - Ge 2.0,120208291885670690,120203967962960690,120208034693830690,ACTIVE,ADSET_PAUSED,OUTCOME_AWARENESS,2024-04-17T14:52:34-0300,"R$72,08 BRL",59123,14033,4.21314,"R$1,22 BRL",76,"0,13%",0.069347,41,"R$1,76 BRL",,reach,14033,"R$5,14 BRL (Reach)",,,4,,,,
120209459063670690,AD - GÊ BOX,120208999670750690,120205274749610690,120209459158150690,ACTIVE,ADSET_PAUSED,OUTCOME_ENGAGEMENT,2024-05-21T12:20:31-0300,"R$71,68 BRL",10180,5982,1.701772,"R$7,04 BRL",183,"1,80%",0.6778,69,"R$1,04 BRL",8,actions:onsite_conversion.messaging_conversation_started_7d,9,"R$7,96 BRL (Messaging conversations started)",4,256.0226,2,1,,,
120212328431590690,POST - 20/07/24,120212327930300690,120212327930110690,120212328866730690,PAUSED,PAUSED,OUTCOME_ENGAGEMENT,2024-10-04T15:44:08-0300,"R$70,11 BRL",12246,7417,1.651072,"R$5,73 BRL",756,"6,17%",0.367467,45,"R$1,56 BRL",,actions:post_engagement,1806,"R$0,04 BRL (Post engagements)",,,,,,,
120225007414250690,AD - Ge Rib,120225007414230690,120225007386020690,1756125121968976,ACTIVE,CAMPAIGN_PAUSED,OUTCOME_SALES,2025-05-31T09:18:40-0300,"R$69,50 BRL",7883,3815,2.066317,"R$8,82 BRL",65,"0,82%",0.317138,25,"R$2,78 BRL",17,actions:offsite_conversion.fb_pixel_purchase,1,"R$69,50 BRL (Website purchases)",1,1.539568,103,190,24,,
120243700970780690,ADI - GêBox Dia do Amigo,120239568773410690,120239568773420690,3947940092014241,PAUSED,PAUSED,OUTCOME_SALES,2026-04-17T23:26:02-0300,"R$69,45 BRL",10180,6710,1.517139,"R$6,82 BRL",143,"1,40%",0.766208,78,"R$0,89 BRL",69,actions:offsite_conversion.fb_pixel_purchase,14,"R$4,96 BRL (Website purchases)",14,7.016559,4,2,,,
120245245253730690,ADI - FoodPorn,120245245253720690,120245243455420690,988686247181465,ACTIVE,CAMPAIGN_PAUSED,OUTCOME_AWARENESS,2026-05-08T20:16:53-0300,"R$68,66 BRL",57916,23555,2.458756,"R$1,19 BRL",158,"0,27%",0.186477,108,"R$0,64 BRL",1,reach,23555,"R$2,91 BRL (Reach)",,,,,,,
120227026383730690,AD - GÊ BOX VÍDEO NOVO,120227026383670690,120227026383680690,120210346106340690,ACTIVE,CAMPAIGN_PAUSED,OUTCOME_SALES,2025-06-27T20:57:27-0300,"R$68,59 BRL",11558,6789,1.70246,"R$5,93 BRL",160,"1,38%",0.553729,64,"R$1,07 BRL",47,actions:offsite_conversion.fb_pixel_purchase,4,"R$17,15 BRL (Website purchases)",4,4.900131,306,953,119,,
120250172812570690,ADI - GeBox Prime CTA,120250172812590690,120250172812560690,1697834014805080,ACTIVE,CAMPAIGN_PAUSED,OUTCOME_SALES,2026-08-04T22:50:15-0300,"R$68,35 BRL",7647,3521,2.171826,"R$8,94 BRL",79,"1,03%",0.653851,50,"R$1,37 BRL",32,actions:offsite_conversion.fb_pixel_purchase,3,"R$22,78 BRL (Website purchases)",3,1.362107,2,1,,,
120213290168300690,POST - 07/11/24,120212330723260690,120212330723240690,120213290277830690,PAUSED,PAUSED,OUTCOME_AWARENESS,2024-11-12T13:07:07-0300,"R$68,01 BRL",71434,47436,1.505903,"R$0,95 BRL",135,"0,19%",0.046196,33,"R$2,06 BRL",14,reach,47436,"R$1,43 BRL (Reach)",,,901,5597,869,,
120221074221480690,POST -19/04/25,120221074221490690,120212332355730690,1197182045045131,ACTIVE,ADSET_PAUSED,OUTCOME_SALES,2025-04-28T23:14:25-0300,"R$66,93 BRL",7252,3795,1.910935,"R$9,23 BRL",68,"0,94%",0.330943,24,"R$2,79 BRL",21,actions:offsite_conversion.fb_pixel_purchase,2,"R$33,47 BRL (Website purchases)",2,165.239803,95,158,29,,
120240345524790690,AD - Novo 05.02.26_1,120240345524810690,120240345524780690,3955183974612784,ACTIVE,CAMPAIGN_PAUSED,OUTCOME_SALES,2026-02-05T22:59:04-0300,"R$65,48 BRL",7572,3081,2.457644,"R$8,65 BRL",57,"0,75%",0.356577,27,"R$2,43 BRL",24,actions:offsite_conversion.fb_pixel_purchase,2,"R$32,74 BRL (Website purchases)",2,1.450825,99,392,72,,
120213290259260690,POST - 19/10/24,120212330723260690,120212330723240690,120213290277550690,PAUSED,PAUSED,OUTCOME_AWARENESS,2024-11-12T13:07:07-0300,"R$58,49 BRL",60803,37886,1.604894,"R$0,96 BRL",78,"0,13%",0.052629,32,"R$1,83 BRL",11,reach,37886,"R$1,54 BRL (Reach)",,,,,,,
120225343781450690,Publicação do Instagram: Um ASMR de respeito da...,120225343781000690,120225343780620690,1383281892919596,ACTIVE,CAMPAIGN_PAUSED,LINK_CLICKS,2025-06-05T20:13:47-0300,"R$59,73 BRL",9025,6577,1.372206,"R$6,62 BRL",172,"1,91%",1.916898,173,"R$0,35 BRL",16,profile_visit_view,180,"R$0,33 BRL (Instagram profile visits)",,,801,1078,133,,
120209684663500690,AD - GE Week 05,120208994788280690,120203967962960690,120209684863090690,PAUSED,PAUSED,OUTCOME_AWARENESS,2024-05-29T17:05:36-0300,"R$59,37 BRL",39331,17226,2.283235,"R$1,51 BRL",95,"0,24%",0.101701,40,"R$1,48 BRL",13,reach,17226,"R$3,45 BRL (Reach)",,,,,,,
120224820824100690,AD - GÊ Week Maio,120224820824110690,120224443839790690,1019471270170116,ACTIVE,CAMPAIGN_PAUSED,OUTCOME_SALES,2025-05-27T21:03:45-0300,"R$58,40 BRL",6835,5137,1.330543,"R$8,54 BRL",123,"1,80%",0.643745,44,"R$1,33 BRL",36,actions:offsite_conversion.fb_pixel_purchase,4,"R$14,60 BRL (Website purchases)",4,232.957192,141,277,56,,
120201261144120690,AD - OFERTA,120201261144080690,120201261144000690,120201261407730690,ACTIVE,ADSET_PAUSED,OUTCOME_SALES,2023-11-28T20:31:05-0300,"R$58,03 BRL",10099,5972,1.691058,"R$5,75 BRL",56,"0,55%",0.188137,19,"R$3,05 BRL",9,actions:offsite_conversion.fb_pixel_purchase,3,"R$19,34 BRL (Website purchases)",3,1.060658,184,1004,184,,
120212990945920690,AD 03,120212332355760690,120212332355730690,120213674969290690,PAUSED,PAUSED,OUTCOME_SALES,2024-10-30T14:18:47-0300,"R$58,01 BRL",4882,2811,1.736748,"R$11,88 BRL",92,"1,88%",0.880787,43,"R$1,35 BRL",31,actions:offsite_conversion.fb_pixel_purchase,13,"R$4,46 BRL (Website purchases)",13,563.674884,1,,,,
120234831310150690,"Anúncio de Visitas ao perfil do Instagram: A GE WEEK chegou com tudo! 

O Ultra Egg Bacon...",120234831307780690,120234831306800690,748657844891723,ACTIVE,CAMPAIGN_PAUSED,LINK_CLICKS,2025-10-27T19:22:32-0300,"R$56,87 BRL",5873,4969,1.181928,"R$9,68 BRL",102,"1,74%",1.80487,106,"R$0,54 BRL",4,profile_visit_view,109,"R$0,52 BRL (Instagram profile visits)",,,310,1212,310,,
120217510222600690,AD 09,120217510222570690,120212792744250690,661350576250168,PAUSED,PAUSED,OUTCOME_ENGAGEMENT,2025-03-10T13:13:48-0300,"R$56,81 BRL",5946,3834,1.550861,"R$9,55 BRL",54,"0,91%",0.470905,28,"R$2,03 BRL",1,actions:onsite_conversion.messaging_conversation_started_7d,2,"R$28,41 BRL (Messaging conversations started)",,,,1,,,
120249893916720690,ADV - Burgers 23.07,120246128291460690,120246128288360690,999222242950851,PAUSED,PAUSED,OUTCOME_SALES,2026-07-23T15:22:33-0300,"R$51,98 BRL",4969,1948,2.550821,"R$10,46 BRL",52,"1,05%",0.764741,38,"R$1,37 BRL",19,actions:offsite_conversion.fb_pixel_purchase,2,"R$25,99 BRL (Website purchases)",2,2.577915,120,440,121,,
120226196734840690,AD - GÊ BOX (2),120226196734850690,120226196734670690,1864865320960483,ACTIVE,CAMPAIGN_PAUSED,OUTCOME_SALES,2025-06-15T18:24:03-0300,"R$51,90 BRL",7943,7065,1.124275,"R$6,53 BRL",69,"0,87%",0.41546,33,"R$1,57 BRL",24,actions:offsite_conversion.fb_pixel_purchase,1,"R$51,90 BRL (Website purchases)",1,1.734104,110,298,46,,
120206479885170690,AD - COMBO DOIS,120205274749630690,120205274749610690,120206480048050690,PAUSED,PAUSED,OUTCOME_ENGAGEMENT,2024-03-07T01:23:24-0300,"R$51,04 BRL",6644,3504,1.896119,"R$7,68 BRL",76,"1,14%",0.316075,21,"R$2,43 BRL",1,actions:onsite_conversion.messaging_conversation_started_7d,5,"R$10,21 BRL (Messaging conversations started)",4,450.779781,,,,,
120234829090100690,Anúncio de Visitas ao perfil do Instagram: O momento mais esperado do dia chegou: HAPPY...,120234829085370690,120234829085020690,1554278612593028,ACTIVE,CAMPAIGN_PAUSED,LINK_CLICKS,2025-10-27T18:29:54-0300,"R$50,98 BRL",3594,2976,1.207661,"R$14,18 BRL",40,"1,11%",1.112966,40,"R$1,27 BRL",,profile_visit_view,42,"R$1,21 BRL (Instagram profile visits)",,,114,531,114,,
120217907552000690,AD 03,120217906270330690,120217906270310690,2418657635161181,ACTIVE,CAMPAIGN_PAUSED,OUTCOME_SALES,2025-03-21T15:00:14-0300,"R$50,86 BRL",5704,2696,2.115727,"R$8,92 BRL",55,"0,96%",0.438289,25,"R$2,03 BRL",13,actions:offsite_conversion.fb_pixel_purchase,5,"R$10,17 BRL (Website purchases)",5,482.707432,91,227,38,,
120224523597400690,AD - GÊ BOX (2),120224523597470690,120224523597420690,9843620785733095,ACTIVE,CAMPAIGN_PAUSED,OUTCOME_SALES,2025-05-23T17:52:15-0300,"R$50,74 BRL",3557,2641,1.346838,"R$14,26 BRL",49,"1,38%",0.702839,25,"R$2,03 BRL",4,actions:onsite_conversion.messaging_conversation_started_7d,13,"R$3,90 BRL (Messaging conversations started)",3,6.330311,73,245,27,,
120242056504040690,ADI - GêBox Consumidor,120239568773410690,120239568773420690,2012039299742634,PAUSED,PAUSED,OUTCOME_SALES,2026-03-15T14:21:44-0300,"R$50,18 BRL",7383,4734,1.559569,"R$6,80 BRL",120,"1,63%",0.880401,65,"R$0,77 BRL",55,actions:offsite_conversion.fb_pixel_purchase,8,"R$6,27 BRL (Website purchases)",8,7.544839,5,16,4,,
120225786853970690,AD - Dia dos Namorados,120225786853680690,120225786853640690,1451768285990251,ACTIVE,CAMPAIGN_PAUSED,OUTCOME_SALES,2025-06-11T13:36:25-0300,"R$50,00 BRL",9585,6184,1.549968,"R$5,22 BRL",69,"0,72%",0.271257,26,"R$1,92 BRL",21,actions:offsite_conversion.fb_pixel_purchase,2,"R$25,00 BRL (Website purchases)",2,4.14,2,,,,
120231193241480690,AD - Gê Week,120231193241490690,120225170496270690,626648270499109,ACTIVE,ADSET_PAUSED,OUTCOME_AWARENESS,2025-08-26T11:34:44-0300,"R$49,64 BRL",20284,18930,1.071527,"R$2,45 BRL",47,"0,23%",0.20706,42,"R$1,18 BRL",19,reach,18930,"R$2,62 BRL (Reach)",,,,,,,
120240345836100690,AD - Novo 05.02.26_2,120240345524810690,120240345524780690,2181118905967940,ACTIVE,CAMPAIGN_PAUSED,OUTCOME_SALES,2026-02-05T22:59:04-0300,"R$49,13 BRL",8717,4674,1.864998,"R$5,64 BRL",80,"0,92%",0.56212,49,"R$1,00 BRL",21,actions:offsite_conversion.fb_pixel_purchase,2,"R$24,57 BRL (Website purchases)",2,0.773458,120,561,105,,
120227026444920690,AD - 3 BURGERS,120227026444910690,120227026383680690,2176603029444402,ACTIVE,CAMPAIGN_PAUSED,OUTCOME_SALES,2025-06-27T20:57:27-0300,"R$49,16 BRL",11146,4560,2.444298,"R$4,41 BRL",85,"0,76%",0.215324,24,"R$2,05 BRL",17,actions:offsite_conversion.fb_pixel_purchase,3,"R$16,39 BRL (Website purchases)",3,5.506509,3,23,3,,
120249997372970690,"ADI - Ge Salad R$ 24,20",120249993377410690,120249993377400690,2083075685629652,ACTIVE,CAMPAIGN_PAUSED,OUTCOME_SALES,2026-07-28T16:35:08-0300,"R$48,31 BRL",5406,2392,2.260033,"R$8,94 BRL",48,"0,89%",0.425453,23,"R$2,10 BRL",11,,,Not available (Website purchases),,,,,,actions:offsite_conversion.fb_pixel_purchase,Not available
120233927941950690,AD - Novo 01,120233927906850690,120233532885890690,1327481731942101,ACTIVE,ADSET_PAUSED,OUTCOME_SALES,2025-10-14T14:43:30-0300,"R$48,16 BRL",2179,1673,1.302451,"R$22,10 BRL",27,"1,24%",0.550711,12,"R$4,01 BRL",3,actions:onsite_conversion.messaging_conversation_started_7d,4,"R$12,04 BRL (Messaging conversations started)",2,1.391196,56,155,46,,
120236955146160690,AD - Novo 04,120236955146200690,120236955146140690,706314742036956,ACTIVE,CAMPAIGN_PAUSED,OUTCOME_SALES,2025-12-02T23:47:09-0300,"R$47,64 BRL",6194,4235,1.462574,"R$7,69 BRL",75,"1,21%",0.516629,32,"R$1,49 BRL",25,,,Not available (Website purchases),,,86,300,57,actions:offsite_conversion.fb_pixel_purchase,Not available
120212330841220690,POST - 17/09/24,120212330723260690,120212330723240690,120212331065220690,PAUSED,PAUSED,OUTCOME_AWARENESS,2024-10-04T16:27:47-0300,"R$46,31 BRL",43170,31406,1.374578,"R$1,07 BRL",150,"0,35%",0.081075,35,"R$1,32 BRL",21,reach,31406,"R$1,47 BRL (Reach)",,,367,1403,240,,
120224444941400690,AD - GÊ BOX (2),120224444941420690,120224443839790690,4038301119774131,ACTIVE,ADSET_PAUSED,OUTCOME_SALES,2025-05-22T18:34:58-0300,"R$46,57 BRL",5237,4382,1.195116,"R$8,89 BRL",81,"1,55%",0.706511,37,"R$1,26 BRL",27,,,Not available (Website purchases),,,184,534,92,actions:offsite_conversion.fb_pixel_purchase,Not available
120212991279000690,AD 06,120212792744360690,120212792744250690,120212991344830690,PAUSED,PAUSED,OUTCOME_ENGAGEMENT,2024-10-30T14:25:15-0300,"R$46,48 BRL",4810,2871,1.675374,"R$9,66 BRL",70,"1,46%",0.623701,30,"R$1,55 BRL",5,actions:onsite_conversion.messaging_conversation_started_7d,18,"R$2,58 BRL (Messaging conversations started)",2,179.357573,1,4,,,
120213529524230690,AD 06,120213529524270690,120212792744250690,120213693185850690,PAUSED,PAUSED,OUTCOME_ENGAGEMENT,2024-11-22T02:30:33-0300,"R$46,45 BRL",3940,2753,1.431166,"R$11,79 BRL",51,"1,29%",0.507614,20,"R$2,32 BRL",4,actions:onsite_conversion.messaging_conversation_started_7d,27,"R$1,72 BRL (Messaging conversations started)",,,,,,,
23859395383640689,AD - 2 BURGERS,23859395383490689,23859395383330689,23859406561570689,ACTIVE,ADSET_PAUSED,OUTCOME_SALES,2023-09-27T15:01:51-0300,"R$46,06 BRL",10737,5750,1.867304,"R$4,29 BRL",192,"1,79%",0.428425,46,"R$1,00 BRL",31,actions:offsite_conversion.fb_pixel_purchase,2,"R$23,03 BRL (Website purchases)",2,0.784629,,,,,
120216291532840690,AD 01,120216291532830690,120215485413360690,120212788302920690,ACTIVE,CAMPAIGN_PAUSED,OUTCOME_SALES,2025-02-21T14:31:45-0300,"R$45,05 BRL",6532,5228,1.249426,"R$6,90 BRL",98,"1,50%",0.627679,41,"R$1,10 BRL",24,actions:offsite_conversion.fb_pixel_purchase,4,"R$11,26 BRL (Website purchases)",4,621.562708,293,1632,293,,
120203536202800690,AD - GE WEEK,120203536202850690,120203536202810690,120203536352890690,ACTIVE,CAMPAIGN_PAUSED,OUTCOME_ENGAGEMENT,2023-12-26T10:27:26-0300,"R$45,00 BRL",7092,5260,1.348289,"R$6,35 BRL",93,"1,31%",0.437112,31,"R$1,45 BRL",2,actions:onsite_conversion.messaging_conversation_started_7d,15,"R$3,00 BRL (Messaging conversations started)",6,2.911111,,,,,
120205859089070690,Publicação do Instagram: Sexta-feira tem Ge Salad...,120205859088520690,120205859088470690,120205859087800690,PAUSED,PAUSED,LINK_CLICKS,2024-02-23T11:55:43-0300,"R$44,86 BRL",12442,10261,1.212552,"R$3,61 BRL",280,"2,25%",2.073622,258,"R$0,17 BRL",,actions:link_click,258,"R$0,17 BRL (Link clicks)",,,,,,,
120232081996850690,AD - GÊ BOX cupom — 02,120232081996860690,120232081996780690,1928714321286915,ACTIVE,ADSET_PAUSED,OUTCOME_SALES,2025-09-12T15:48:19-0300,"R$44,47 BRL",6094,4142,1.47127,"R$7,30 BRL",20,"0,33%",0.196915,12,"R$3,71 BRL",6,,,Not available (Website purchases),,,1,,,actions:offsite_conversion.fb_pixel_purchase,Not available
120232082734080690,AD - GÊ BOX cupom,120232082734090690,120232081996780690,800826219292547,ACTIVE,ADSET_PAUSED,OUTCOME_SALES,2025-09-12T15:48:10-0300,"R$44,20 BRL",4521,3789,1.193191,"R$9,78 BRL",47,"1,04%",0.530856,24,"R$1,84 BRL",17,,,Not available (Website purchases),,,1,,,actions:offsite_conversion.fb_pixel_purchase,Not available
120249693070210690,AD - GÊ BOX VÍDEO NOVO,120249693070190690,120249693070200690,1641795603577233,ACTIVE,CAMPAIGN_PAUSED,OUTCOME_SALES,2026-07-14T17:21:32-0300,"R$44,10 BRL",5679,2831,2.006005,"R$7,77 BRL",55,"0,97%",0.475436,27,"R$1,63 BRL",17,actions:offsite_conversion.fb_pixel_purchase,2,"R$22,05 BRL (Website purchases)",2,2.0839,126,390,46,,
120209223928540690,AD - Ge Onion e Ge Rib,120209223227640690,120209223227360690,120209224716100690,ACTIVE,ADSET_PAUSED,OUTCOME_SALES,2024-05-15T14:31:24-0300,"R$43,83 BRL",10873,6774,1.605108,"R$4,03 BRL",96,"0,88%",0.34949,38,"R$1,15 BRL",24,,,Not available (Website purchases),,,,,,actions:offsite_conversion.fb_pixel_purchase,Not available
120241991749180690,AReels - 13.03.2026,120241991749190690,120241991749200690,782973804506713,ACTIVE,CAMPAIGN_PAUSED,OUTCOME_AWARENESS,2026-03-13T23:33:21-0300,"R$43,54 BRL",28836,18898,1.525876,"R$1,51 BRL",6,"0,0208%",0.003468,1,"R$43,54 BRL",,estimated_ad_recallers,1400,"R$0,03 BRL (Ad recall lift)",,,165,734,165,,
120216288636080690,AD 10,120214475387120690,120212792744250690,1307511483628094,ACTIVE,ADSET_PAUSED,OUTCOME_ENGAGEMENT,2025-02-21T14:10:04-0300,"R$42,52 BRL",5016,3264,1.536765,"R$8,48 BRL",88,"1,75%",0.73764,37,"R$1,15 BRL",4,actions:onsite_conversion.messaging_conversation_started_7d,18,"R$2,36 BRL (Messaging conversations started)",,,,,,,
120216291532860690,AD 05 (COM PREÇO),120216291532830690,120215485413360690,1820587968481787,ACTIVE,CAMPAIGN_PAUSED,OUTCOME_SALES,2025-02-21T14:31:45-0300,"R$42,12 BRL",6973,4417,1.578673,"R$6,04 BRL",48,"0,69%",0.301162,21,"R$2,01 BRL",6,actions:offsite_conversion.fb_pixel_purchase,4,"R$10,53 BRL (Website purchases)",4,9.354226,1,1,,,
120250462200720690,Post do Instagram: Ge Classic chega conquistando...,120250462200090690,120250462199560690,1492596215967389,ACTIVE,ACTIVE,LINK_CLICKS,2026-08-15T09:52:50-0300,"R$41,74 BRL",4366,3624,1.204746,"R$9,56 BRL",116,"2,66%",2.221713,97,"R$0,43 BRL",2,profile_visit_view,98,"R$0,43 BRL (Instagram profile visits)",,,228,431,69,,
23859406734530689,AD - LOCALIZAÇÃO,23859406731670689,23859406726360689,23859433222920689,ACTIVE,CAMPAIGN_PAUSED,OUTCOME_ENGAGEMENT,2023-09-27T16:54:55-0300,"R$41,61 BRL",4132,1772,2.331828,"R$10,07 BRL",87,"2,11%",0.314618,13,"R$3,20 BRL",1,actions:onsite_conversion.messaging_conversation_started_7d,3,"R$13,87 BRL (Messaging conversations started)",,,222,319,59,,
120216291196740690,AD 04,120215485413290690,120215485413360690,1791067338400416,ACTIVE,ADSET_PAUSED,OUTCOME_SALES,2025-02-21T14:29:32-0300,"R$41,26 BRL",4685,2164,2.164972,"R$8,81 BRL",35,"0,75%",0.341515,16,"R$2,58 BRL",10,,,Not available (Website purchases),,,,1,,actions:offsite_conversion.fb_pixel_purchase,Not available
120214475387130690,AD 04,120214475387120690,120212792744250690,2086578858452252,PAUSED,PAUSED,OUTCOME_ENGAGEMENT,2025-01-02T13:19:24-0300,"R$41,07 BRL",6660,4391,1.516739,"R$6,17 BRL",50,"0,75%",0.315315,21,"R$1,96 BRL",3,actions:onsite_conversion.messaging_conversation_started_7d,6,"R$6,85 BRL (Messaging conversations started)",2,147.307037,,,,,
120217686497900690,AD 02,120217686497960690,120215485413360690,120212788302930690,ACTIVE,CAMPAIGN_PAUSED,OUTCOME_SALES,2025-03-14T17:21:37-0300,"R$40,81 BRL",4809,3630,1.324793,"R$8,49 BRL",61,"1,27%",0.374298,18,"R$2,27 BRL",10,actions:offsite_conversion.fb_pixel_purchase,2,"R$20,41 BRL (Website purchases)",2,468.806665,423,1996,423,,
120212030538210690,AD - GE WEEK,120211840912890690,120211840808940690,120213675116780690,PAUSED,PAUSED,OUTCOME_SALES,2024-09-24T22:06:19-0300,"R$40,53 BRL",5196,3583,1.450181,"R$7,80 BRL",110,"2,12%",0.943033,49,"R$0,83 BRL",39,actions:offsite_conversion.fb_pixel_purchase,5,"R$8,11 BRL (Website purchases)",5,340.400938,,,,,
120225488191050690,AD - GÊ BOX (2),120225488165510690,120225488163370690,1864865320960483,ACTIVE,CAMPAIGN_PAUSED,OUTCOME_SALES,2025-06-07T23:08:26-0300,"R$40,28 BRL",5561,4597,1.209702,"R$7,24 BRL",78,"1,40%",0.665348,37,"R$1,09 BRL",26,actions:offsite_conversion.fb_pixel_purchase,2,"R$20,14 BRL (Website purchases)",2,2.457795,78,239,37,,
120227026444900690,AD - GÊ BOX VÍDEO NOVO,120227026444910690,120227026383680690,1066752408228868,ACTIVE,CAMPAIGN_PAUSED,OUTCOME_SALES,2025-06-27T20:57:27-0300,"R$39,63 BRL",8135,5828,1.395848,"R$4,87 BRL",120,"1,48%",0.503995,41,"R$0,97 BRL",28,actions:offsite_conversion.fb_pixel_purchase,2,"R$19,82 BRL (Website purchases)",2,4.978552,226,696,96,,
120206480095790690,AD - MELHORES,120203967962990690,120203967962960690,120206480140930690,ACTIVE,ADSET_PAUSED,OUTCOME_AWARENESS,2024-03-07T01:29:52-0300,"R$39,48 BRL",17947,15507,1.157348,"R$2,20 BRL",38,"0,21%",0.117011,21,"R$1,88 BRL",,reach,15507,"R$2,55 BRL (Reach)",,,,,,,
120217686651470690,AD 07,120217686651460690,120215485413360690,532297633209154,ACTIVE,ADSET_PAUSED,OUTCOME_SALES,2025-03-14T17:26:29-0300,"R$38,82 BRL",4213,2369,1.778388,"R$9,21 BRL",59,"1,40%",0.688346,29,"R$1,34 BRL",17,actions:offsite_conversion.fb_pixel_purchase,1,"R$38,82 BRL (Website purchases)",1,127.511592,,,,,
120210801228450690,Publicação do Instagram: Essa é a emoção que toda...,120210801228380690,120210801228280690,120210801226580690,ACTIVE,CAMPAIGN_PAUSED,LINK_CLICKS,2024-07-31T17:45:46-0300,"R$37,38 BRL",8857,5971,1.483336,"R$4,22 BRL",27,"0,30%",0.304844,27,"R$1,38 BRL",,profile_visit_view,29,"R$1,29 BRL (Instagram profile visits)",,,255,1271,255,,
120246024577520690,ADI - Gê Salad,120246024577530690,120245515017160690,1296015818738470,ACTIVE,ADSET_PAUSED,OUTCOME_SALES,2026-05-19T09:20:41-0300,"R$36,33 BRL",4405,2648,1.66352,"R$8,25 BRL",36,"0,82%",0.544835,24,"R$1,51 BRL",18,,,Not available (Website purchases),,,,,,actions:offsite_conversion.fb_pixel_purchase,Not available
23859401470500689,AD - 4 BURGERS,23859395383490689,23859395383330689,23859406561550689,PAUSED,PAUSED,OUTCOME_SALES,2023-09-27T15:01:51-0300,"R$36,06 BRL",8462,4891,1.730117,"R$4,26 BRL",118,"1,39%",0.330891,28,"R$1,29 BRL",23,actions:offsite_conversion.fb_pixel_purchase,1,"R$36,06 BRL (Website purchases)",1,,,,,,
120209665910540690,AD - Ge Classic week,120209224436830690,120209223227360690,120209684715320690,PAUSED,PAUSED,OUTCOME_SALES,2024-05-28T20:33:50-0300,"R$35,77 BRL",5263,1813,2.902923,"R$6,80 BRL",100,"1,90%",1.102033,58,"R$0,62 BRL",41,actions:offsite_conversion.fb_pixel_purchase,14,"R$2,56 BRL (Website purchases)",14,1143.499581,,,,,
120233927941940690,AD - Novo 03,120233927906850690,120233532885890690,1477602480214272,ACTIVE,ADSET_PAUSED,OUTCOME_SALES,2025-10-14T14:43:30-0300,"R$35,41 BRL",1679,1236,1.358414,"R$21,09 BRL",17,"1,01%",0.178678,3,"R$11,80 BRL",1,actions:onsite_conversion.messaging_conversation_started_7d,3,"R$11,80 BRL (Messaging conversations started)",,,46,144,30,,
120216291196730690,AD 05 (COM PREÇO),120215485413290690,120215485413360690,1820587968481787,ACTIVE,ADSET_PAUSED,OUTCOME_SALES,2025-02-21T14:29:32-0300,"R$35,37 BRL",3446,1977,1.743045,"R$10,26 BRL",42,"1,22%",0.580383,20,"R$1,77 BRL",12,actions:offsite_conversion.fb_pixel_purchase,2,"R$17,69 BRL (Website purchases)",2,256.711903,,,,,
120228488015330690,AD - Gê Rib Terça,120228486963670690,120228486963620690,627602353703587,ACTIVE,CAMPAIGN_PAUSED,OUTCOME_SALES,2025-07-21T12:03:47-0300,"R$35,15 BRL",5754,4626,1.243839,"R$6,11 BRL",68,"1,18%",0.347584,20,"R$1,76 BRL",17,actions:offsite_conversion.fb_pixel_purchase,1,"R$35,15 BRL (Website purchases)",1,4.093883,,,,,
120228488004930690,AD - Gê Amazônico Quarta,120228486963680690,120228486963620690,1257113019212916,ACTIVE,CAMPAIGN_PAUSED,OUTCOME_SALES,2025-07-21T12:03:47-0300,"R$35,06 BRL",4861,3934,1.235638,"R$7,21 BRL",59,"1,21%",0.370294,18,"R$1,95 BRL",15,,,Not available (Website purchases),,,,,,actions:offsite_conversion.fb_pixel_purchase,Not available
120228487987310690,AD - Gê Onion — Quinta,120228486963690690,120228486963620690,1265854908314544,ACTIVE,CAMPAIGN_PAUSED,OUTCOME_SALES,2025-07-21T12:03:47-0300,"R$34,79 BRL",4602,3880,1.186082,"R$7,56 BRL",43,"0,93%",0.391134,18,"R$1,93 BRL",14,,,Not available (Website purchases),,,,,,actions:offsite_conversion.fb_pixel_purchase,Not available
120207408121630690,AD - GE WEEK,120205274749630690,120205274749610690,120208563748060690,PAUSED,PAUSED,OUTCOME_ENGAGEMENT,2024-03-26T19:06:33-0300,"R$34,64 BRL",4665,3714,1.256058,"R$7,43 BRL",55,"1,18%",0.34298,16,"R$2,17 BRL",,actions:onsite_conversion.messaging_conversation_started_7d,6,"R$5,77 BRL (Messaging conversations started)",,,,,,,
120245245253750690,ADReels - GeRib 11 de nov de 2025,120245245253720690,120245243455420690,1609651573426101,ACTIVE,DISAPPROVED,OUTCOME_AWARENESS,2026-05-08T20:14:15-0300,"R$34,46 BRL",28045,13112,2.13888,"R$1,23 BRL",90,"0,32%",0.04992,14,"R$2,46 BRL",,reach,13112,"R$2,63 BRL (Reach)",,,295,834,109,,
120208291885710690,AD - MELHORES,120208291885670690,120203967962960690,120206480140930690,ACTIVE,ADSET_PAUSED,OUTCOME_AWARENESS,2024-04-17T14:52:34-0300,"R$34,42 BRL",28414,9646,2.945677,"R$1,21 BRL",38,"0,13%",0.091504,26,"R$1,32 BRL",,reach,9646,"R$3,57 BRL (Reach)",,,,,,,
120229248404990690,AD - Gê Week,120229248404980690,120225170496270690,1121453906511034,ACTIVE,ADSET_PAUSED,OUTCOME_AWARENESS,2025-07-29T16:31:03-0300,"R$34,23 BRL",11750,11607,1.01232,"R$2,91 BRL",26,"0,22%",0.178723,21,"R$1,63 BRL",9,reach,11607,"R$2,95 BRL (Reach)",,,,,,,
120204738232460690,AD - GE WEEK,120200283214260690,120200283214200690,120204738265810690,PAUSED,PAUSED,LINK_CLICKS,2024-01-30T18:18:58-0300,"R$33,58 BRL",12367,8036,1.53895,"R$2,72 BRL",102,"0,82%",0.54985,68,"R$0,49 BRL",3,actions:omni_landing_page_view,3,"R$11,19 BRL (Landing page views)",4,2.781418,,,,,
120212792744370690,AD 05,120212792744360690,120212792744250690,120212332081140690,ACTIVE,ADSET_PAUSED,OUTCOME_ENGAGEMENT,2024-10-21T13:25:20-0300,"R$33,44 BRL",4497,3324,1.352888,"R$7,44 BRL",73,"1,62%",0.667111,30,"R$1,11 BRL",6,actions:onsite_conversion.messaging_conversation_started_7d,11,"R$3,04 BRL (Messaging conversations started)",4,630.645933,,,,,
120216285984120690,AD 08,120214475387120690,120212792744250690,858787259694962,ACTIVE,ADSET_PAUSED,OUTCOME_ENGAGEMENT,2025-02-21T14:10:04-0300,"R$33,43 BRL",4473,3050,1.466557,"R$7,47 BRL",35,"0,78%",0.312989,14,"R$2,39 BRL",3,actions:onsite_conversion.messaging_conversation_started_7d,3,"R$11,14 BRL (Messaging conversations started)",,,,,,,
23861403164940689,AD - VEM PRA GE,23861403164900689,23861403164910689,120200079593340690,ACTIVE,CAMPAIGN_PAUSED,OUTCOME_SALES,2023-10-05T00:22:18-0300,"R$33,21 BRL",9298,5871,1.583717,"R$3,57 BRL",125,"1,34%",0.45171,42,"R$0,79 BRL",27,,,Not available (Website purchases),,,,,,actions:offsite_conversion.fb_pixel_purchase,Not available
120224532621770690,AD - GÊ BOX (2),120224532621810690,120224532621730690,9843620785733095,ACTIVE,CAMPAIGN_PAUSED,OUTCOME_SALES,2025-05-23T20:16:14-0300,"R$32,78 BRL",2218,1709,1.297835,"R$14,78 BRL",37,"1,67%",0.721371,16,"R$2,05 BRL",3,actions:onsite_conversion.messaging_conversation_started_7d,7,"R$4,68 BRL (Messaging conversations started)",2,184.560708,66,166,31,,
120210346094000690,AD - GÊ BOX INSTA,120210345926670690,120210345926650690,120210346104740690,PAUSED,PAUSED,OUTCOME_SALES,2024-07-06T12:15:07-0300,"R$32,77 BRL",4919,2243,2.193045,"R$6,66 BRL",30,"0,61%",0.243952,12,"R$2,73 BRL",6,actions:offsite_conversion.fb_pixel_purchase,3,"R$10,92 BRL (Website purchases)",3,183.362832,,,,,
120217686651430690,AD 02,120217686651460690,120215485413360690,120212788302930690,ACTIVE,ADSET_PAUSED,OUTCOME_SALES,2025-03-14T17:26:29-0300,"R$32,74 BRL",2566,1698,1.51119,"R$12,76 BRL",27,"1,05%",0.623539,16,"R$2,05 BRL",7,,,Not available (Website purchases),,,234,837,235,actions:offsite_conversion.fb_pixel_purchase,Not available
120245079083730690,ADV - Gê Box 6 a 8 de Maio,120245078887430690,120245078887450690,908531915581501,ACTIVE,CAMPAIGN_PAUSED,OUTCOME_SALES,2026-05-06T17:04:50-0300,"R$32,61 BRL",3509,2477,1.416633,"R$9,29 BRL",31,"0,88%",0.484469,17,"R$1,92 BRL",12,actions:offsite_conversion.fb_pixel_purchase,2,"R$16,31 BRL (Website purchases)",2,1.732597,39,136,22,,
120224443840920690,AD - GÊ BOX (2),120224443840940690,120224443839790690,1185115123409142,ACTIVE,ADSET_PAUSED,OUTCOME_SALES,2025-05-22T18:34:31-0300,"R$30,62 BRL",3759,3510,1.07094,"R$8,15 BRL",57,"1,52%",0.691673,26,"R$1,18 BRL",24,,,Not available (Website purchases),,,181,510,80,actions:offsite_conversion.fb_pixel_purchase,Not available
120248477794740690,ADI - Ge Amazônico + fritas — 02,120248476524000690,120248476524020690,1680848579800261,ACTIVE,CAMPAIGN_PAUSED,OUTCOME_SALES,2026-06-19T09:56:30-0300,"R$30,26 BRL",4182,3402,1.229277,"R$7,24 BRL",40,"0,96%",0.406504,17,"R$1,78 BRL",7,,,Not available (Website purchases),,,,,,actions:offsite_conversion.fb_pixel_purchase,Not available
120243701135810690,AD - Dia do Amigo | Compre 1,120243701135820690,120225170496270690,979764684490346,ACTIVE,ADSET_PAUSED,OUTCOME_AWARENESS,2026-04-17T23:31:20-0300,"R$29,94 BRL",18633,13663,1.363756,"R$1,61 BRL",51,"0,27%",0.182472,34,"R$0,88 BRL",,estimated_ad_recallers,90,"R$0,33 BRL (Ad recall lift)",,,,,,,
120224189222130690,POST - 16/05/25,120212327930300690,120212327930110690,690309493722238,ACTIVE,CAMPAIGN_PAUSED,OUTCOME_ENGAGEMENT,2025-05-19T11:06:04-0300,"R$29,90 BRL",13662,12638,1.081025,"R$2,19 BRL",30,"0,22%",0.058557,8,"R$3,74 BRL",,actions:post_engagement,4716,"R$0,01 BRL (Post engagements)",,,4003,9366,3963,,
120217511906230690,HPPY HOUR (SEXTA-FEIRA),120217511247270690,120212792744250690,1320832162469040,ACTIVE,ADSET_PAUSED,OUTCOME_ENGAGEMENT,2025-03-10T13:47:20-0300,"R$29,56 BRL",3027,2231,1.356791,"R$9,77 BRL",28,"0,93%",0.429468,13,"R$2,27 BRL",,actions:onsite_conversion.messaging_conversation_started_7d,5,"R$5,91 BRL (Messaging conversations started)",,,,,,,
120217907551990690,AD 02,120217906270330690,120217906270310690,681534417556163,ACTIVE,CAMPAIGN_PAUSED,OUTCOME_SALES,2025-03-21T15:00:14-0300,"R$29,24 BRL",3153,2027,1.555501,"R$9,27 BRL",38,"1,21%",0.539169,17,"R$1,72 BRL",7,,,Not available (Website purchases),,,72,287,72,actions:offsite_conversion.fb_pixel_purchase,Not available
120209224081660690,AD - Ge Onion e Ge Rib,120209224081690690,120209223227360690,120209224639220690,PAUSED,PAUSED,OUTCOME_SALES,2024-05-15T14:29:39-0300,"R$28,89 BRL",5585,3423,1.63161,"R$5,17 BRL",65,"1,16%",0.447628,25,"R$1,16 BRL",15,actions:offsite_conversion.fb_pixel_purchase,1,"R$28,89 BRL (Website purchases)",1,1.523018,,,,,
120239295316360690,AD - Novo 17.01.26,120237983806680690,120237983806670690,2671759093171589,ACTIVE,CAMPAIGN_PAUSED,OUTCOME_SALES,2026-01-17T18:42:39-0300,"R$27,61 BRL",4992,3309,1.508613,"R$5,53 BRL",45,"0,90%",0.560897,28,"R$0,99 BRL",18,,,Not available (Website purchases),,,165,200,21,actions:offsite_conversion.fb_pixel_purchase,Not available
23856757632240689,AD-01,23856757631980689,23856757631680689,23856757836200689,ACTIVE,CAMPAIGN_PAUSED,OUTCOME_ENGAGEMENT,2023-07-27T21:22:11-0300,"R$27,18 BRL",3462,2792,1.239971,"R$7,85 BRL",37,"1,07%",0.34662,12,"R$2,27 BRL",,actions:onsite_conversion.messaging_conversation_started_7d,5,"R$5,44 BRL (Messaging conversations started)",,,,,,,
120235753630180690,AD - G10-2,120235750598560690,120235750598550690,720247157782114,ACTIVE,CAMPAIGN_PAUSED,OUTCOME_SALES,2025-11-11T16:36:12-0300,"R$26,87 BRL",3454,2663,1.297033,"R$7,78 BRL",27,"0,78%",0.347423,12,"R$2,24 BRL",11,actions:offsite_conversion.fb_pixel_purchase,2,"R$13,44 BRL (Website purchases)",2,4.428731,1,1,,,
120217907552010690,AD 04,120217906270330690,120217906270310690,594713096875864,ACTIVE,CAMPAIGN_PAUSED,OUTCOME_SALES,2025-03-21T15:00:14-0300,"R$26,78 BRL",2788,1608,1.733831,"R$9,61 BRL",29,"1,04%",0.609756,17,"R$1,58 BRL",5,actions:offsite_conversion.fb_pixel_purchase,2,"R$13,39 BRL (Website purchases)",2,5.003734,64,295,38,,
23856442654650689,Vendas - CLIENTEVIP,23856442654540689,23856442654380689,23856443161090689,ACTIVE,CAMPAIGN_PAUSED,OUTCOME_SALES,2023-07-15T18:21:21-0300,"R$26,23 BRL",1901,186,10.22043,"R$13,80 BRL",14,"0,74%",0.420831,8,"R$3,28 BRL",1,actions:offsite_conversion.fb_pixel_purchase,2,"R$13,12 BRL (Website purchases)",2,,,,,,
